1000110011001100110011001100,   113.137,  -113.137,  -160.000,    -0.000,  -160.000,  -160.000,  -113.137,  -113.137,  -160.000,  -113.137,   113.137,  -160.000,    -0.000,   160.000,  -160.000,   113.137,   113.137,  -160.000,   113.137,  -113.137,  -160.000,    -0.000,  -160.000,  -160.000,  -113.137,  -113.137,  -160.000,  -113.137,   113.137,  -160.000,    -0.000,   160.000,  -160.000,   113.137,   113.137,  -160.000,   -20.733,   -28.807,   160.000,     1.000,     0.000,     0.000,     0.000,kLegHierarchyChange,-1,0
1000110011001100110011001100,   113.137,  -113.137,  -160.000,    -0.000,  -160.000,  -160.000,  -113.137,  -113.137,  -160.000,  -113.137,   113.137,  -160.000,    -0.000,   160.000,  -160.000,   113.137,   113.137,  -160.000,   113.137,  -113.137,  -160.000,    -0.000,  -160.000,  -160.000,  -113.137,  -113.137,  -160.000,  -113.137,   113.137,  -160.000,    -0.000,   160.000,  -160.000,   113.137,   113.137,  -160.000,   -20.733,   -28.807,   160.000,     1.000,     0.000,     0.000,     0.000,kLegUpDown,0,1
1000010011001100010011001100,   113.137,  -113.137,  -160.000,    -0.000,  -160.000,  -160.000,  -113.137,  -113.137,   -20.000,  -113.137,   113.137,  -160.000,    -0.000,   160.000,  -160.000,   113.137,   113.137,   -20.000,   113.137,  -113.137,  -160.000,    -0.000,  -160.000,  -160.000,  -113.137,  -113.137,  -160.000,  -113.137,   113.137,  -160.000,    -0.000,   160.000,  -160.000,   113.137,   113.137,  -160.000,   -20.733,   -28.807,   160.000,     1.000,     0.000,     0.000,     0.000,kComUpDown,0,1
1000010011001100010011001100,   113.137,  -113.137,   -73.333,    -0.000,  -160.000,   -73.333,  -113.137,  -113.137,   -20.000,  -113.137,   113.137,   -73.333,    -0.000,   160.000,   -73.333,   113.137,   113.137,   -20.000,   113.137,  -113.137,   -73.333,    -0.000,  -160.000,   -73.333,  -113.137,  -113.137,   -73.333,  -113.137,   113.137,   -73.333,    -0.000,   160.000,   -73.333,   113.137,   113.137,   -73.333,   -20.733,   -28.807,    73.333,     1.000,     0.000,     0.000,     0.000,kComMove,0,1
0001010011001100010011001100,    14.049,  -143.132,   -73.333,   -99.088,  -189.995,   -73.333,  -113.137,  -113.137,   -20.000,  -212.225,    83.142,   -73.333,   -99.088,   130.005,   -73.333,   113.137,   113.137,   -20.000,    14.049,  -143.132,   -73.333,   -99.088,  -189.995,   -73.333,  -113.137,  -113.137,   -73.333,  -212.225,    83.142,   -73.333,   -99.088,   130.005,   -73.333,   113.137,   113.137,   -73.333,    78.354,     1.187,    73.333,     1.000,     0.000,     0.000,     0.000,kLegHierarchyChange,0,1
0001011111001100011111001100,    14.049,  -143.132,   -73.333,   -99.088,  -189.995,   -73.333,  -113.137,  -113.137,   -20.000,  -212.225,    83.142,   -73.333,   -99.088,   130.005,   -73.333,   113.137,   113.137,   -20.000,    14.049,  -143.132,   -73.333,   -99.088,  -189.995,   -73.333,  -113.137,  -113.137,   -73.333,  -212.225,    83.142,   -73.333,   -99.088,   130.005,   -73.333,   113.137,   113.137,   -73.333,    78.354,     1.187,    73.333,     1.000,     0.000,     0.000,     0.000,kLegUpDown,0,1
0001111101001100011111000100,    14.049,  -143.132,   -20.000,   -99.088,  -189.995,   -73.333,  -113.137,  -113.137,   -20.000,  -212.225,    83.142,   -73.333,   -99.088,   130.005,   -20.000,   199.646,    17.813,   -74.449,   113.137,  -113.137,   -73.333,   -99.088,  -189.995,   -73.333,  -113.137,  -113.137,   -73.333,  -212.225,    83.142,   -73.333,    -0.000,   160.000,   -73.333,   199.646,    17.813,   -74.449,    78.354,     1.187,    73.333,     1.000,     0.000,     0.000,     0.000,kComUpDown,0,1
0001111101001100011111000100,    14.049,  -143.132,   -20.000,   -99.088,  -189.995,   -67.599,  -113.137,  -113.137,   -20.000,  -212.225,    83.142,   -67.599,   -99.088,   130.005,   -20.000,   199.646,    17.813,   -68.715,   113.137,  -113.137,   -67.599,   -99.088,  -189.995,   -67.599,  -113.137,  -113.137,   -67.599,  -212.225,    83.142,   -67.599,    -0.000,   160.000,   -67.599,   199.646,    17.813,   -68.715,    78.354,     1.187,    67.599,     1.000,     0.000,     0.000,     0.000,kComMove,0,1
0110110001001100010011000100,    14.049,  -143.132,   -20.000,  -104.538,  -189.668,   -67.599,  -113.137,  -113.137,   -20.000,  -217.675,    83.469,   -67.599,   -99.088,   130.005,   -20.000,   194.195,    18.139,   -68.715,   113.137,  -113.137,   -67.599,  -104.538,  -189.668,   -67.599,  -113.137,  -113.137,   -67.599,  -217.675,    83.469,   -67.599,    -0.000,   160.000,   -67.599,   194.195,    18.139,   -68.715,    83.805,     0.861,    67.599,     1.000,     0.000,     0.000,     0.000,kLegHierarchyChange,0,1
0110110001001100000111000100,    14.049,  -143.132,   -20.000,  -104.538,  -189.668,   -67.599,  -113.137,  -113.137,   -20.000,  -217.675,    83.469,   -67.599,   -99.088,   130.005,   -20.000,   194.195,    18.139,   -68.715,   113.137,  -113.137,   -67.599,  -104.538,  -189.668,   -67.599,  -113.137,  -113.137,   -67.599,  -217.675,    83.469,   -67.599,    -0.000,   160.000,   -67.599,   194.195,    18.139,   -68.715,    83.805,     0.861,    67.599,     1.000,     0.000,     0.000,     0.000,kLegUpDown,0,1
0110010011000100100101001100,   114.195,  -119.861,   -68.715,  -104.538,  -189.668,   -20.000,  -141.805,   -19.861,   -68.715,  -217.675,    83.469,   -20.000,    -3.805,   155.739,   -68.715,   194.195,    18.139,   -20.000,   114.195,  -119.861,   -68.715,    -0.000,  -160.000,   -67.599,  -141.805,   -19.861,   -68.715,  -113.137,   113.137,   -67.599,    -3.805,   155.739,   -68.715,   113.137,   113.137,   -68.715,    83.805,     0.861,    67.599,     1.000,     0.000,     0.000,     0.000,kComUpDown,0,1
0110010011000100100101001100,   114.195,  -119.861,   -31.116,  -104.538,  -189.668,   -20.000,  -141.805,   -19.861,   -31.116,  -217.675,    83.469,   -20.000,    -3.805,   155.739,   -31.116,   194.195,    18.139,   -20.000,   114.195,  -119.861,   -31.116,    -0.000,  -160.000,   -30.000,  -141.805,   -19.861,   -31.116,  -113.137,   113.137,   -30.000,    -3.805,   155.739,   -31.116,   113.137,   113.137,   -31.116,    83.805,     0.861,    30.000,     1.000,     0.000,     0.000,     0.000,kComMove,0,1
0110010011000100110001001100,    26.314,  -166.192,   -31.116,  -104.538,  -189.668,   -20.000,  -229.686,   -66.192,   -31.116,  -217.675,    83.469,   -20.000,   -91.686,   109.408,   -31.116,   194.195,    18.139,   -20.000,    26.314,  -166.192,   -31.116,    -0.000,  -160.000,   -30.000,  -229.686,   -66.192,   -31.116,  -113.137,   113.137,   -30.000,   -91.686,   109.408,   -31.116,   113.137,   113.137,   -31.116,   171.686,    47.192,    30.000,     1.000,     0.000,     0.000,     0.000,kLegHierarchyChange,0,1
0110010011000101110001111100,    26.314,  -166.192,   -31.116,  -104.538,  -189.668,   -20.000,  -229.686,   -66.192,   -31.116,  -217.675,    83.469,   -20.000,   -91.686,   109.408,   -31.116,   194.195,    18.139,   -20.000,    26.314,  -166.192,   -31.116,    -0.000,  -160.000,   -30.000,  -229.686,   -66.192,   -31.116,  -113.137,   113.137,   -30.000,   -91.686,   109.408,   -31.116,   113.137,   113.137,   -31.116,   171.686,    47.192,    30.000,     1.000,     0.000,     0.000,     0.000,kLegUpDown,0,1
0110110001001101010011110100,    26.314,  -166.192,   -20.000,   108.314,  -163.792,   -31.116,  -229.686,   -66.192,   -20.000,   -29.686,   151.808,   -31.116,   -91.686,   109.408,   -20.000,   106.314,   111.808,   -31.116,   113.137,  -113.137,   -31.116,   108.314,  -163.792,   -31.116,  -113.137,  -113.137,   -31.116,   -29.686,   151.808,   -31.116,    -0.000,   160.000,   -31.116,   106.314,   111.808,   -31.116,   171.686,    47.192,    30.000,     1.000,     0.000,     0.000,     0.000,kComUpDown,0,1
0110110001001101010011110100,    26.314,  -166.192,   -20.000,   108.314,  -163.792,   -31.116,  -229.686,   -66.192,   -20.000,   -29.686,   151.808,   -31.116,   -91.686,   109.408,   -20.000,   106.314,   111.808,   -31.116,   113.137,  -113.137,   -31.116,   108.314,  -163.792,   -31.116,  -113.137,  -113.137,   -31.116,   -29.686,   151.808,   -31.116,    -0.000,   160.000,   -31.116,   106.314,   111.808,   -31.116,   171.686,    47.192,    30.000,     1.000,     0.000,     0.000,     0.000,kComMove,0,1
0001110001001100010011000100,    26.314,  -166.192,   -20.000,    84.504,  -141.538,   -31.116,  -229.686,   -66.192,   -20.000,   -53.496,   174.062,   -31.116,   -91.686,   109.408,   -20.000,    82.504,   134.062,   -31.116,   113.137,  -113.137,   -31.116,    84.504,  -141.538,   -31.116,  -113.137,  -113.137,   -31.116,   -53.496,   174.062,   -31.116,    -0.000,   160.000,   -31.116,    82.504,   134.062,   -31.116,   195.496,    24.937,    30.000,     1.000,     0.000,     0.000,     0.000,kLegHierarchyChange,0,1
0001110001001100010111000111,    26.314,  -166.192,   -20.000,    84.504,  -141.538,   -31.116,  -229.686,   -66.192,   -20.000,   -53.496,   174.062,   -31.116,   -91.686,   109.408,   -20.000,    82.504,   134.062,   -31.116,   113.137,  -113.137,   -31.116,    84.504,  -141.538,   -31.116,  -113.137,  -113.137,   -31.116,   -53.496,   174.062,   -31.116,    -0.000,   160.000,   -31.116,    82.504,   134.062,   -31.116,   195.496,    24.937,    30.000,     1.000,     0.000,     0.000,     0.000,kLegUpDown,0,1
0001010011000100110101001111,   122.504,  -103.937,  -161.116,    84.504,  -141.538,   -20.000,   -13.496,  -143.937,   -31.116,   -53.496,   174.062,   -20.000,     4.504,   151.663,   -31.116,    82.504,   134.062,   -20.000,   122.504,  -103.937,  -161.116,    -0.000,  -160.000,   -31.116,   -13.496,  -143.937,   -31.116,  -113.137,   113.137,   -31.116,     4.504,   151.663,   -31.116,   113.137,   113.137,   -31.116,   195.496,    24.937,    30.000,     1.000,     0.000,     0.000,     0.000,kComUpDown,0,1
0001010011000100110101001111,   122.504,  -103.937,  -161.116,    84.504,  -141.538,   -20.000,   -13.496,  -143.937,   -31.116,   -53.496,   174.062,   -20.000,     4.504,   151.663,   -31.116,    82.504,   134.062,   -20.000,   122.504,  -103.937,  -161.116,    -0.000,  -160.000,   -31.116,   -13.496,  -143.937,   -31.116,  -113.137,   113.137,   -31.116,     4.504,   151.663,   -31.116,   113.137,   113.137,   -31.116,   195.496,    24.937,    30.000,     1.000,     0.000,     0.000,     0.000,kComMove,0,1
0001010011000100110001001100,    30.142,  -140.732,  -161.116,    84.504,  -141.538,   -20.000,  -105.858,  -180.732,   -31.116,   -53.496,   174.062,   -20.000,   -87.858,   114.868,   -31.116,    82.504,   134.062,   -20.000,    30.142,  -140.732,  -161.116,    -0.000,  -160.000,   -31.116,  -105.858,  -180.732,   -31.116,  -113.137,   113.137,   -31.116,   -87.858,   114.868,   -31.116,   113.137,   113.137,   -31.116,   287.858,    61.732,    30.000,     1.000,     0.000,     0.000,     0.000,kLegHierarchyChange,0,1
0001011111000100110001001100,    30.142,  -140.732,  -161.116,    84.504,  -141.538,   -20.000,  -105.858,  -180.732,   -31.116,   -53.496,   174.062,   -20.000,   -87.858,   114.868,   -31.116,    82.504,   134.062,   -20.000,    30.142,  -140.732,  -161.116,    -0.000,  -160.000,   -31.116,  -105.858,  -180.732,   -31.116,  -113.137,   113.137,   -31.116,   -87.858,   114.868,   -31.116,   113.137,   113.137,   -31.116,   287.858,    61.732,    30.000,     1.000,     0.000,     0.000,     0.000,kLegUpDown,0,1
0001111101001100010011000100,    30.142,  -140.732,   -20.000,    -7.858,  -158.332,   -31.116,  -105.858,  -180.732,   -20.000,  -105.858,   117.268,   -31.116,   -87.858,   114.868,   -20.000,   150.142,    57.268,  -161.116,   113.137,  -113.137,  -161.116,    -7.858,  -158.332,   -31.116,  -113.137,  -113.137,   -31.116,  -105.858,   117.268,   -31.116,    -0.000,   160.000,   -31.116,   150.142,    57.268,  -161.116,   287.858,    61.732,    30.000,     1.000,     0.000,     0.000,     0.000,kComUpDown,0,1
0001111101001100010011000100,    30.142,  -140.732,   -20.000,    -7.858,  -158.332,   -31.116,  -105.858,  -180.732,   -20.000,  -105.858,   117.268,   -31.116,   -87.858,   114.868,   -20.000,   150.142,    57.268,  -161.116,   113.137,  -113.137,  -161.116,    -7.858,  -158.332,   -31.116,  -113.137,  -113.137,   -31.116,  -105.858,   117.268,   -31.116,    -0.000,   160.000,   -31.116,   150.142,    57.268,  -161.116,   287.858,    61.732,    30.000,     1.000,     0.000,     0.000,     0.000,kComMove,0,1
0110110001001100010011000100,    30.142,  -140.732,   -20.000,   -38.272,  -137.659,   -31.116,  -105.858,  -180.732,   -20.000,  -136.272,   137.941,   -31.116,   -87.858,   114.868,   -20.000,   119.728,    77.941,  -161.116,   113.137,  -113.137,  -161.116,   -38.272,  -137.659,   -31.116,  -113.137,  -113.137,   -31.116,  -136.272,   137.941,   -31.116,    -0.000,   160.000,   -31.116,   119.728,    77.941,  -161.116,   318.272,    41.059,    30.000,     1.000,     0.000,     0.000,     0.000,kLegHierarchyChange,0,1
0110110001001100000111000111,    30.142,  -140.732,   -20.000,   -38.272,  -137.659,   -31.116,  -105.858,  -180.732,   -20.000,  -136.272,   137.941,   -31.116,   -87.858,   114.868,   -20.000,   119.728,    77.941,  -161.116,   113.137,  -113.137,  -161.116,   -38.272,  -137.659,   -31.116,  -113.137,  -113.137,   -31.116,  -136.272,   137.941,   -31.116,    -0.000,   160.000,   -31.116,   119.728,    77.941,  -161.116,   318.272,    41.059,    30.000,     1.000,     0.000,     0.000,     0.000,kLegUpDown,0,1
0110010011000100100101001111,   159.728,   -20.059,  -161.116,   -38.272,  -137.659,   -20.000,  -156.272,   -20.059,   -31.116,  -136.272,   137.941,   -20.000,     1.728,   155.541,   -31.116,   119.728,    77.941,   -20.000,   159.728,   -20.059,  -161.116,    -0.000,  -160.000,   -31.116,  -156.272,   -20.059,   -31.116,  -113.137,   113.137,   -31.116,     1.728,   155.541,   -31.116,   113.137,   113.137,  -161.116,   318.272,    41.059,    30.000,     1.000,     0.000,     0.000,     0.000,kComUpDown,0,1
0110010011000100100101001111,   159.728,   -20.059,  -161.116,   -38.272,  -137.659,   -20.000,  -156.272,   -20.059,   -31.116,  -136.272,   137.941,   -20.000,     1.728,   155.541,   -31.116,   119.728,    77.941,   -20.000,   159.728,   -20.059,  -161.116,    -0.000,  -160.000,   -31.116,  -156.272,   -20.059,   -31.116,  -113.137,   113.137,   -31.116,     1.728,   155.541,   -31.116,   113.137,   113.137,  -161.116,   318.272,    41.059,    30.000,     1.000,     0.000,     0.000,     0.000,kComMove,0,1
0010010011000100110001001100,   136.910,   -30.328,  -161.116,   -38.272,  -137.659,   -20.000,  -179.090,   -30.328,   -31.116,  -136.272,   137.941,   -20.000,   -21.090,   145.272,   -31.116,   119.728,    77.941,   -20.000,   136.910,   -30.328,  -161.116,    -0.000,  -160.000,   -31.116,  -179.090,   -30.328,   -31.116,  -113.137,   113.137,   -31.116,   -21.090,   145.272,   -31.116,   113.137,   113.137,  -161.116,   341.090,    51.328,    30.000,     1.000,     0.000,     0.000,     0.000,kLegHierarchyChange,0,1
0010010011000001110001001100,   136.910,   -30.328,  -161.116,   -38.272,  -137.659,   -20.000,  -179.090,   -30.328,   -31.116,  -136.272,   137.941,   -20.000,   -21.090,   145.272,   -31.116,   119.728,    77.941,   -20.000,   136.910,   -30.328,  -161.116,    -0.000,  -160.000,   -31.116,  -179.090,   -30.328,   -31.116,  -113.137,   113.137,   -31.116,   -21.090,   145.272,   -31.116,   113.137,   113.137,  -161.116,   341.090,    51.328,    30.000,     1.000,     0.000,     0.000,     0.000,kLegUpDown,0,1
0010110001001001010011000100,   136.910,   -30.328,   -20.000,    -1.090,  -167.928,   -31.116,  -179.090,   -30.328,   -20.000,  -139.090,    27.672,   -31.116,   -21.090,   145.272,   -20.000,   116.910,   107.672,  -161.116,   113.137,  -113.137,  -161.116,    -1.090,  -167.928,   -31.116,  -113.137,  -113.137,   -31.116,  -139.090,    27.672,   -31.116,    -0.000,   160.000,   -31.116,   116.910,   107.672,  -161.116,   341.090,    51.328,    30.000,     1.000,     0.000,     0.000,     0.000,kComUpDown,0,1
0010110001001001010011000100,   136.910,   -30.328,   -20.000,    -1.090,  -167.928,   -31.116,  -179.090,   -30.328,   -20.000,  -139.090,    27.672,   -31.116,   -21.090,   145.272,   -20.000,   116.910,   107.672,  -161.116,   113.137,  -113.137,  -161.116,    -1.090,  -167.928,   -31.116,  -113.137,  -113.137,   -31.116,  -139.090,    27.672,   -31.116,    -0.000,   160.000,   -31.116,   116.910,   107.672,  -161.116,   341.090,    51.328,    30.000,     1.000,     0.000,     0.000,     0.000,kComMove,0,1
0010110001001100010011000100,   136.910,   -30.328,   -20.000,   -83.560,  -123.422,   -31.116,  -179.090,   -30.328,   -20.000,  -221.560,    72.178,   -31.116,   -21.090,   145.272,   -20.000,    34.440,   152.178,  -161.116,   113.137,  -113.137,  -161.116,   -83.560,  -123.422,   -31.116,  -113.137,  -113.137,   -31.116,  -221.560,    72.178,   -31.116,    -0.000,   160.000,   -31.116,    34.440,   152.178,  -161.116,   423.560,     6.822,    30.000,     1.000,     0.000,     0.000,     0.000,kLegHierarchyChange,0,1
0010110001111100000111000100,   136.910,   -30.328,   -20.000,   -83.560,  -123.422,   -31.116,  -179.090,   -30.328,   -20.000,  -221.560,    72.178,   -31.116,   -21.090,   145.272,   -20.000,    34.440,   152.178,  -161.116,   113.137,  -113.137,  -161.116,   -83.560,  -123.422,   -31.116,  -113.137,  -113.137,   -31.116,  -221.560,    72.178,   -31.116,    -0.000,   160.000,   -31.116,    34.440,   152.178,  -161.116,   423.560,     6.822,    30.000,     1.000,     0.000,     0.000,     0.000,kLegUpDown,0,1
0010010011110100100101001100,   114.440,  -105.822,  -161.116,   -83.560,  -123.422,   -20.000,  -141.560,   -25.822,   -31.116,  -221.560,    72.178,   -20.000,    56.440,   149.778,  -161.116,    34.440,   152.178,   -20.000,   114.440,  -105.822,  -161.116,    -0.000,  -160.000,   -31.116,  -141.560,   -25.822,   -31.116,  -113.137,   113.137,   -31.116,    56.440,   149.778,  -161.116,   113.137,   113.137,  -161.116,   423.560,     6.822,    30.000,     1.000,     0.000,     0.000,     0.000,kComUpDown,0,1
0010010011110100100101001100,   114.440,  -105.822,  -161.116,   -83.560,  -123.422,   -20.000,  -141.560,   -25.822,   -31.116,  -221.560,    72.178,   -20.000,    56.440,   149.778,  -161.116,    34.440,   152.178,   -20.000,   114.440,  -105.822,  -161.116,    -0.000,  -160.000,   -31.116,  -141.560,   -25.822,   -31.116,  -113.137,   113.137,   -31.116,    56.440,   149.778,  -161.116,   113.137,   113.137,  -161.116,   423.560,     6.822,    30.000,     1.000,     0.000,     0.000,     0.000,kComMove,0,1
0001010011000100110001001100,    99.913,  -120.531,  -161.116,   -83.560,  -123.422,   -20.000,  -156.087,   -40.531,   -31.116,  -221.560,    72.178,   -20.000,    41.913,   135.069,  -161.116,    34.440,   152.178,   -20.000,    99.913,  -120.531,  -161.116,    -0.000,  -160.000,   -31.116,  -156.087,   -40.531,   -31.116,  -113.137,   113.137,   -31.116,    41.913,   135.069,  -161.116,   113.137,   113.137,  -161.116,   438.087,    21.531,    30.000,     1.000,     0.000,     0.000,     0.000,kLegHierarchyChange,0,1
0001011111000101110000111100,    99.913,  -120.531,  -161.116,   -83.560,  -123.422,   -20.000,  -156.087,   -40.531,   -31.116,  -221.560,    72.178,   -20.000,    41.913,   135.069,  -161.116,    34.440,   152.178,   -20.000,    99.913,  -120.531,  -161.116,    -0.000,  -160.000,   -31.116,  -156.087,   -40.531,   -31.116,  -113.137,   113.137,   -31.116,    41.913,   135.069,  -161.116,   113.137,   113.137,  -161.116,   438.087,    21.531,    30.000,     1.000,     0.000,     0.000,     0.000,kLegUpDown,0,1
0001111101001101010010111100,    99.913,  -120.531,  -161.116,  -138.087,  -178.131,   -31.116,  -156.087,   -40.531,   -20.000,   -16.087,   157.469,   -31.116,    41.913,   135.069,   -20.000,   159.913,    17.469,  -161.116,    99.913,  -120.531,  -161.116,  -138.087,  -178.131,   -31.116,  -113.137,  -113.137,   -31.116,   -16.087,   157.469,   -31.116,    -0.000,   160.000,  -161.116,   159.913,    17.469,  -161.116,   438.087,    21.531,    30.000,     1.000,     0.000,     0.000,     0.000,kComUpDown,0,1
0001111101001101010010111100,    99.913,  -120.531,  -161.116,  -138.087,  -178.131,   -31.116,  -156.087,   -40.531,   -20.000,   -16.087,   157.469,   -31.116,    41.913,   135.069,   -20.000,   159.913,    17.469,  -161.116,    99.913,  -120.531,  -161.116,  -138.087,  -178.131,   -31.116,  -113.137,  -113.137,   -31.116,   -16.087,   157.469,   -31.116,    -0.000,   160.000,  -161.116,   159.913,    17.469,  -161.116,   438.087,    21.531,    30.000,     1.000,     0.000,     0.000,     0.000,kComMove,0,1
0111110001001100010011001100,    87.766,  -124.551,  -161.116,  -150.234,  -182.151,   -31.116,  -156.087,   -40.531,   -20.000,   -28.234,   153.449,   -31.116,    41.913,   135.069,   -20.000,   147.766,    13.449,  -161.116,    87.766,  -124.551,  -161.116,  -150.234,  -182.151,   -31.116,  -113.137,  -113.137,   -31.116,   -28.234,   153.449,   -31.116,    -0.000,   160.000,  -161.116,   147.766,    13.449,  -161.116,   450.234,    25.551,    30.000,     1.000,     0.000,     0.000,     0.000,kLegHierarchyChange,0,1
0111110000111100010111001100,    87.766,  -124.551,  -161.116,  -150.234,  -182.151,   -31.116,  -156.087,   -40.531,   -20.000,   -28.234,   153.449,   -31.116,    41.913,   135.069,   -20.000,   147.766,    13.449,  -161.116,    87.766,  -124.551,  -161.116,  -150.234,  -182.151,   -31.116,  -113.137,  -113.137,   -31.116,   -28.234,   153.449,   -31.116,    -0.000,   160.000,  -161.116,   147.766,    13.449,  -161.116,   450.234,    25.551,    30.000,     1.000,     0.000,     0.000,     0.000,kLegUpDown,0,1
0111010010110100110101001100,    87.766,  -124.551,  -161.116,  -150.234,  -182.151,   -20.000,   -28.234,  -144.551,   -31.116,   -28.234,   153.449,   -20.000,  -130.234,   171.049,   -31.116,   147.766,    13.449,   -20.000,    87.766,  -124.551,  -161.116,    -0.000,  -160.000,   -31.116,   -28.234,  -144.551,   -31.116,  -113.137,   113.137,   -31.116,  -130.234,   171.049,   -31.116,   113.137,   113.137,  -161.116,   450.234,    25.551,    30.000,     1.000,     0.000,     0.000,     0.000,kComUpDown,0,1
0111010010110100110101001100,    87.766,  -124.551,  -161.116,  -150.234,  -182.151,   -20.000,   -28.234,  -144.551,   -31.116,   -28.234,   153.449,   -20.000,  -130.234,   171.049,   -31.116,   147.766,    13.449,   -20.000,    87.766,  -124.551,  -161.116,    -0.000,  -160.000,   -31.116,   -28.234,  -144.551,   -31.116,  -113.137,   113.137,   -31.116,  -130.234,   171.049,   -31.116,   113.137,   113.137,  -161.116,   450.234,    25.551,    30.000,     1.000,     0.000,     0.000,     0.000,kComMove,0,1
0111010011000100110001001100,    71.747,  -120.434,  -161.116,  -150.234,  -182.151,   -20.000,   -44.253,  -140.434,   -31.116,   -28.234,   153.449,   -20.000,  -146.253,   175.166,   -31.116,   147.766,    13.449,   -20.000,    71.747,  -120.434,  -161.116,    -0.000,  -160.000,   -31.116,   -44.253,  -140.434,   -31.116,  -113.137,   113.137,   -31.116,  -146.253,   175.166,   -31.116,   113.137,   113.137,  -161.116,   466.253,    21.434,    30.000,     1.000,     0.000,     0.000,     0.000,kLegHierarchyChange,0,1
0111001111000100110001111100,    71.747,  -120.434,  -161.116,  -150.234,  -182.151,   -20.000,   -44.253,  -140.434,   -31.116,   -28.234,   153.449,   -20.000,  -146.253,   175.166,   -31.116,   147.766,    13.449,   -20.000,    71.747,  -120.434,  -161.116,    -0.000,  -160.000,   -31.116,   -44.253,  -140.434,   -31.116,  -113.137,   113.137,   -31.116,  -146.253,   175.166,   -31.116,   113.137,   113.137,  -161.116,   466.253,    21.434,    30.000,     1.000,     0.000,     0.000,     0.000,kLegUpDown,0,1
0111101101001100110001111100,    71.747,  -120.434,  -161.116,  -150.234,  -182.151,   -20.000,   -44.253,  -140.434,   -31.116,  -104.253,   117.566,   -31.116,  -146.253,   175.166,   -20.000,    31.747,   157.566,  -161.116,    71.747,  -120.434,  -161.116,    -0.000,  -160.000,   -31.116,   -44.253,  -140.434,   -31.116,  -104.253,   117.566,   -31.116,    -0.000,   160.000,   -31.116,    31.747,   157.566,  -161.116,   466.253,    21.434,    30.000,     1.000,     0.000,     0.000,     0.000,kComUpDown,0,1
0111101101001100110001111100,    71.747,  -120.434,  -161.116,  -150.234,  -182.151,   -20.000,   -44.253,  -140.434,   -31.116,  -104.253,   117.566,   -31.116,  -146.253,   175.166,   -20.000,    31.747,   157.566,  -161.116,    71.747,  -120.434,  -161.116,    -0.000,  -160.000,   -31.116,   -44.253,  -140.434,   -31.116,  -104.253,   117.566,   -31.116,    -0.000,   160.000,   -31.116,    31.747,   157.566,  -161.116,   466.253,    21.434,    30.000,     1.000,     0.000,     0.000,     0.000,kComMove,0,1
0001110001001100110001001100,    54.340,  -133.291,  -161.116,  -150.234,  -182.151,   -20.000,   -61.660,  -153.291,   -31.116,  -121.660,   104.709,   -31.116,  -146.253,   175.166,   -20.000,    14.340,   144.709,  -161.116,    54.340,  -133.291,  -161.116,    -0.000,  -160.000,   -31.116,   -61.660,  -153.291,   -31.116,  -121.660,   104.709,   -31.116,    -0.000,   160.000,   -31.116,    14.340,   144.709,  -161.116,   483.660,    34.291,    30.000,     1.000,     0.000,     0.000,     0.000,kLegHierarchyChange,0,1
0001110000011100110000011100,    54.340,  -133.291,  -161.116,  -150.234,  -182.151,   -20.000,   -61.660,  -153.291,   -31.116,  -121.660,   104.709,   -31.116,  -146.253,   175.166,   -20.000,    14.340,   144.709,  -161.116,    54.340,  -133.291,  -161.116,    -0.000,  -160.000,   -31.116,   -61.660,  -153.291,   -31.116,  -121.660,   104.709,   -31.116,    -0.000,   160.000,   -31.116,    14.340,   144.709,  -161.116,   483.660,    34.291,    30.000,     1.000,     0.000,     0.000,     0.000,kLegUpDown,0,1
0001010010011100010000011100,    54.340,  -133.291,  -161.116,  -150.234,  -182.151,   -20.000,   -61.660,  -153.291,   -20.000,  -121.660,   104.709,   -31.116,   -83.660,   122.309,   -31.116,    14.340,   144.709,   -20.000,    54.340,  -133.291,  -161.116,    -0.000,  -160.000,   -31.116,  -113.137,  -113.137,   -31.116,  -121.660,   104.709,   -31.116,   -83.660,   122.309,   -31.116,   113.137,   113.137,  -161.116,   483.660,    34.291,    30.000,     1.000,     0.000,     0.000,     0.000,kComUpDown,0,1
0001010010011100010000011100,    54.340,  -133.291,  -161.116,  -150.234,  -182.151,   -20.000,   -61.660,  -153.291,   -20.000,  -121.660,   104.709,   -31.116,   -83.660,   122.309,   -31.116,    14.340,   144.709,   -20.000,    54.340,  -133.291,  -161.116,    -0.000,  -160.000,   -31.116,  -113.137,  -113.137,   -31.116,  -121.660,   104.709,   -31.116,   -83.660,   122.309,   -31.116,   113.137,   113.137,  -161.116,   483.660,    34.291,    30.000,     1.000,     0.000,     0.000,     0.000,kComMove,0,1
0001010011001100010001001100,    45.860,  -141.924,  -161.116,  -150.234,  -182.151,   -20.000,   -61.660,  -153.291,   -20.000,  -130.140,    96.076,   -31.116,   -92.140,   113.676,   -31.116,    14.340,   144.709,   -20.000,    45.860,  -141.924,  -161.116,    -0.000,  -160.000,   -31.116,  -113.137,  -113.137,   -31.116,  -130.140,    96.076,   -31.116,   -92.140,   113.676,   -31.116,   113.137,   113.137,  -161.116,   492.140,    42.924,    30.000,     1.000,     0.000,     0.000,     0.000,kLegHierarchyChange,0,1
0001010011001100010001001100,    45.860,  -141.924,  -161.116,  -150.234,  -182.151,   -20.000,   -61.660,  -153.291,   -20.000,  -130.140,    96.076,   -31.116,   -92.140,   113.676,   -31.116,    14.340,   144.709,   -20.000,    45.860,  -141.924,  -161.116,    -0.000,  -160.000,   -31.116,  -113.137,  -113.137,   -31.116,  -130.140,    96.076,   -31.116,   -92.140,   113.676,   -31.116,   113.137,   113.137,  -161.116,   492.140,    42.924,    30.000,     1.000,     0.000,     0.000,     0.000,kLegUpDown,0,1
0001010011000100110001001100,    45.860,  -141.924,  -161.116,  -150.234,  -182.151,   -20.000,  -110.140,  -121.924,   -31.116,  -130.140,    96.076,   -20.000,   -92.140,   113.676,   -31.116,    14.340,   144.709,   -20.000,    45.860,  -141.924,  -161.116,    -0.000,  -160.000,   -31.116,  -110.140,  -121.924,   -31.116,  -113.137,   113.137,   -31.116,   -92.140,   113.676,   -31.116,   113.137,   113.137,  -161.116,   492.140,    42.924,    30.000,     1.000,     0.000,     0.000,     0.000,kComUpDown,0,1
0001010011000100110001001100,    45.860,  -141.924,  -161.116,  -150.234,  -182.151,   -20.000,  -110.140,  -121.924,   -31.116,  -130.140,    96.076,   -20.000,   -92.140,   113.676,   -31.116,    14.340,   144.709,   -20.000,    45.860,  -141.924,  -161.116,    -0.000,  -160.000,   -31.116,  -110.140,  -121.924,   -31.116,  -113.137,   113.137,   -31.116,   -92.140,   113.676,   -31.116,   113.137,   113.137,  -161.116,   492.140,    42.924,    30.000,     1.000,     0.000,     0.000,     0.000,kComMove,0,1
0001010011000100110001001100,    44.606,  -138.468,  -161.116,  -150.234,  -182.151,   -20.000,  -111.394,  -118.468,   -31.116,  -130.140,    96.076,   -20.000,   -93.394,   117.132,   -31.116,    14.340,   144.709,   -20.000,    44.606,  -138.468,  -161.116,    -0.000,  -160.000,   -31.116,  -111.394,  -118.468,   -31.116,  -113.137,   113.137,   -31.116,   -93.394,   117.132,   -31.116,   113.137,   113.137,  -161.116,   493.394,    39.468,    30.000,     1.000,     0.000,     0.000,     0.000,kLegHierarchyChange,0,1
0001000111000111110001001100,    44.606,  -138.468,  -161.116,  -150.234,  -182.151,   -20.000,  -111.394,  -118.468,   -31.116,  -130.140,    96.076,   -20.000,   -93.394,   117.132,   -31.116,    14.340,   144.709,   -20.000,    44.606,  -138.468,  -161.116,    -0.000,  -160.000,   -31.116,  -111.394,  -118.468,   -31.116,  -113.137,   113.137,   -31.116,   -93.394,   117.132,   -31.116,   113.137,   113.137,  -161.116,   493.394,    39.468,    30.000,     1.000,     0.000,     0.000,     0.000,kLegUpDown,0,1
0001100101001111010011000100,    44.606,  -138.468,   -20.000,     6.606,  -156.068,  -161.116,  -111.394,  -118.468,   -20.000,   -31.394,   199.532,   -31.116,   -93.394,   117.132,   -20.000,    24.606,   139.532,  -161.116,   113.137,  -113.137,  -161.116,     6.606,  -156.068,  -161.116,  -113.137,  -113.137,   -31.116,   -31.394,   199.532,   -31.116,    -0.000,   160.000,   -31.116,    24.606,   139.532,  -161.116,   493.394,    39.468,    30.000,     1.000,     0.000,     0.000,     0.000,kComUpDown,0,1
0001100101001111010011000100,    44.606,  -138.468,   -20.000,     6.606,  -156.068,  -161.116,  -111.394,  -118.468,   -20.000,   -31.394,   199.532,   -31.116,   -93.394,   117.132,   -20.000,    24.606,   139.532,  -161.116,   113.137,  -113.137,  -161.116,     6.606,  -156.068,  -161.116,  -113.137,  -113.137,   -31.116,   -31.394,   199.532,   -31.116,    -0.000,   160.000,   -31.116,    24.606,   139.532,  -161.116,   493.394,    39.468,    30.000,     1.000,     0.000,     0.000,     0.000,kComMove,0,1
0010110001001100010011000100,    44.606,  -138.468,   -20.000,    -3.113,  -156.150,  -161.116,  -111.394,  -118.468,   -20.000,   -41.113,   199.450,   -31.116,   -93.394,   117.132,   -20.000,    14.887,   139.450,  -161.116,   113.137,  -113.137,  -161.116,    -3.113,  -156.150,  -161.116,  -113.137,  -113.137,   -31.116,   -41.113,   199.450,   -31.116,    -0.000,   160.000,   -31.116,    14.887,   139.450,  -161.116,   503.113,    39.550,    30.000,     1.000,     0.000,     0.000,     0.000,kLegHierarchyChange,0,1
0010110001001100001111000101,    44.606,  -138.468,   -20.000,    -3.113,  -156.150,  -161.116,  -111.394,  -118.468,   -20.000,   -41.113,   199.450,   -31.116,   -93.394,   117.132,   -20.000,    14.887,   139.450,  -161.116,   113.137,  -113.137,  -161.116,    -3.113,  -156.150,  -161.116,  -113.137,  -113.137,   -31.116,   -41.113,   199.450,   -31.116,    -0.000,   160.000,   -31.116,    14.887,   139.450,  -161.116,   503.113,    39.550,    30.000,     1.000,     0.000,     0.000,     0.000,kLegUpDown,0,1
0010010011000100101111001101,   154.887,   -18.550,  -161.116,    -3.113,  -156.150,  -161.116,  -201.113,   -18.550,   -31.116,   -41.113,   199.450,   -20.000,    -3.113,   157.050,  -161.116,    14.887,   139.450,   -20.000,   154.887,   -18.550,  -161.116,    -3.113,  -156.150,  -161.116,  -201.113,   -18.550,   -31.116,  -113.137,   113.137,   -31.116,    -3.113,   157.050,  -161.116,   113.137,   113.137,  -161.116,   503.113,    39.550,    30.000,     1.000,     0.000,     0.000,     0.000,kComUpDown,0,1
0010010011000100101111001101,   154.887,   -18.550,  -161.116,    -3.113,  -156.150,  -161.116,  -201.113,   -18.550,   -31.116,   -41.113,   199.450,   -20.000,    -3.113,   157.050,  -161.116,    14.887,   139.450,   -20.000,   154.887,   -18.550,  -161.116,    -3.113,  -156.150,  -161.116,  -201.113,   -18.550,   -31.116,  -113.137,   113.137,   -31.116,    -3.113,   157.050,  -161.116,   113.137,   113.137,  -161.116,   503.113,    39.550,    30.000,     1.000,     0.000,     0.000,     0.000,kComMove,0,1
0010010011000100110011001100,   138.467,   -20.717,  -161.116,   -19.533,  -158.317,  -161.116,  -217.533,   -20.717,   -31.116,   -41.113,   199.450,   -20.000,   -19.533,   154.883,  -161.116,    14.887,   139.450,   -20.000,   138.467,   -20.717,  -161.116,   -19.533,  -158.317,  -161.116,  -217.533,   -20.717,   -31.116,  -113.137,   113.137,   -31.116,   -19.533,   154.883,  -161.116,   113.137,   113.137,  -161.116,   519.533,    41.717,    30.000,     1.000,     0.000,     0.000,     0.000,kLegHierarchyChange,0,1
0010010111000100110011001100,   138.467,   -20.717,  -161.116,   -19.533,  -158.317,  -161.116,  -217.533,   -20.717,   -31.116,   -41.113,   199.450,   -20.000,   -19.533,   154.883,  -161.116,    14.887,   139.450,   -20.000,   138.467,   -20.717,  -161.116,   -19.533,  -158.317,  -161.116,  -217.533,   -20.717,   -31.116,  -113.137,   113.137,   -31.116,   -19.533,   154.883,  -161.116,   113.137,   113.137,  -161.116,   519.533,    41.717,    30.000,     1.000,     0.000,     0.000,     0.000,kLegUpDown,0,1
0010110101001100010011000100,   138.467,   -20.717,   -20.000,   -19.533,  -158.317,  -161.116,  -217.533,   -20.717,   -20.000,  -117.533,   117.283,   -31.116,   -19.533,   154.883,   -20.000,   158.467,    17.283,  -161.116,   113.137,  -113.137,  -161.116,   -19.533,  -158.317,  -161.116,  -113.137,  -113.137,   -31.116,  -117.533,   117.283,   -31.116,    -0.000,   160.000,  -161.116,   158.467,    17.283,  -161.116,   519.533,    41.717,    30.000,     1.000,     0.000,     0.000,     0.000,kComUpDown,0,1
0010110101001100010011000100,   138.467,   -20.717,   -20.000,   -19.533,  -158.317,  -161.116,  -217.533,   -20.717,   -20.000,  -117.533,   117.283,   -31.116,   -19.533,   154.883,   -20.000,   158.467,    17.283,  -161.116,   113.137,  -113.137,  -161.116,   -19.533,  -158.317,  -161.116,  -113.137,  -113.137,   -31.116,  -117.533,   117.283,   -31.116,    -0.000,   160.000,  -161.116,   158.467,    17.283,  -161.116,   519.533,    41.717,    30.000,     1.000,     0.000,     0.000,     0.000,kComMove,0,1
0010110001001100010011000100,   138.467,   -20.717,   -20.000,   -39.387,  -149.038,  -161.116,  -217.533,   -20.717,   -20.000,  -137.387,   126.562,   -31.116,   -19.533,   154.883,   -20.000,   138.613,    26.562,  -161.116,   113.137,  -113.137,  -161.116,   -39.387,  -149.038,  -161.116,  -113.137,  -113.137,   -31.116,  -137.387,   126.562,   -31.116,    -0.000,   160.000,  -161.116,   138.613,    26.562,  -161.116,   539.387,    32.438,    30.000,     1.000,     0.000,     0.000,     0.000,kLegHierarchyChange,0,1
0010110001111100011111000111,   138.467,   -20.717,   -20.000,   -39.387,  -149.038,  -161.116,  -217.533,   -20.717,   -20.000,  -137.387,   126.562,   -31.116,   -19.533,   154.883,   -20.000,   138.613,    26.562,  -161.116,   113.137,  -113.137,  -161.116,   -39.387,  -149.038,  -161.116,  -113.137,  -113.137,   -31.116,  -137.387,   126.562,   -31.116,    -0.000,   160.000,  -161.116,   138.613,    26.562,  -161.116,   539.387,    32.438,    30.000,     1.000,     0.000,     0.000,     0.000,kLegUpDown,0,1
0010110001111100011111000111,   138.467,   -20.717,   -20.000,   -39.387,  -149.038,  -161.116,  -217.533,   -20.717,   -20.000,  -137.387,   126.562,   -31.116,   -19.533,   154.883,   -20.000,   138.613,    26.562,  -161.116,   113.137,  -113.137,  -161.116,   -39.387,  -149.038,  -161.116,  -113.137,  -113.137,   -31.116,  -137.387,   126.562,   -31.116,    -0.000,   160.000,  -161.116,   138.613,    26.562,  -161.116,   539.387,    32.438,    30.000,     1.000,     0.000,     0.000,     0.000,kComUpDown,0,1
0010110001111100011111000111,   138.467,   -20.717,   -20.000,   -39.387,  -149.038,  -161.116,  -217.533,   -20.717,   -20.000,  -137.387,   126.562,   -31.116,   -19.533,   154.883,   -20.000,   138.613,    26.562,  -161.116,   113.137,  -113.137,  -161.116,   -39.387,  -149.038,  -161.116,  -113.137,  -113.137,   -31.116,  -137.387,   126.562,   -31.116,    -0.000,   160.000,  -161.116,   138.613,    26.562,  -161.116,   539.387,    32.438,    30.000,     1.000,     0.000,     0.000,     0.000,kComMove,0,1
0010110001001100010011000100,   138.467,   -20.717,   -20.000,   -25.717,  -144.022,  -161.116,  -217.533,   -20.717,   -20.000,  -123.717,   131.578,   -31.116,   -19.533,   154.883,   -20.000,   152.283,    31.578,  -161.116,   113.137,  -113.137,  -161.116,   -25.717,  -144.022,  -161.116,  -113.137,  -113.137,   -31.116,  -123.717,   131.578,   -31.116,    -0.000,   160.000,  -161.116,   152.283,    31.578,  -161.116,   525.717,    27.422,    30.000,     1.000,     0.000,     0.000,     0.000,kLegHierarchyChange,0,1
0010110001111100011111000111,   138.467,   -20.717,   -20.000,   -25.717,  -144.022,  -161.116,  -217.533,   -20.717,   -20.000,  -123.717,   131.578,   -31.116,   -19.533,   154.883,   -20.000,   152.283,    31.578,  -161.116,   113.137,  -113.137,  -161.116,   -25.717,  -144.022,  -161.116,  -113.137,  -113.137,   -31.116,  -123.717,   131.578,   -31.116,    -0.000,   160.000,  -161.116,   152.283,    31.578,  -161.116,   525.717,    27.422,    30.000,     1.000,     0.000,     0.000,     0.000,kLegUpDown,0,1
0010110001111100111101000111,   138.467,   -20.717,   -20.000,   -25.717,  -144.022,   -20.000,   -23.717,  -226.422,   -31.116,  -123.717,   131.578,   -31.116,   -19.533,   154.883,   -20.000,   152.283,    31.578,  -161.116,   113.137,  -113.137,  -161.116,    -0.000,  -160.000,  -161.116,   -23.717,  -226.422,   -31.116,  -123.717,   131.578,   -31.116,    -0.000,   160.000,  -161.116,   152.283,    31.578,  -161.116,   525.717,    27.422,    30.000,     1.000,     0.000,     0.000,     0.000,kComUpDown,0,1
0010110001111100111101000111,   138.467,   -20.717,   -20.000,   -25.717,  -144.022,   -20.000,   -23.717,  -226.422,   -31.116,  -123.717,   131.578,   -31.116,   -19.533,   154.883,   -20.000,   152.283,    31.578,  -161.116,   113.137,  -113.137,  -161.116,    -0.000,  -160.000,  -161.116,   -23.717,  -226.422,   -31.116,  -123.717,   131.578,   -31.116,    -0.000,   160.000,  -161.116,   152.283,    31.578,  -161.116,   525.717,    27.422,    30.000,     1.000,     0.000,     0.000,     0.000,kComMove,0,1
0111110001001100110001000100,   138.467,   -20.717,   -20.000,   -25.717,  -144.022,   -20.000,   -50.896,  -173.006,   -31.116,  -150.896,   184.994,   -31.116,   -19.533,   154.883,   -20.000,   125.104,    84.994,  -161.116,   113.137,  -113.137,  -161.116,    -0.000,  -160.000,  -161.116,   -50.896,  -173.006,   -31.116,  -150.896,   184.994,   -31.116,    -0.000,   160.000,  -161.116,   125.104,    84.994,  -161.116,   552.896,   -25.994,    30.000,     1.000,     0.000,     0.000,     0.000,kLegHierarchyChange,0,1
0111110001011100110001110111,   138.467,   -20.717,   -20.000,   -25.717,  -144.022,   -20.000,   -50.896,  -173.006,   -31.116,  -150.896,   184.994,   -31.116,   -19.533,   154.883,   -20.000,   125.104,    84.994,  -161.116,   113.137,  -113.137,  -161.116,    -0.000,  -160.000,  -161.116,   -50.896,  -173.006,   -31.116,  -150.896,   184.994,   -31.116,    -0.000,   160.000,  -161.116,   125.104,    84.994,  -161.116,   552.896,   -25.994,    30.000,     1.000,     0.000,     0.000,     0.000,kLegUpDown,0,1
0111110011010100110001110111,   138.467,   -20.717,   -20.000,   -25.717,  -144.022,   -20.000,   -50.896,  -173.006,   -31.116,  -150.896,   184.994,   -20.000,    87.104,   122.594,  -161.116,   125.104,    84.994,  -161.116,   113.137,  -113.137,  -161.116,    -0.000,  -160.000,  -161.116,   -50.896,  -173.006,   -31.116,  -113.137,   113.137,   -31.116,    87.104,   122.594,  -161.116,   125.104,    84.994,  -161.116,   552.896,   -25.994,    30.000,     1.000,     0.000,     0.000,     0.000,kComUpDown,0,1
0111110011010100110001110111,   138.467,   -20.717,   -20.000,   -25.717,  -144.022,   -20.000,   -50.896,  -173.006,   -31.116,  -150.896,   184.994,   -20.000,    87.104,   122.594,  -161.116,   125.104,    84.994,  -161.116,   113.137,  -113.137,  -161.116,    -0.000,  -160.000,  -161.116,   -50.896,  -173.006,   -31.116,  -113.137,   113.137,   -31.116,    87.104,   122.594,  -161.116,   125.104,    84.994,  -161.116,   552.896,   -25.994,    30.000,     1.000,     0.000,     0.000,     0.000,kComMove,0,1
0100110011000100110001000100,   138.467,   -20.717,   -20.000,   -25.717,  -144.022,   -20.000,   -67.434,  -160.379,   -31.116,  -150.896,   184.994,   -20.000,    70.566,   135.221,  -161.116,   108.566,    97.621,  -161.116,   113.137,  -113.137,  -161.116,    -0.000,  -160.000,  -161.116,   -67.434,  -160.379,   -31.116,  -113.137,   113.137,   -31.116,    70.566,   135.221,  -161.116,   108.566,    97.621,  -161.116,   569.434,   -38.621,    30.000,     1.000,     0.000,     0.000,     0.000,kLegHierarchyChange,0,1
0100110011000001110001000111,   138.467,   -20.717,   -20.000,   -25.717,  -144.022,   -20.000,   -67.434,  -160.379,   -31.116,  -150.896,   184.994,   -20.000,    70.566,   135.221,  -161.116,   108.566,    97.621,  -161.116,   113.137,  -113.137,  -161.116,    -0.000,  -160.000,  -161.116,   -67.434,  -160.379,   -31.116,  -113.137,   113.137,   -31.116,    70.566,   135.221,  -161.116,   108.566,    97.621,  -161.116,   569.434,   -38.621,    30.000,     1.000,     0.000,     0.000,     0.000,kLegUpDown,0,1
0100110001001001010011000111,   138.467,   -20.717,   -20.000,    -9.434,  -157.979,  -161.116,   -67.434,  -160.379,   -20.000,  -147.434,    17.621,   -31.116,    70.566,   135.221,   -20.000,   108.566,    97.621,  -161.116,   113.137,  -113.137,  -161.116,    -9.434,  -157.979,  -161.116,  -113.137,  -113.137,   -31.116,  -147.434,    17.621,   -31.116,    -0.000,   160.000,  -161.116,   108.566,    97.621,  -161.116,   569.434,   -38.621,    30.000,     1.000,     0.000,     0.000,     0.000,kComUpDown,0,1
0100110001001001010011000111,   138.467,   -20.717,   -20.000,    -9.434,  -157.979,  -161.116,   -67.434,  -160.379,   -20.000,  -147.434,    17.621,   -31.116,    70.566,   135.221,   -20.000,   108.566,    97.621,  -161.116,   113.137,  -113.137,  -161.116,    -9.434,  -157.979,  -161.116,  -113.137,  -113.137,   -31.116,  -147.434,    17.621,   -31.116,    -0.000,   160.000,  -161.116,   108.566,    97.621,  -161.116,   569.434,   -38.621,    30.000,     1.000,     0.000,     0.000,     0.000,kComMove,0,1
0010110001001100010011000100,   138.467,   -20.717,   -20.000,   -93.965,  -114.118,  -161.116,   -67.434,  -160.379,   -20.000,  -231.965,    61.482,   -31.116,    70.566,   135.221,   -20.000,    24.035,   141.482,  -161.116,   113.137,  -113.137,  -161.116,   -93.965,  -114.118,  -161.116,  -113.137,  -113.137,   -31.116,  -231.965,    61.482,   -31.116,    -0.000,   160.000,  -161.116,    24.035,   141.482,  -161.116,   653.965,   -82.482,    30.000,     1.000,     0.000,     0.000,     0.000,kLegHierarchyChange,0,1
0010110001001100001111000100,   138.467,   -20.717,   -20.000,   -93.965,  -114.118,  -161.116,   -67.434,  -160.379,   -20.000,  -231.965,    61.482,   -31.116,    70.566,   135.221,   -20.000,    24.035,   141.482,  -161.116,   113.137,  -113.137,  -161.116,   -93.965,  -114.118,  -161.116,  -113.137,  -113.137,   -31.116,  -231.965,    61.482,   -31.116,    -0.000,   160.000,  -161.116,    24.035,   141.482,  -161.116,   653.965,   -82.482,    30.000,     1.000,     0.000,     0.000,     0.000,kLegUpDown,0,1
0010010011000100101101001100,   104.035,  -116.518,  -161.116,   -93.965,  -114.118,   -20.000,  -171.965,   -16.518,   -31.116,  -231.965,    61.482,   -20.000,     6.035,   159.082,  -161.116,    24.035,   141.482,   -20.000,   104.035,  -116.518,  -161.116,    -0.000,  -160.000,  -161.116,  -171.965,   -16.518,   -31.116,  -113.137,   113.137,   -31.116,     6.035,   159.082,  -161.116,   113.137,   113.137,  -161.116,   653.965,   -82.482,    30.000,     1.000,     0.000,     0.000,     0.000,kComUpDown,0,1
0010010011000100101101001100,   104.035,  -116.518,  -161.116,   -93.965,  -114.118,   -20.000,  -171.965,   -16.518,   -31.116,  -231.965,    61.482,   -20.000,     6.035,   159.082,  -161.116,    24.035,   141.482,   -20.000,   104.035,  -116.518,  -161.116,    -0.000,  -160.000,  -161.116,  -171.965,   -16.518,   -31.116,  -113.137,   113.137,   -31.116,     6.035,   159.082,  -161.116,   113.137,   113.137,  -161.116,   653.965,   -82.482,    30.000,     1.000,     0.000,     0.000,     0.000,kComMove,0,1
0001010011000100110001001100,    88.008,  -120.111,  -161.116,   -93.965,  -114.118,   -20.000,  -187.992,   -20.111,   -31.116,  -231.965,    61.482,   -20.000,    -9.992,   155.489,  -161.116,    24.035,   141.482,   -20.000,    88.008,  -120.111,  -161.116,    -0.000,  -160.000,  -161.116,  -187.992,   -20.111,   -31.116,  -113.137,   113.137,   -31.116,    -9.992,   155.489,  -161.116,   113.137,   113.137,  -161.116,   669.992,   -78.889,    30.000,     1.000,     0.000,     0.000,     0.000,kLegHierarchyChange,0,1
0001010011000111110001111100,    88.008,  -120.111,  -161.116,   -93.965,  -114.118,   -20.000,  -187.992,   -20.111,   -31.116,  -231.965,    61.482,   -20.000,    -9.992,   155.489,  -161.116,    24.035,   141.482,   -20.000,    88.008,  -120.111,  -161.116,    -0.000,  -160.000,  -161.116,  -187.992,   -20.111,   -31.116,  -113.137,   113.137,   -31.116,    -9.992,   155.489,  -161.116,   113.137,   113.137,  -161.116,   669.992,   -78.889,    30.000,     1.000,     0.000,     0.000,     0.000,kLegUpDown,0,1
0001010011001111010011111100,    88.008,  -120.111,  -161.116,    30.008,  -157.711,  -161.116,  -187.992,   -20.111,   -20.000,   -27.992,   157.889,  -161.116,    -9.992,   155.489,  -161.116,    24.035,   141.482,   -20.000,    88.008,  -120.111,  -161.116,    30.008,  -157.711,  -161.116,  -113.137,  -113.137,   -31.116,   -27.992,   157.889,  -161.116,    -9.992,   155.489,  -161.116,   113.137,   113.137,  -161.116,   669.992,   -78.889,    30.000,     1.000,     0.000,     0.000,     0.000,kComUpDown,0,1
0001010011001111010011111100,    88.008,  -120.111,   -52.783,    30.008,  -157.711,   -52.783,  -187.992,   -20.111,   -20.000,   -27.992,   157.889,   -52.783,    -9.992,   155.489,   -52.783,    24.035,   141.482,   -20.000,    88.008,  -120.111,   -52.783,    30.008,  -157.711,   -52.783,  -113.137,  -113.137,    77.217,   -27.992,   157.889,   -52.783,    -9.992,   155.489,   -52.783,   113.137,   113.137,   -52.783,   669.992,   -78.889,   -78.333,     1.000,     0.000,     0.000,     0.000,kComMove,0,1
0001010011001100010011001100,    15.249,  -151.629,   -52.783,   -42.751,  -189.229,   -52.783,  -187.992,   -20.111,   -20.000,  -100.751,   126.371,   -52.783,   -82.751,   123.971,   -52.783,    24.035,   141.482,   -20.000,    15.249,  -151.629,   -52.783,   -42.751,  -189.229,   -52.783,  -113.137,  -113.137,    77.217,  -100.751,   126.371,   -52.783,   -82.751,   123.971,   -52.783,   113.137,   113.137,   -52.783,   742.751,   -47.371,   -78.333,     1.000,     0.000,     0.000,     0.000,kLegHierarchyChange,0,1
0001010011001100011111001100,    15.249,  -151.629,   -52.783,   -42.751,  -189.229,   -52.783,  -187.992,   -20.111,   -20.000,  -100.751,   126.371,   -52.783,   -82.751,   123.971,   -52.783,    24.035,   141.482,   -20.000,    15.249,  -151.629,   -52.783,   -42.751,  -189.229,   -52.783,  -113.137,  -113.137,    77.217,  -100.751,   126.371,   -52.783,   -82.751,   123.971,   -52.783,   113.137,   113.137,   -52.783,   742.751,   -47.371,   -78.333,     1.000,     0.000,     0.000,     0.000,kLegUpDown,0,1
0001110001001100011111000100,    15.249,  -151.629,   -20.000,   -42.751,  -189.229,   -52.783,  -187.992,   -20.111,   -20.000,  -100.751,   126.371,   -52.783,   -82.751,   123.971,   -20.000,   115.249,   106.371,   -52.783,   113.137,  -113.137,   -52.783,   -42.751,  -189.229,   -52.783,  -113.137,  -113.137,    77.217,  -100.751,   126.371,   -52.783,    -0.000,   160.000,   -52.783,   115.249,   106.371,   -52.783,   742.751,   -47.371,   -78.333,     1.000,     0.000,     0.000,     0.000,kComUpDown,0,1
0001110001001100011111000100,    15.249,  -151.629,   -20.000,   -42.751,  -189.229,   -48.447,  -187.992,   -20.111,   -20.000,  -100.751,   126.371,   -48.447,   -82.751,   123.971,   -20.000,   115.249,   106.371,   -48.447,   113.137,  -113.137,   -48.447,   -42.751,  -189.229,   -48.447,  -113.137,  -113.137,    81.553,  -100.751,   126.371,   -48.447,    -0.000,   160.000,   -48.447,   115.249,   106.371,   -48.447,   742.751,   -47.371,   -82.669,     1.000,     0.000,     0.000,     0.000,kComMove,0,1
0001110001001100010011000100,    15.249,  -151.629,   -20.000,   -77.127,  -119.328,   -48.447,  -187.992,   -20.111,   -20.000,  -135.127,   196.272,   -48.447,   -82.751,   123.971,   -20.000,    80.873,   176.272,   -48.447,   113.137,  -113.137,   -48.447,   -77.127,  -119.328,   -48.447,  -113.137,  -113.137,    81.553,  -135.127,   196.272,   -48.447,    -0.000,   160.000,   -48.447,    80.873,   176.272,   -48.447,   777.127,  -117.272,   -82.669,     1.000,     0.000,     0.000,     0.000,kLegHierarchyChange,0,1
0001110001001100010011000101,    15.249,  -151.629,   -20.000,   -77.127,  -119.328,   -48.447,  -187.992,   -20.111,   -20.000,  -135.127,   196.272,   -48.447,   -82.751,   123.971,   -20.000,    80.873,   176.272,   -48.447,   113.137,  -113.137,   -48.447,   -77.127,  -119.328,   -48.447,  -113.137,  -113.137,    81.553,  -135.127,   196.272,   -48.447,    -0.000,   160.000,   -48.447,    80.873,   176.272,   -48.447,   777.127,  -117.272,   -82.669,     1.000,     0.000,     0.000,     0.000,kLegUpDown,0,1
0001010011000100110001001101,   140.873,   -21.728,   -48.447,   -77.127,  -119.328,   -20.000,  -115.127,  -121.728,   -48.447,  -135.127,   196.272,   -20.000,     2.873,   153.872,   -48.447,    80.873,   176.272,   -20.000,   140.873,   -21.728,   -48.447,    -0.000,  -160.000,   -48.447,  -115.127,  -121.728,   -48.447,  -113.137,   113.137,   -48.447,     2.873,   153.872,   -48.447,   113.137,   113.137,   -48.447,   777.127,  -117.272,   -82.669,     1.000,     0.000,     0.000,     0.000,kComUpDown,0,1
0001010011000100110001001101,   140.873,   -21.728,   -48.447,   -77.127,  -119.328,   -20.000,  -115.127,  -121.728,   -48.447,  -135.127,   196.272,   -20.000,     2.873,   153.872,   -48.447,    80.873,   176.272,   -20.000,   140.873,   -21.728,   -48.447,    -0.000,  -160.000,   -48.447,  -115.127,  -121.728,   -48.447,  -113.137,   113.137,   -48.447,     2.873,   153.872,   -48.447,   113.137,   113.137,   -48.447,   777.127,  -117.272,   -82.669,     1.000,     0.000,     0.000,     0.000,kComMove,0,1
0010010011000100110001001100,   147.451,   -26.704,   -48.447,   -77.127,  -119.328,   -20.000,  -108.549,  -126.704,   -48.447,  -135.127,   196.272,   -20.000,     9.451,   148.896,   -48.447,    80.873,   176.272,   -20.000,   147.451,   -26.704,   -48.447,    -0.000,  -160.000,   -48.447,  -108.549,  -126.704,   -48.447,  -113.137,   113.137,   -48.447,     9.451,   148.896,   -48.447,   113.137,   113.137,   -48.447,   770.549,  -112.296,   -82.669,     1.000,     0.000,     0.000,     0.000,kLegHierarchyChange,0,1
0010011111000001110001111100,   147.451,   -26.704,   -48.447,   -77.127,  -119.328,   -20.000,  -108.549,  -126.704,   -48.447,  -135.127,   196.272,   -20.000,     9.451,   148.896,   -48.447,    80.873,   176.272,   -20.000,   147.451,   -26.704,   -48.447,    -0.000,  -160.000,   -48.447,  -108.549,  -126.704,   -48.447,  -113.137,   113.137,   -48.447,     9.451,   148.896,   -48.447,   113.137,   113.137,   -48.447,   770.549,  -112.296,   -82.669,     1.000,     0.000,     0.000,     0.000,kLegUpDown,0,1
0010111101001001010011110100,   147.451,   -26.704,   -20.000,   109.451,  -144.304,   -48.447,  -108.549,  -126.704,   -20.000,  -148.549,    31.296,   -48.447,     9.451,   148.896,   -20.000,   227.451,    31.296,   -48.447,   113.137,  -113.137,   -48.447,   109.451,  -144.304,   -48.447,  -113.137,  -113.137,   -48.447,  -148.549,    31.296,   -48.447,    -0.000,   160.000,   -48.447,   227.451,    31.296,   -48.447,   770.549,  -112.296,   -82.669,     1.000,     0.000,     0.000,     0.000,kComUpDown,0,1
0010111101001001010011110100,   147.451,   -26.704,   -20.000,   109.451,  -144.304,   -48.447,  -108.549,  -126.704,   -20.000,  -148.549,    31.296,   -48.447,     9.451,   148.896,   -20.000,   227.451,    31.296,   -48.447,   113.137,  -113.137,   -48.447,   109.451,  -144.304,   -48.447,  -113.137,  -113.137,   -48.447,  -148.549,    31.296,   -48.447,    -0.000,   160.000,   -48.447,   227.451,    31.296,   -48.447,   770.549,  -112.296,   -82.669,     1.000,     0.000,     0.000,     0.000,kComMove,0,1
0101110001001100010011000100,   147.451,   -26.704,   -20.000,    62.835,  -147.457,   -48.447,  -108.549,  -126.704,   -20.000,  -195.165,    28.143,   -48.447,     9.451,   148.896,   -20.000,   180.835,    28.143,   -48.447,   113.137,  -113.137,   -48.447,    62.835,  -147.457,   -48.447,  -113.137,  -113.137,   -48.447,  -195.165,    28.143,   -48.447,    -0.000,   160.000,   -48.447,   180.835,    28.143,   -48.447,   817.165,  -109.143,   -82.669,     1.000,     0.000,     0.000,     0.000,kLegHierarchyChange,0,1
0101110001001100011111000100,   147.451,   -26.704,   -20.000,    62.835,  -147.457,   -48.447,  -108.549,  -126.704,   -20.000,  -195.165,    28.143,   -48.447,     9.451,   148.896,   -20.000,   180.835,    28.143,   -48.447,   113.137,  -113.137,   -48.447,    62.835,  -147.457,   -48.447,  -113.137,  -113.137,   -48.447,  -195.165,    28.143,   -48.447,    -0.000,   160.000,   -48.447,   180.835,    28.143,   -48.447,   817.165,  -109.143,   -82.669,     1.000,     0.000,     0.000,     0.000,kLegUpDown,0,1
0101010011000100111101001100,   120.835,  -109.857,   -48.447,    62.835,  -147.457,   -20.000,   -15.165,  -169.857,   -48.447,  -195.165,    28.143,   -20.000,     2.835,   165.743,   -48.447,   180.835,    28.143,   -20.000,   120.835,  -109.857,   -48.447,    -0.000,  -160.000,   -48.447,   -15.165,  -169.857,   -48.447,  -113.137,   113.137,   -48.447,     2.835,   165.743,   -48.447,   113.137,   113.137,   -48.447,   817.165,  -109.143,   -82.669,     1.000,     0.000,     0.000,     0.000,kComUpDown,0,1
0101010011000100111101001100,   120.835,  -109.857,   -48.447,    62.835,  -147.457,   -20.000,   -15.165,  -169.857,   -48.447,  -195.165,    28.143,   -20.000,     2.835,   165.743,   -48.447,   180.835,    28.143,   -20.000,   120.835,  -109.857,   -48.447,    -0.000,  -160.000,   -48.447,   -15.165,  -169.857,   -48.447,  -113.137,   113.137,   -48.447,     2.835,   165.743,   -48.447,   113.137,   113.137,   -48.447,   817.165,  -109.143,   -82.669,     1.000,     0.000,     0.000,     0.000,kComMove,0,1
0110010011000100110001001100,    16.391,  -146.292,   -48.447,    62.835,  -147.457,   -20.000,  -119.609,  -206.292,   -48.447,  -195.165,    28.143,   -20.000,  -101.609,   129.308,   -48.447,   180.835,    28.143,   -20.000,    16.391,  -146.292,   -48.447,    -0.000,  -160.000,   -48.447,  -119.609,  -206.292,   -48.447,  -113.137,   113.137,   -48.447,  -101.609,   129.308,   -48.447,   113.137,   113.137,   -48.447,   921.609,   -72.708,   -82.669,     1.000,     0.000,     0.000,     0.000,kLegHierarchyChange,0,1
0110011111000100110001001100,    16.391,  -146.292,   -48.447,    62.835,  -147.457,   -20.000,  -119.609,  -206.292,   -48.447,  -195.165,    28.143,   -20.000,  -101.609,   129.308,   -48.447,   180.835,    28.143,   -20.000,    16.391,  -146.292,   -48.447,    -0.000,  -160.000,   -48.447,  -119.609,  -206.292,   -48.447,  -113.137,   113.137,   -48.447,  -101.609,   129.308,   -48.447,   113.137,   113.137,   -48.447,   921.609,   -72.708,   -82.669,     1.000,     0.000,     0.000,     0.000,kLegUpDown,0,1
0110111101001100010011000100,    16.391,  -146.292,   -20.000,    -1.609,  -163.892,   -48.447,  -119.609,  -206.292,   -20.000,  -119.609,   111.708,   -48.447,  -101.609,   129.308,   -20.000,   236.391,    31.708,   -48.447,   113.137,  -113.137,   -48.447,    -1.609,  -163.892,   -48.447,  -113.137,  -113.137,   -48.447,  -119.609,   111.708,   -48.447,    -0.000,   160.000,   -48.447,   236.391,    31.708,   -48.447,   921.609,   -72.708,   -82.669,     1.000,     0.000,     0.000,     0.000,kComUpDown,0,1
0110111101001100010011000100,    16.391,  -146.292,   -20.000,    -1.609,  -163.892,   -48.447,  -119.609,  -206.292,   -20.000,  -119.609,   111.708,   -48.447,  -101.609,   129.308,   -20.000,   236.391,    31.708,   -48.447,   113.137,  -113.137,   -48.447,    -1.609,  -163.892,   -48.447,  -113.137,  -113.137,   -48.447,  -119.609,   111.708,   -48.447,    -0.000,   160.000,   -48.447,   236.391,    31.708,   -48.447,   921.609,   -72.708,   -82.669,     1.000,     0.000,     0.000,     0.000,kComMove,0,1
0110110001001100010011000100,    16.391,  -146.292,   -20.000,   -24.521,  -137.853,   -48.447,  -119.609,  -206.292,   -20.000,  -142.521,   137.747,   -48.447,  -101.609,   129.308,   -20.000,   213.479,    57.747,   -48.447,   113.137,  -113.137,   -48.447,   -24.521,  -137.853,   -48.447,  -113.137,  -113.137,   -48.447,  -142.521,   137.747,   -48.447,    -0.000,   160.000,   -48.447,   213.479,    57.747,   -48.447,   944.521,   -98.747,   -82.669,     1.000,     0.000,     0.000,     0.000,kLegHierarchyChange,0,1
0110110001111100000111000111,    16.391,  -146.292,   -20.000,   -24.521,  -137.853,   -48.447,  -119.609,  -206.292,   -20.000,  -142.521,   137.747,   -48.447,  -101.609,   129.308,   -20.000,   213.479,    57.747,   -48.447,   113.137,  -113.137,   -48.447,   -24.521,  -137.853,   -48.447,  -113.137,  -113.137,   -48.447,  -142.521,   137.747,   -48.447,    -0.000,   160.000,   -48.447,   213.479,    57.747,   -48.447,   944.521,   -98.747,   -82.669,     1.000,     0.000,     0.000,     0.000,kLegUpDown,0,1
0110010011110100100101001111,   213.479,   -20.253,   -48.447,   -24.521,  -137.853,   -20.000,  -142.521,   -20.253,   -48.447,  -142.521,   137.747,   -20.000,   115.479,   155.347,   -48.447,   213.479,    57.747,   -20.000,   213.479,   -20.253,   -48.447,    -0.000,  -160.000,   -48.447,  -142.521,   -20.253,   -48.447,  -113.137,   113.137,   -48.447,   115.479,   155.347,   -48.447,   113.137,   113.137,   -48.447,   944.521,   -98.747,   -82.669,     1.000,     0.000,     0.000,     0.000,kComUpDown,0,1
0110010011110100100101001111,   213.479,   -20.253,   -48.447,   -24.521,  -137.853,   -20.000,  -142.521,   -20.253,   -48.447,  -142.521,   137.747,   -20.000,   115.479,   155.347,   -48.447,   213.479,    57.747,   -20.000,   213.479,   -20.253,   -48.447,    -0.000,  -160.000,   -48.447,  -142.521,   -20.253,   -48.447,  -113.137,   113.137,   -48.447,   115.479,   155.347,   -48.447,   113.137,   113.137,   -48.447,   944.521,   -98.747,   -82.669,     1.000,     0.000,     0.000,     0.000,kComMove,0,1
0010010011000100110001001100,   139.549,   -20.667,   -48.447,   -24.521,  -137.853,   -20.000,  -216.451,   -20.667,   -48.447,  -142.521,   137.747,   -20.000,    41.549,   154.933,   -48.447,   213.479,    57.747,   -20.000,   139.549,   -20.667,   -48.447,    -0.000,  -160.000,   -48.447,  -216.451,   -20.667,   -48.447,  -113.137,   113.137,   -48.447,    41.549,   154.933,   -48.447,   113.137,   113.137,   -48.447,  1018.451,   -98.333,   -82.669,     1.000,     0.000,     0.000,     0.000,kLegHierarchyChange,0,1
0010010011000111110001001100,   139.549,   -20.667,   -48.447,   -24.521,  -137.853,   -20.000,  -216.451,   -20.667,   -48.447,  -142.521,   137.747,   -20.000,    41.549,   154.933,   -48.447,   213.479,    57.747,   -20.000,   139.549,   -20.667,   -48.447,    -0.000,  -160.000,   -48.447,  -216.451,   -20.667,   -48.447,  -113.137,   113.137,   -48.447,    41.549,   154.933,   -48.447,   113.137,   113.137,   -48.447,  1018.451,   -98.333,   -82.669,     1.000,     0.000,     0.000,     0.000,kLegUpDown,0,1
0010110001001111010011000100,   139.549,   -20.667,   -20.000,     1.549,  -158.267,   -48.447,  -216.451,   -20.667,   -20.000,   -16.451,   177.333,   -48.447,    41.549,   154.933,   -20.000,   119.549,   117.333,   -48.447,   113.137,  -113.137,   -48.447,     1.549,  -158.267,   -48.447,  -113.137,  -113.137,   -48.447,   -16.451,   177.333,   -48.447,    -0.000,   160.000,   -48.447,   119.549,   117.333,   -48.447,  1018.451,   -98.333,   -82.669,     1.000,     0.000,     0.000,     0.000,kComUpDown,0,1
0010110001001111010011000100,   139.549,   -20.667,   -20.000,     1.549,  -158.267,   -48.447,  -216.451,   -20.667,   -20.000,   -16.451,   177.333,   -48.447,    41.549,   154.933,   -20.000,   119.549,   117.333,   -48.447,   113.137,  -113.137,   -48.447,     1.549,  -158.267,   -48.447,  -113.137,  -113.137,   -48.447,   -16.451,   177.333,   -48.447,    -0.000,   160.000,   -48.447,   119.549,   117.333,   -48.447,  1018.451,   -98.333,   -82.669,     1.000,     0.000,     0.000,     0.000,kComMove,0,1
0010110001001100010011000100,   139.549,   -20.667,   -20.000,   -93.944,  -128.313,   -48.447,  -216.451,   -20.667,   -20.000,  -111.944,   207.287,   -48.447,    41.549,   154.933,   -20.000,    24.056,   147.287,   -48.447,   113.137,  -113.137,   -48.447,   -93.944,  -128.313,   -48.447,  -113.137,  -113.137,   -48.447,  -111.944,   207.287,   -48.447,    -0.000,   160.000,   -48.447,    24.056,   147.287,   -48.447,  1113.944,  -128.287,   -82.669,     1.000,     0.000,     0.000,     0.000,kLegHierarchyChange,0,1
0010110001001100010011000111,   139.549,   -20.667,   -20.000,   -93.944,  -128.313,   -48.447,  -216.451,   -20.667,   -20.000,  -111.944,   207.287,   -48.447,    41.549,   154.933,   -20.000,    24.056,   147.287,   -48.447,   113.137,  -113.137,   -48.447,   -93.944,  -128.313,   -48.447,  -113.137,  -113.137,   -48.447,  -111.944,   207.287,   -48.447,    -0.000,   160.000,   -48.447,    24.056,   147.287,   -48.447,  1113.944,  -128.287,   -82.669,     1.000,     0.000,     0.000,     0.000,kLegUpDown,0,1
0010010011000100110001001111,   224.056,   -30.713,   -48.447,   -93.944,  -128.313,   -20.000,  -111.944,  -110.713,   -48.447,  -111.944,   207.287,   -20.000,     6.056,   164.887,   -48.447,    24.056,   147.287,   -20.000,   224.056,   -30.713,   -48.447,    -0.000,  -160.000,   -48.447,  -111.944,  -110.713,   -48.447,  -113.137,   113.137,   -48.447,     6.056,   164.887,   -48.447,   113.137,   113.137,   -48.447,  1113.944,  -128.287,   -82.669,     1.000,     0.000,     0.000,     0.000,kComUpDown,0,1
0010010011000100110001001111,   224.056,   -30.713,   -48.447,   -93.944,  -128.313,   -20.000,  -111.944,  -110.713,   -48.447,  -111.944,   207.287,   -20.000,     6.056,   164.887,   -48.447,    24.056,   147.287,   -20.000,   224.056,   -30.713,   -48.447,    -0.000,  -160.000,   -48.447,  -111.944,  -110.713,   -48.447,  -113.137,   113.137,   -48.447,     6.056,   164.887,   -48.447,   113.137,   113.137,   -48.447,  1113.944,  -128.287,   -82.669,     1.000,     0.000,     0.000,     0.000,kComMove,0,1
0010010011000100110001001100,   195.270,   -55.511,   -48.447,   -93.944,  -128.313,   -20.000,  -140.730,  -135.511,   -48.447,  -111.944,   207.287,   -20.000,   -22.730,   140.089,   -48.447,    24.056,   147.287,   -20.000,   195.270,   -55.511,   -48.447,    -0.000,  -160.000,   -48.447,  -140.730,  -135.511,   -48.447,  -113.137,   113.137,   -48.447,   -22.730,   140.089,   -48.447,   113.137,   113.137,   -48.447,  1142.730,  -103.489,   -82.669,     1.000,     0.000,     0.000,     0.000,kLegHierarchyChange,0,1
0010010011000001110001001100,   195.270,   -55.511,   -48.447,   -93.944,  -128.313,   -20.000,  -140.730,  -135.511,   -48.447,  -111.944,   207.287,   -20.000,   -22.730,   140.089,   -48.447,    24.056,   147.287,   -20.000,   195.270,   -55.511,   -48.447,    -0.000,  -160.000,   -48.447,  -140.730,  -135.511,   -48.447,  -113.137,   113.137,   -48.447,   -22.730,   140.089,   -48.447,   113.137,   113.137,   -48.447,  1142.730,  -103.489,   -82.669,     1.000,     0.000,     0.000,     0.000,kLegUpDown,0,1
0010110001001001110011000100,   195.270,   -55.511,   -20.000,    -2.730,  -153.111,   -48.447,  -140.730,  -135.511,   -48.447,  -140.730,    22.489,   -48.447,   -22.730,   140.089,   -20.000,   115.270,   122.489,   -48.447,   113.137,  -113.137,   -48.447,    -2.730,  -153.111,   -48.447,  -140.730,  -135.511,   -48.447,  -140.730,    22.489,   -48.447,    -0.000,   160.000,   -48.447,   115.270,   122.489,   -48.447,  1142.730,  -103.489,   -82.669,     1.000,     0.000,     0.000,     0.000,kComUpDown,0,1
0010110001001001110011000100,   195.270,   -55.511,   -20.000,    -2.730,  -153.111,   -48.447,  -140.730,  -135.511,   -48.447,  -140.730,    22.489,   -48.447,   -22.730,   140.089,   -20.000,   115.270,   122.489,   -48.447,   113.137,  -113.137,   -48.447,    -2.730,  -153.111,   -48.447,  -140.730,  -135.511,   -48.447,  -140.730,    22.489,   -48.447,    -0.000,   160.000,   -48.447,   115.270,   122.489,   -48.447,  1142.730,  -103.489,   -82.669,     1.000,     0.000,     0.000,     0.000,kComMove,0,1
0001110001001100110011000100,   195.270,   -55.511,   -20.000,   -45.071,  -149.110,   -48.447,  -183.071,  -131.510,   -48.447,  -183.071,    26.490,   -48.447,   -22.730,   140.089,   -20.000,    72.929,   126.490,   -48.447,   113.137,  -113.137,   -48.447,   -45.071,  -149.110,   -48.447,  -183.071,  -131.510,   -48.447,  -183.071,    26.490,   -48.447,    -0.000,   160.000,   -48.447,    72.929,   126.490,   -48.447,  1185.071,  -107.490,   -82.669,     1.000,     0.000,     0.000,     0.000,kLegHierarchyChange,0,1
0001110001001100110011000100,   195.270,   -55.511,   -20.000,   -45.071,  -149.110,   -48.447,  -183.071,  -131.510,   -48.447,  -183.071,    26.490,   -48.447,   -22.730,   140.089,   -20.000,    72.929,   126.490,   -48.447,   113.137,  -113.137,   -48.447,   -45.071,  -149.110,   -48.447,  -183.071,  -131.510,   -48.447,  -183.071,    26.490,   -48.447,    -0.000,   160.000,   -48.447,    72.929,   126.490,   -48.447,  1185.071,  -107.490,   -82.669,     1.000,     0.000,     0.000,     0.000,kLegUpDown,0,1
0001010011000100010011001100,   112.929,  -111.510,   -48.447,   -45.071,  -149.110,   -48.447,  -183.071,  -131.510,   -20.000,  -183.071,    26.490,   -20.000,    -5.071,   164.090,   -48.447,    72.929,   126.490,   -20.000,   112.929,  -111.510,   -48.447,   -45.071,  -149.110,   -48.447,  -113.137,  -113.137,   -48.447,  -113.137,   113.137,   -48.447,    -5.071,   164.090,   -48.447,   113.137,   113.137,   -48.447,  1185.071,  -107.490,   -82.669,     1.000,     0.000,     0.000,     0.000,kComUpDown,0,1
0001010011000100010011001100,   112.929,  -111.510,   -48.447,   -45.071,  -149.110,   -48.447,  -183.071,  -131.510,   -20.000,  -183.071,    26.490,   -20.000,    -5.071,   164.090,   -48.447,    72.929,   126.490,   -20.000,   112.929,  -111.510,   -48.447,   -45.071,  -149.110,   -48.447,  -113.137,  -113.137,   -48.447,  -113.137,   113.137,   -48.447,    -5.071,   164.090,   -48.447,   113.137,   113.137,   -48.447,  1185.071,  -107.490,   -82.669,     1.000,     0.000,     0.000,     0.000,kComMove,0,1
0001010011000100010011001100,    25.359,  -140.647,   -48.447,  -132.641,  -178.247,   -48.447,  -183.071,  -131.510,   -20.000,  -183.071,    26.490,   -20.000,   -92.641,   134.953,   -48.447,    72.929,   126.490,   -20.000,    25.359,  -140.647,   -48.447,  -132.641,  -178.247,   -48.447,  -113.137,  -113.137,   -48.447,  -113.137,   113.137,   -48.447,   -92.641,   134.953,   -48.447,   113.137,   113.137,   -48.447,  1272.641,   -78.353,   -82.669,     1.000,     0.000,     0.000,     0.000,kLegHierarchyChange,0,1
