1000110011001100110011001100,   113.137,  -113.137,   -30.000,    -0.000,  -160.000,   -30.000,  -113.137,  -113.137,   -30.000,  -113.137,   113.137,   -30.000,    -0.000,   160.000,   -30.000,   113.137,   113.137,   -30.000,   113.137,  -113.137,   -30.000,    -0.000,  -160.000,   -30.000,  -113.137,  -113.137,   -30.000,  -113.137,   113.137,   -30.000,    -0.000,   160.000,   -30.000,   113.137,   113.137,   -30.000,    29.809,     3.815,    30.000,     1.000,     0.000,     0.000,     0.000,kLegHierarchyChange,-1,0
1000110011001100110011001100,   113.137,  -113.137,   -30.000,    -0.000,  -160.000,   -30.000,  -113.137,  -113.137,   -30.000,  -113.137,   113.137,   -30.000,    -0.000,   160.000,   -30.000,   113.137,   113.137,   -30.000,   113.137,  -113.137,   -30.000,    -0.000,  -160.000,   -30.000,  -113.137,  -113.137,   -30.000,  -113.137,   113.137,   -30.000,    -0.000,   160.000,   -30.000,   113.137,   113.137,   -30.000,    29.809,     3.815,    30.000,     1.000,     0.000,     0.000,     0.000,kLegUpDown,0,1
1000110011000100110011000100,   113.137,  -113.137,   -20.000,    -0.000,  -160.000,   -30.000,  -113.137,  -113.137,   -30.000,  -113.137,   113.137,   -20.000,    -0.000,   160.000,   -30.000,   113.137,   113.137,   -30.000,   113.137,  -113.137,   -30.000,    -0.000,  -160.000,   -30.000,  -113.137,  -113.137,   -30.000,  -113.137,   113.137,   -30.000,    -0.000,   160.000,   -30.000,   113.137,   113.137,   -30.000,    29.809,     3.815,    30.000,     1.000,     0.000,     0.000,     0.000,kComUpDown,0,1
1000110011000100110011000100,   113.137,  -113.137,   -20.000,    -0.000,  -160.000,   -30.000,  -113.137,  -113.137,   -30.000,  -113.137,   113.137,   -20.000,    -0.000,   160.000,   -30.000,   113.137,   113.137,   -30.000,   113.137,  -113.137,   -30.000,    -0.000,  -160.000,   -30.000,  -113.137,  -113.137,   -30.000,  -113.137,   113.137,   -30.000,    -0.000,   160.000,   -30.000,   113.137,   113.137,   -30.000,    29.809,     3.815,    30.000,     1.000,     0.000,     0.000,     0.000,kComMove,0,1
0001110011000100110011000100,   113.137,  -113.137,   -20.000,   -99.088,  -130.005,   -30.000,  -212.225,   -83.142,   -30.000,  -113.137,   113.137,   -20.000,   -99.088,   189.995,   -30.000,    14.049,   143.132,   -30.000,   113.137,  -113.137,   -30.000,   -99.088,  -130.005,   -30.000,  -212.225,   -83.142,   -30.000,  -113.137,   113.137,   -30.000,   -99.088,   189.995,   -30.000,    14.049,   143.132,   -30.000,   128.896,   -26.179,    30.000,     1.000,     0.000,     0.000,     0.000,kLegHierarchyChange,0,1
0001110011000111110011000111,   113.137,  -113.137,   -20.000,   -99.088,  -130.005,   -30.000,  -212.225,   -83.142,   -30.000,  -113.137,   113.137,   -20.000,   -99.088,   189.995,   -30.000,    14.049,   143.132,   -30.000,   113.137,  -113.137,   -30.000,   -99.088,  -130.005,   -30.000,  -212.225,   -83.142,   -30.000,  -113.137,   113.137,   -30.000,   -99.088,   189.995,   -30.000,    14.049,   143.132,   -30.000,   128.896,   -26.179,    30.000,     1.000,     0.000,     0.000,     0.000,kLegUpDown,0,1
0001010011000111110001001111,   229.104,   -32.821,   -31.116,    -0.000,  -160.000,   -20.000,  -212.225,   -83.142,   -30.000,  -113.137,   113.137,   -20.000,   -99.088,   189.995,   -30.000,   113.137,   113.137,   -20.000,   229.104,   -32.821,   -31.116,    -0.000,  -160.000,   -30.000,  -212.225,   -83.142,   -30.000,  -113.137,   113.137,   -30.000,   -99.088,   189.995,   -30.000,   113.137,   113.137,   -30.000,   128.896,   -26.179,    30.000,     1.000,     0.000,     0.000,     0.000,kComUpDown,0,1
0001010011000111110001001111,   229.104,   -32.821,   -31.116,    -0.000,  -160.000,   -20.000,  -212.225,   -83.142,   -30.000,  -113.137,   113.137,   -20.000,   -99.088,   189.995,   -30.000,   113.137,   113.137,   -20.000,   229.104,   -32.821,   -31.116,    -0.000,  -160.000,   -30.000,  -212.225,   -83.142,   -30.000,  -113.137,   113.137,   -30.000,   -99.088,   189.995,   -30.000,   113.137,   113.137,   -30.000,   128.896,   -26.179,    30.000,     1.000,     0.000,     0.000,     0.000,kComMove,0,1
0010010011000100110001001100,   221.064,   -35.499,   -31.116,    -0.000,  -160.000,   -20.000,  -220.264,   -85.821,   -30.000,  -113.137,   113.137,   -20.000,  -107.127,   187.316,   -30.000,   113.137,   113.137,   -20.000,   221.064,   -35.499,   -31.116,    -0.000,  -160.000,   -30.000,  -220.264,   -85.821,   -30.000,  -113.137,   113.137,   -30.000,  -107.127,   187.316,   -30.000,   113.137,   113.137,   -30.000,   136.936,   -23.501,    30.000,     1.000,     0.000,     0.000,     0.000,kLegHierarchyChange,0,1
0010011111000001110001001100,   221.064,   -35.499,   -31.116,    -0.000,  -160.000,   -20.000,  -220.264,   -85.821,   -30.000,  -113.137,   113.137,   -20.000,  -107.127,   187.316,   -30.000,   113.137,   113.137,   -20.000,   221.064,   -35.499,   -31.116,    -0.000,  -160.000,   -30.000,  -220.264,   -85.821,   -30.000,  -113.137,   113.137,   -30.000,  -107.127,   187.316,   -30.000,   113.137,   113.137,   -30.000,   136.936,   -23.501,    30.000,     1.000,     0.000,     0.000,     0.000,kLegUpDown,0,1
0010111101001001010011000100,   113.137,  -113.137,   -20.000,     3.064,  -153.099,   -31.116,  -113.137,  -113.137,   -20.000,  -154.936,    22.501,   -31.116,    -0.000,   160.000,   -20.000,   221.064,    22.501,   -31.116,   113.137,  -113.137,   -31.116,     3.064,  -153.099,   -31.116,  -113.137,  -113.137,   -30.000,  -154.936,    22.501,   -31.116,    -0.000,   160.000,   -30.000,   221.064,    22.501,   -31.116,   136.936,   -23.501,    30.000,     1.000,     0.000,     0.000,     0.000,kComUpDown,0,1
0010111101001001010011000100,   113.137,  -113.137,   -20.000,     3.064,  -153.099,   -31.116,  -113.137,  -113.137,   -20.000,  -154.936,    22.501,   -31.116,    -0.000,   160.000,   -20.000,   221.064,    22.501,   -31.116,   113.137,  -113.137,   -31.116,     3.064,  -153.099,   -31.116,  -113.137,  -113.137,   -30.000,  -154.936,    22.501,   -31.116,    -0.000,   160.000,   -30.000,   221.064,    22.501,   -31.116,   136.936,   -23.501,    30.000,     1.000,     0.000,     0.000,     0.000,kComMove,0,1
0110110001001100010011000100,   113.137,  -113.137,   -20.000,   -69.606,  -134.043,   -31.116,  -113.137,  -113.137,   -20.000,  -227.606,    41.557,   -31.116,    -0.000,   160.000,   -20.000,   148.394,    41.557,   -31.116,   113.137,  -113.137,   -31.116,   -69.606,  -134.043,   -31.116,  -113.137,  -113.137,   -30.000,  -227.606,    41.557,   -31.116,    -0.000,   160.000,   -30.000,   148.394,    41.557,   -31.116,   209.606,   -42.557,    30.000,     1.000,     0.000,     0.000,     0.000,kLegHierarchyChange,0,1
0110110001001100010011000100,   113.137,  -113.137,   -20.000,   -69.606,  -134.043,   -31.116,  -113.137,  -113.137,   -20.000,  -227.606,    41.557,   -31.116,    -0.000,   160.000,   -20.000,   148.394,    41.557,   -31.116,   113.137,  -113.137,   -31.116,   -69.606,  -134.043,   -31.116,  -113.137,  -113.137,   -30.000,  -227.606,    41.557,   -31.116,    -0.000,   160.000,   -30.000,   148.394,    41.557,   -31.116,   209.606,   -42.557,    30.000,     1.000,     0.000,     0.000,     0.000,kLegUpDown,0,1
0110010011000100110001001100,   108.394,  -116.443,   -31.116,    -0.000,  -160.000,   -20.000,  -107.606,  -116.443,   -31.116,  -113.137,   113.137,   -20.000,    -9.606,   159.157,   -31.116,   113.137,   113.137,   -20.000,   108.394,  -116.443,   -31.116,    -0.000,  -160.000,   -31.116,  -107.606,  -116.443,   -31.116,  -113.137,   113.137,   -31.116,    -9.606,   159.157,   -31.116,   113.137,   113.137,   -31.116,   209.606,   -42.557,    30.000,     1.000,     0.000,     0.000,     0.000,kComUpDown,0,1
0110010011000100110001001100,   108.394,  -116.443,   -31.116,    -0.000,  -160.000,   -20.000,  -107.606,  -116.443,   -31.116,  -113.137,   113.137,   -20.000,    -9.606,   159.157,   -31.116,   113.137,   113.137,   -20.000,   108.394,  -116.443,   -31.116,    -0.000,  -160.000,   -31.116,  -107.606,  -116.443,   -31.116,  -113.137,   113.137,   -31.116,    -9.606,   159.157,   -31.116,   113.137,   113.137,   -31.116,   209.606,   -42.557,    30.000,     1.000,     0.000,     0.000,     0.000,kComMove,0,1
0001010011000100110001001100,    25.748,  -141.125,   -31.116,    -0.000,  -160.000,   -20.000,  -190.252,  -141.125,   -31.116,  -113.137,   113.137,   -20.000,   -92.252,   134.475,   -31.116,   113.137,   113.137,   -20.000,    25.748,  -141.125,   -31.116,    -0.000,  -160.000,   -31.116,  -190.252,  -141.125,   -31.116,  -113.137,   113.137,   -31.116,   -92.252,   134.475,   -31.116,   113.137,   113.137,   -31.116,   292.252,   -17.875,    30.000,     1.000,     0.000,     0.000,     0.000,kLegHierarchyChange,0,1
0001010011000001110001001100,    25.748,  -141.125,   -31.116,    -0.000,  -160.000,   -20.000,  -190.252,  -141.125,   -31.116,  -113.137,   113.137,   -20.000,   -92.252,   134.475,   -31.116,   113.137,   113.137,   -20.000,    25.748,  -141.125,   -31.116,    -0.000,  -160.000,   -31.116,  -190.252,  -141.125,   -31.116,  -113.137,   113.137,   -31.116,   -92.252,   134.475,   -31.116,   113.137,   113.137,   -31.116,   292.252,   -17.875,    30.000,     1.000,     0.000,     0.000,     0.000,kLegUpDown,0,1
0001110001001001010011000100,   113.137,  -113.137,   -20.000,     7.748,  -158.725,   -31.116,  -113.137,  -113.137,   -20.000,  -150.252,    16.875,   -31.116,    -0.000,   160.000,   -20.000,   105.748,   116.875,   -31.116,   113.137,  -113.137,   -31.116,     7.748,  -158.725,   -31.116,  -113.137,  -113.137,   -31.116,  -150.252,    16.875,   -31.116,    -0.000,   160.000,   -31.116,   105.748,   116.875,   -31.116,   292.252,   -17.875,    30.000,     1.000,     0.000,     0.000,     0.000,kComUpDown,0,1
0001110001001001010011000100,   113.137,  -113.137,   -20.000,     7.748,  -158.725,   -31.116,  -113.137,  -113.137,   -20.000,  -150.252,    16.875,   -31.116,    -0.000,   160.000,   -20.000,   105.748,   116.875,   -31.116,   113.137,  -113.137,   -31.116,     7.748,  -158.725,   -31.116,  -113.137,  -113.137,   -31.116,  -150.252,    16.875,   -31.116,    -0.000,   160.000,   -31.116,   105.748,   116.875,   -31.116,   292.252,   -17.875,    30.000,     1.000,     0.000,     0.000,     0.000,kComMove,0,1
0001110001001100010011000100,   113.137,  -113.137,   -20.000,   -77.840,  -129.919,   -31.116,  -113.137,  -113.137,   -20.000,  -235.840,    45.681,   -31.116,    -0.000,   160.000,   -20.000,    20.160,   145.681,   -31.116,   113.137,  -113.137,   -31.116,   -77.840,  -129.919,   -31.116,  -113.137,  -113.137,   -31.116,  -235.840,    45.681,   -31.116,    -0.000,   160.000,   -31.116,    20.160,   145.681,   -31.116,   377.840,   -46.681,    30.000,     1.000,     0.000,     0.000,     0.000,kLegHierarchyChange,0,1
0001110001001100000111000100,   113.137,  -113.137,   -20.000,   -77.840,  -129.919,   -31.116,  -113.137,  -113.137,   -20.000,  -235.840,    45.681,   -31.116,    -0.000,   160.000,   -20.000,    20.160,   145.681,   -31.116,   113.137,  -113.137,   -31.116,   -77.840,  -129.919,   -31.116,  -113.137,  -113.137,   -31.116,  -235.840,    45.681,   -31.116,    -0.000,   160.000,   -31.116,    20.160,   145.681,   -31.116,   377.840,   -46.681,    30.000,     1.000,     0.000,     0.000,     0.000,kLegUpDown,0,1
0001010011000100100101001100,   120.160,  -112.319,   -31.116,    -0.000,  -160.000,   -20.000,  -155.840,   -32.319,   -31.116,  -113.137,   113.137,   -20.000,     2.160,   163.281,   -31.116,   113.137,   113.137,   -20.000,   120.160,  -112.319,   -31.116,    -0.000,  -160.000,   -31.116,  -155.840,   -32.319,   -31.116,  -113.137,   113.137,   -31.116,     2.160,   163.281,   -31.116,   113.137,   113.137,   -31.116,   377.840,   -46.681,    30.000,     1.000,     0.000,     0.000,     0.000,kComUpDown,0,1
0001010011000100100101001100,   120.160,  -112.319,   -31.116,    -0.000,  -160.000,   -20.000,  -155.840,   -32.319,   -31.116,  -113.137,   113.137,   -20.000,     2.160,   163.281,   -31.116,   113.137,   113.137,   -20.000,   120.160,  -112.319,   -31.116,    -0.000,  -160.000,   -31.116,  -155.840,   -32.319,   -31.116,  -113.137,   113.137,   -31.116,     2.160,   163.281,   -31.116,   113.137,   113.137,   -31.116,   377.840,   -46.681,    30.000,     1.000,     0.000,     0.000,     0.000,kComMove,0,1
0001010011000100110001001100,    47.336,  -143.576,   -31.116,    -0.000,  -160.000,   -20.000,  -228.664,   -63.576,   -31.116,  -113.137,   113.137,   -20.000,   -70.664,   132.024,   -31.116,   113.137,   113.137,   -20.000,    47.336,  -143.576,   -31.116,    -0.000,  -160.000,   -31.116,  -228.664,   -63.576,   -31.116,  -113.137,   113.137,   -31.116,   -70.664,   132.024,   -31.116,   113.137,   113.137,   -31.116,   450.664,   -15.424,    30.000,     1.000,     0.000,     0.000,     0.000,kLegHierarchyChange,0,1
0001001011000100110001001100,    47.336,  -143.576,   -31.116,    -0.000,  -160.000,   -20.000,  -228.664,   -63.576,   -31.116,  -113.137,   113.137,   -20.000,   -70.664,   132.024,   -31.116,   113.137,   113.137,   -20.000,    47.336,  -143.576,   -31.116,    -0.000,  -160.000,   -31.116,  -228.664,   -63.576,   -31.116,  -113.137,   113.137,   -31.116,   -70.664,   132.024,   -31.116,   113.137,   113.137,   -31.116,   450.664,   -15.424,    30.000,     1.000,     0.000,     0.000,     0.000,kLegUpDown,0,1
0001101011001100010011000100,   113.137,  -113.137,   -20.000,   -10.664,  -161.176,   -31.116,  -113.137,  -113.137,   -20.000,  -108.664,    94.424,   -31.116,   -70.664,   132.024,   -31.116,    27.336,   214.424,   -31.116,   113.137,  -113.137,   -31.116,   -10.664,  -161.176,   -31.116,  -113.137,  -113.137,   -31.116,  -108.664,    94.424,   -31.116,   -70.664,   132.024,   -31.116,    27.336,   214.424,   -31.116,   450.664,   -15.424,    30.000,     1.000,     0.000,     0.000,     0.000,kComUpDown,0,1
0001101011001100010011000100,   113.137,  -113.137,   -20.000,   -10.664,  -161.176,   -31.116,  -113.137,  -113.137,   -20.000,  -108.664,    94.424,   -31.116,   -70.664,   132.024,   -31.116,    27.336,   214.424,   -31.116,   113.137,  -113.137,   -31.116,   -10.664,  -161.176,   -31.116,  -113.137,  -113.137,   -31.116,  -108.664,    94.424,   -31.116,   -70.664,   132.024,   -31.116,    27.336,   214.424,   -31.116,   450.664,   -15.424,    30.000,     1.000,     0.000,     0.000,     0.000,kBodyYawRot,0,1
0001101011001100010011000100,   113.137,  -113.137,   -20.000,  -100.511,  -141.573,   -31.116,  -113.137,  -113.137,   -20.000,   -41.595,   163.942,   -31.116,    14.117,   141.994,   -31.116,   112.530,   146.738,   -31.116,   113.137,  -113.137,   -31.116,  -100.511,  -141.573,   -31.116,  -113.137,  -113.137,   -31.116,   -41.595,   163.942,   -31.116,    14.117,   141.994,   -31.116,   112.530,   146.738,   -31.116,   450.664,   -15.424,    30.000,     0.985,     0.000,     0.000,     0.174,kLegHierarchyChange,0,1
0001101011001100010011000100,   113.137,  -113.137,   -20.000,  -100.511,  -141.573,   -31.116,  -113.137,  -113.137,   -20.000,   -41.595,   163.942,   -31.116,    14.117,   141.994,   -31.116,   112.530,   146.738,   -31.116,   113.137,  -113.137,   -31.116,  -100.511,  -141.573,   -31.116,  -113.137,  -113.137,   -31.116,   -41.595,   163.942,   -31.116,    14.117,   141.994,   -31.116,   112.530,   146.738,   -31.116,   450.664,   -15.424,    30.000,     0.985,     0.000,     0.000,     0.174,kLegUpDown,0,1
0001101011000100110001001100,   102.166,  -110.594,   -31.116,    -0.000,  -160.000,   -20.000,  -122.022,  -110.456,   -31.116,  -113.137,   113.137,   -20.000,    14.117,   141.994,   -31.116,   112.530,   146.738,   -31.116,   102.166,  -110.594,   -31.116,    -0.000,  -160.000,   -31.116,  -122.022,  -110.456,   -31.116,  -113.137,   113.137,   -31.116,    14.117,   141.994,   -31.116,   112.530,   146.738,   -31.116,   450.664,   -15.424,    30.000,     0.985,     0.000,     0.000,     0.174,kComUpDown,0,1
0001101011000100110001001100,   102.166,  -110.594,   -31.116,    -0.000,  -160.000,   -20.000,  -122.022,  -110.456,   -31.116,  -113.137,   113.137,   -20.000,    14.117,   141.994,   -31.116,   112.530,   146.738,   -31.116,   102.166,  -110.594,   -31.116,    -0.000,  -160.000,   -31.116,  -122.022,  -110.456,   -31.116,  -113.137,   113.137,   -31.116,    14.117,   141.994,   -31.116,   112.530,   146.738,   -31.116,   450.664,   -15.424,    30.000,     0.985,     0.000,     0.000,     0.174,kBodyYawRot,0,1
0001101011000100110001001100,    29.959,  -176.915,   -31.116,    -0.000,  -160.000,   -20.000,  -165.947,   -16.655,   -31.116,  -113.137,   113.137,   -20.000,    97.196,   122.367,   -31.116,   169.437,    53.995,   -31.116,    29.959,  -176.915,   -31.116,    -0.000,  -160.000,   -31.116,  -165.947,   -16.655,   -31.116,  -113.137,   113.137,   -31.116,    97.196,   122.367,   -31.116,   169.437,    53.995,   -31.116,   450.664,   -15.424,    30.000,     0.940,     0.000,     0.000,     0.342,kLegHierarchyChange,0,1
0001101011000100110001001100,    29.959,  -176.915,   -31.116,    -0.000,  -160.000,   -20.000,  -165.947,   -16.655,   -31.116,  -113.137,   113.137,   -20.000,    97.196,   122.367,   -31.116,   169.437,    53.995,   -31.116,    29.959,  -176.915,   -31.116,    -0.000,  -160.000,   -31.116,  -165.947,   -16.655,   -31.116,  -113.137,   113.137,   -31.116,    97.196,   122.367,   -31.116,   169.437,    53.995,   -31.116,   450.664,   -15.424,    30.000,     0.940,     0.000,     0.000,     0.342,kLegUpDown,0,1
0001101001001100010011000100,   113.137,  -113.137,   -20.000,    -1.780,  -162.162,   -31.116,  -113.137,  -113.137,   -20.000,  -131.780,   119.865,   -31.116,    -0.000,   160.000,   -20.000,   169.437,    53.995,   -31.116,   113.137,  -113.137,   -31.116,    -1.780,  -162.162,   -31.116,  -113.137,  -113.137,   -31.116,  -131.780,   119.865,   -31.116,    -0.000,   160.000,   -31.116,   169.437,    53.995,   -31.116,   450.664,   -15.424,    30.000,     0.940,     0.000,     0.000,     0.342,kComUpDown,0,1
0001101001001100010011000100,   113.137,  -113.137,   -20.000,    -1.780,  -162.162,   -31.116,  -113.137,  -113.137,   -20.000,  -131.780,   119.865,   -31.116,    -0.000,   160.000,   -20.000,   169.437,    53.995,   -31.116,   113.137,  -113.137,   -31.116,    -1.780,  -162.162,   -31.116,  -113.137,  -113.137,   -31.116,  -131.780,   119.865,   -31.116,    -0.000,   160.000,   -31.116,   169.437,    53.995,   -31.116,   450.664,   -15.424,    30.000,     0.940,     0.000,     0.000,     0.342,kBodyYawRot,0,1
0001101001001100010011000100,   113.137,  -113.137,   -20.000,   -29.529,  -160.521,   -31.116,  -113.137,  -113.137,   -20.000,  -111.484,   145.401,   -31.116,    -0.000,   160.000,   -20.000,   179.861,    22.902,   -31.116,   113.137,  -113.137,   -31.116,   -29.529,  -160.521,   -31.116,  -113.137,  -113.137,   -31.116,  -111.484,   145.401,   -31.116,    -0.000,   160.000,   -31.116,   179.861,    22.902,   -31.116,   450.664,   -15.424,    30.000,     0.921,     0.000,     0.000,     0.391,kLegHierarchyChange,0,1
0001101001001100011011000100,   113.137,  -113.137,   -20.000,   -29.529,  -160.521,   -31.116,  -113.137,  -113.137,   -20.000,  -111.484,   145.401,   -31.116,    -0.000,   160.000,   -20.000,   179.861,    22.902,   -31.116,   113.137,  -113.137,   -31.116,   -29.529,  -160.521,   -31.116,  -113.137,  -113.137,   -31.116,  -111.484,   145.401,   -31.116,    -0.000,   160.000,   -31.116,   179.861,    22.902,   -31.116,   450.664,   -15.424,    30.000,     0.921,     0.000,     0.000,     0.391,kLegUpDown,0,1
0001001011001100111001001100,   104.471,  -122.523,   -31.116,    -0.000,  -160.000,   -20.000,   -21.143,  -229.226,   -31.116,  -111.484,   145.401,   -31.116,    -6.257,   155.612,   -31.116,   113.137,   113.137,   -20.000,   104.471,  -122.523,   -31.116,    -0.000,  -160.000,   -31.116,   -21.143,  -229.226,   -31.116,  -111.484,   145.401,   -31.116,    -6.257,   155.612,   -31.116,   113.137,   113.137,   -31.116,   450.664,   -15.424,    30.000,     0.921,     0.000,     0.000,     0.391,kComUpDown,0,1
0001001011001100111001001100,   104.471,  -122.523,   -31.116,    -0.000,  -160.000,   -20.000,   -21.143,  -229.226,   -31.116,  -111.484,   145.401,   -31.116,    -6.257,   155.612,   -31.116,   113.137,   113.137,   -20.000,   104.471,  -122.523,   -31.116,    -0.000,  -160.000,   -31.116,   -21.143,  -229.226,   -31.116,  -111.484,   145.401,   -31.116,    -6.257,   155.612,   -31.116,   113.137,   113.137,   -31.116,   450.664,   -15.424,    30.000,     0.921,     0.000,     0.000,     0.391,kBodyYawRot,0,1
0001001011001100111001001100,    28.045,  -188.914,   -31.116,    -0.000,  -160.000,   -20.000,  -111.774,  -162.766,   -31.116,   -26.810,   212.810,   -31.116,    82.708,   142.132,   -31.116,   113.137,   113.137,   -20.000,    28.045,  -188.914,   -31.116,    -0.000,  -160.000,   -31.116,  -111.774,  -162.766,   -31.116,   -26.810,   212.810,   -31.116,    82.708,   142.132,   -31.116,   113.137,   113.137,   -31.116,   450.664,   -15.424,    30.000,     0.839,     0.000,     0.000,     0.545,kLegHierarchyChange,0,1
0001001011001100111001001100,    28.045,  -188.914,   -31.116,    -0.000,  -160.000,   -20.000,  -111.774,  -162.766,   -31.116,   -26.810,   212.810,   -31.116,    82.708,   142.132,   -31.116,   113.137,   113.137,   -20.000,    28.045,  -188.914,   -31.116,    -0.000,  -160.000,   -31.116,  -111.774,  -162.766,   -31.116,   -26.810,   212.810,   -31.116,    82.708,   142.132,   -31.116,   113.137,   113.137,   -31.116,   450.664,   -15.424,    30.000,     0.839,     0.000,     0.000,     0.545,kLegUpDown,0,1
0001101001000100111011000100,   113.137,  -113.137,   -20.000,   -12.392,  -175.049,   -31.116,  -111.774,  -162.766,   -31.116,  -113.137,   113.137,   -20.000,    -0.000,   160.000,   -20.000,    25.656,   235.341,   -31.116,   113.137,  -113.137,   -31.116,   -12.392,  -175.049,   -31.116,  -111.774,  -162.766,   -31.116,  -113.137,   113.137,   -31.116,    -0.000,   160.000,   -31.116,    25.656,   235.341,   -31.116,   450.664,   -15.424,    30.000,     0.839,     0.000,     0.000,     0.545,kComUpDown,0,1
0001101001000100111011000100,   113.137,  -113.137,   -20.000,   -12.392,  -175.049,   -31.116,  -111.774,  -162.766,   -31.116,  -113.137,   113.137,   -20.000,    -0.000,   160.000,   -20.000,    25.656,   235.341,   -31.116,   113.137,  -113.137,   -31.116,   -12.392,  -175.049,   -31.116,  -111.774,  -162.766,   -31.116,  -113.137,   113.137,   -31.116,    -0.000,   160.000,   -31.116,    25.656,   235.341,   -31.116,   450.664,   -15.424,    30.000,     0.839,     0.000,     0.000,     0.545,kBodyYawRot,0,1
0001101001000100111011000100,   113.137,  -113.137,   -20.000,  -106.880,  -154.019,   -31.116,  -174.208,   -69.316,   -31.116,  -113.137,   113.137,   -20.000,    -0.000,   160.000,   -20.000,   118.107,   166.968,   -31.116,   113.137,  -113.137,   -31.116,  -106.880,  -154.019,   -31.116,  -174.208,   -69.316,   -31.116,  -113.137,   113.137,   -31.116,    -0.000,   160.000,   -31.116,   118.107,   166.968,   -31.116,   450.664,   -15.424,    30.000,     0.731,     0.000,     0.000,     0.682,kLegHierarchyChange,0,1
0001101001000010111011000100,   113.137,  -113.137,   -20.000,  -106.880,  -154.019,   -31.116,  -174.208,   -69.316,   -31.116,  -113.137,   113.137,   -20.000,    -0.000,   160.000,   -20.000,   118.107,   166.968,   -31.116,   113.137,  -113.137,   -31.116,  -106.880,  -154.019,   -31.116,  -174.208,   -69.316,   -31.116,  -113.137,   113.137,   -31.116,    -0.000,   160.000,   -31.116,   118.107,   166.968,   -31.116,   450.664,   -15.424,    30.000,     0.731,     0.000,     0.000,     0.682,kLegUpDown,0,1
0001101011001010011001001100,   106.106,  -112.848,   -31.116,    -0.000,  -160.000,   -20.000,  -113.137,  -113.137,   -20.000,  -229.456,    25.358,   -31.116,    -3.494,   167.681,   -31.116,   118.107,   166.968,   -31.116,   106.106,  -112.848,   -31.116,    -0.000,  -160.000,   -31.116,  -113.137,  -113.137,   -31.116,  -229.456,    25.358,   -31.116,    -3.494,   167.681,   -31.116,   118.107,   166.968,   -31.116,   450.664,   -15.424,    30.000,     0.731,     0.000,     0.000,     0.682,kComUpDown,0,1
0001101011001010011001001100,   106.106,  -112.848,   -31.116,    -0.000,  -160.000,   -20.000,  -113.137,  -113.137,   -20.000,  -229.456,    25.358,   -31.116,    -3.494,   167.681,   -31.116,   118.107,   166.968,   -31.116,   106.106,  -112.848,   -31.116,    -0.000,  -160.000,   -31.116,  -113.137,  -113.137,   -31.116,  -229.456,    25.358,   -31.116,    -3.494,   167.681,   -31.116,   118.107,   166.968,   -31.116,   450.664,   -15.424,    30.000,     0.731,     0.000,     0.000,     0.682,kBodyYawRot,0,1
0001101011001010011001001100,    32.890,  -180.380,   -31.116,    -0.000,  -160.000,   -20.000,  -113.137,  -113.137,   -20.000,  -178.725,   140.355,   -31.116,    89.431,   152.528,   -31.116,   181.596,    71.099,   -31.116,    32.890,  -180.380,   -31.116,    -0.000,  -160.000,   -31.116,  -113.137,  -113.137,   -31.116,  -178.725,   140.355,   -31.116,    89.431,   152.528,   -31.116,   181.596,    71.099,   -31.116,   450.664,   -15.424,    30.000,     0.602,     0.000,     0.000,     0.799,kLegHierarchyChange,0,1
0001101011001010011001101100,    32.890,  -180.380,   -31.116,    -0.000,  -160.000,   -20.000,  -113.137,  -113.137,   -20.000,  -178.725,   140.355,   -31.116,    89.431,   152.528,   -31.116,   181.596,    71.099,   -31.116,    32.890,  -180.380,   -31.116,    -0.000,  -160.000,   -31.116,  -113.137,  -113.137,   -31.116,  -178.725,   140.355,   -31.116,    89.431,   152.528,   -31.116,   181.596,    71.099,   -31.116,   450.664,   -15.424,    30.000,     0.602,     0.000,     0.000,     0.799,kLegUpDown,0,1
0001101001001010111011100100,   113.137,  -113.137,   -20.000,    97.215,  -121.442,   -31.116,   -19.827,  -199.328,   -31.116,  -178.725,   140.355,   -31.116,    -0.000,   160.000,   -20.000,   181.596,    71.099,   -31.116,   113.137,  -113.137,   -31.116,    97.215,  -121.442,   -31.116,   -19.827,  -199.328,   -31.116,  -178.725,   140.355,   -31.116,    -0.000,   160.000,   -31.116,   181.596,    71.099,   -31.116,   450.664,   -15.424,    30.000,     0.602,     0.000,     0.000,     0.799,kComUpDown,0,1
0001101001001010111011100100,   113.137,  -113.137,   -20.000,    97.215,  -121.442,   -31.116,   -19.827,  -199.328,   -31.116,  -178.725,   140.355,   -31.116,    -0.000,   160.000,   -20.000,   181.596,    71.099,   -31.116,   113.137,  -113.137,   -31.116,    97.215,  -121.442,   -31.116,   -19.827,  -199.328,   -31.116,  -178.725,   140.355,   -31.116,    -0.000,   160.000,   -31.116,   181.596,    71.099,   -31.116,   450.664,   -15.424,    30.000,     0.602,     0.000,     0.000,     0.799,kBodyYawRot,0,1
0001101001001010111011100100,   113.137,  -113.137,   -20.000,    64.977,  -132.784,   -31.116,   -54.677,  -177.056,   -31.116,  -147.775,   180.249,   -31.116,    -0.000,   160.000,   -20.000,   197.026,    27.561,   -31.116,   113.137,  -113.137,   -31.116,    64.977,  -132.784,   -31.116,   -54.677,  -177.056,   -31.116,  -147.775,   180.249,   -31.116,    -0.000,   160.000,   -31.116,   197.026,    27.561,   -31.116,   450.664,   -15.424,    30.000,     0.545,     0.000,     0.000,     0.839,kLegHierarchyChange,0,1
0001101001001010111011100100,   113.137,  -113.137,   -20.000,    64.977,  -132.784,   -31.116,   -54.677,  -177.056,   -31.116,  -147.775,   180.249,   -31.116,    -0.000,   160.000,   -20.000,   197.026,    27.561,   -31.116,   113.137,  -113.137,   -31.116,    64.977,  -132.784,   -31.116,   -54.677,  -177.056,   -31.116,  -147.775,   180.249,   -31.116,    -0.000,   160.000,   -31.116,   197.026,    27.561,   -31.116,   450.664,   -15.424,    30.000,     0.545,     0.000,     0.000,     0.839,kLegUpDown,0,1
0001001011000010111011101100,   127.816,  -104.230,   -31.116,    64.977,  -132.784,   -31.116,   -54.677,  -177.056,   -31.116,  -113.137,   113.137,   -20.000,     6.419,   168.128,   -31.116,   113.137,   113.137,   -20.000,   127.816,  -104.230,   -31.116,    64.977,  -132.784,   -31.116,   -54.677,  -177.056,   -31.116,  -113.137,   113.137,   -31.116,     6.419,   168.128,   -31.116,   113.137,   113.137,   -31.116,   450.664,   -15.424,    30.000,     0.545,     0.000,     0.000,     0.839,kComUpDown,0,1
0001001011000010111011101100,   127.816,  -104.230,   -31.116,    64.977,  -132.784,   -31.116,   -54.677,  -177.056,   -31.116,  -113.137,   113.137,   -20.000,     6.419,   168.128,   -31.116,   113.137,   113.137,   -20.000,   127.816,  -104.230,   -31.116,    64.977,  -132.784,   -31.116,   -54.677,  -177.056,   -31.116,  -113.137,   113.137,   -31.116,     6.419,   168.128,   -31.116,   113.137,   113.137,   -31.116,   450.664,   -15.424,    30.000,     0.545,     0.000,     0.000,     0.839,kBodyYawRot,0,1
0001001011000010111011101100,    56.238,  -179.708,   -31.116,   -19.721,  -140.763,   -31.116,  -125.442,  -102.272,   -31.116,  -113.137,   113.137,   -20.000,    98.900,   149.557,   -31.116,   113.137,   113.137,   -20.000,    56.238,  -179.708,   -31.116,   -19.721,  -140.763,   -31.116,  -125.442,  -102.272,   -31.116,  -113.137,   113.137,   -31.116,    98.900,   149.557,   -31.116,   113.137,   113.137,   -31.116,   450.664,   -15.424,    30.000,     0.391,     0.000,     0.000,     0.921,kLegHierarchyChange,0,1
0001010011000100111011101100,    56.238,  -179.708,   -31.116,   -19.721,  -140.763,   -31.116,  -125.442,  -102.272,   -31.116,  -113.137,   113.137,   -20.000,    98.900,   149.557,   -31.116,   113.137,   113.137,   -20.000,    56.238,  -179.708,   -31.116,   -19.721,  -140.763,   -31.116,  -125.442,  -102.272,   -31.116,  -113.137,   113.137,   -31.116,    98.900,   149.557,   -31.116,   113.137,   113.137,   -31.116,   450.664,   -15.424,    30.000,     0.391,     0.000,     0.000,     0.921,kLegUpDown,0,1
0001110001001100111011100100,   113.137,  -113.137,   -20.000,   -19.721,  -140.763,   -31.116,  -125.442,  -102.272,   -31.116,  -103.085,   115.581,   -31.116,    -0.000,   160.000,   -20.000,   105.394,   123.479,   -31.116,   113.137,  -113.137,   -31.116,   -19.721,  -140.763,   -31.116,  -125.442,  -102.272,   -31.116,  -103.085,   115.581,   -31.116,    -0.000,   160.000,   -31.116,   105.394,   123.479,   -31.116,   450.664,   -15.424,    30.000,     0.391,     0.000,     0.000,     0.921,kComUpDown,0,1
0001110001001100111011100100,   113.137,  -113.137,   -20.000,   -19.721,  -140.763,   -31.116,  -125.442,  -102.272,   -31.116,  -103.085,   115.581,   -31.116,    -0.000,   160.000,   -20.000,   105.394,   123.479,   -31.116,   113.137,  -113.137,   -31.116,   -19.721,  -140.763,   -31.116,  -125.442,  -102.272,   -31.116,  -103.085,   115.581,   -31.116,    -0.000,   160.000,   -31.116,   105.394,   123.479,   -31.116,   450.664,   -15.424,    30.000,     0.391,     0.000,     0.000,     0.921,kBodyYawRot,0,1
0001110001001100111011100100,   113.137,  -113.137,   -20.000,   -94.207,  -122.719,   -31.116,  -163.785,   -17.817,   -31.116,   -37.502,   176.494,   -31.116,    -0.000,   160.000,   -20.000,   151.272,    44.181,   -31.116,   113.137,  -113.137,   -31.116,   -94.207,  -122.719,   -31.116,  -163.785,   -17.817,   -31.116,   -37.502,   176.494,   -31.116,    -0.000,   160.000,   -31.116,   151.272,    44.181,   -31.116,   450.664,   -15.424,    30.000,     0.242,     0.000,     0.000,     0.970,kLegHierarchyChange,0,1
0001110001101100111011100110,   113.137,  -113.137,   -20.000,   -94.207,  -122.719,   -31.116,  -163.785,   -17.817,   -31.116,   -37.502,   176.494,   -31.116,    -0.000,   160.000,   -20.000,   151.272,    44.181,   -31.116,   113.137,  -113.137,   -31.116,   -94.207,  -122.719,   -31.116,  -163.785,   -17.817,   -31.116,   -37.502,   176.494,   -31.116,    -0.000,   160.000,   -31.116,   151.272,    44.181,   -31.116,   450.664,   -15.424,    30.000,     0.242,     0.000,     0.000,     0.970,kLegUpDown,0,1
0001010011100100111001101110,   182.800,   -20.918,   -31.116,    -0.000,  -160.000,   -20.000,  -163.785,   -17.817,   -31.116,  -113.137,   113.137,   -20.000,   152.329,   186.640,   -31.116,   113.137,   113.137,   -20.000,   182.800,   -20.918,   -31.116,    -0.000,  -160.000,   -31.116,  -163.785,   -17.817,   -31.116,  -113.137,   113.137,   -31.116,   152.329,   186.640,   -31.116,   113.137,   113.137,   -31.116,   450.664,   -15.424,    30.000,     0.242,     0.000,     0.000,     0.970,kComUpDown,0,1
0001010011100100111001101110,   182.800,   -20.918,   -31.116,    -0.000,  -160.000,   -20.000,  -163.785,   -17.817,   -31.116,  -113.137,   113.137,   -20.000,   152.329,   186.640,   -31.116,   113.137,   113.137,   -20.000,   182.800,   -20.918,   -31.116,    -0.000,  -160.000,   -31.116,  -163.785,   -17.817,   -31.116,  -113.137,   113.137,   -31.116,   152.329,   186.640,   -31.116,   113.137,   113.137,   -31.116,   450.664,   -15.424,    30.000,     0.242,     0.000,     0.000,     0.970,kBodyYawRot,0,1
0001010011100100111001101110,   182.800,   -20.918,   -31.116,    -0.000,  -160.000,   -20.000,  -163.785,   -17.817,   -31.116,  -113.137,   113.137,   -20.000,   152.329,   186.640,   -31.116,   113.137,   113.137,   -20.000,   182.800,   -20.918,   -31.116,    -0.000,  -160.000,   -31.116,  -163.785,   -17.817,   -31.116,  -113.137,   113.137,   -31.116,   152.329,   186.640,   -31.116,   113.137,   113.137,   -31.116,   450.664,   -15.424,    30.000,     0.242,     0.000,     0.000,     0.970,kLegHierarchyChange,0,1
0001010011100100111001101110,   182.800,   -20.918,   -31.116,    -0.000,  -160.000,   -20.000,  -163.785,   -17.817,   -31.116,  -113.137,   113.137,   -20.000,   152.329,   186.640,   -31.116,   113.137,   113.137,   -20.000,   182.800,   -20.918,   -31.116,    -0.000,  -160.000,   -31.116,  -163.785,   -17.817,   -31.116,  -113.137,   113.137,   -31.116,   152.329,   186.640,   -31.116,   113.137,   113.137,   -31.116,   450.664,   -15.424,    30.000,     0.242,     0.000,     0.000,     0.970,kLegUpDown,0,1
0001110001101100011011101110,   182.800,   -20.918,   -31.116,   130.450,  -161.827,   -31.116,  -113.137,  -113.137,   -20.000,   -98.749,   121.277,   -31.116,    -0.000,   160.000,   -20.000,    96.055,   105.428,   -31.116,   182.800,   -20.918,   -31.116,   130.450,  -161.827,   -31.116,  -113.137,  -113.137,   -31.116,   -98.749,   121.277,   -31.116,    -0.000,   160.000,   -31.116,    96.055,   105.428,   -31.116,   450.664,   -15.424,    30.000,     0.242,     0.000,     0.000,     0.970,kComUpDown,0,1
0001110001101100011011101110,   182.800,   -20.918,   -31.116,   130.450,  -161.827,   -31.116,  -113.137,  -113.137,   -20.000,   -98.749,   121.277,   -31.116,    -0.000,   160.000,   -20.000,    96.055,   105.428,   -31.116,   182.800,   -20.918,   -31.116,   130.450,  -161.827,   -31.116,  -113.137,  -113.137,   -31.116,   -98.749,   121.277,   -31.116,    -0.000,   160.000,   -31.116,    96.055,   105.428,   -31.116,   450.664,   -15.424,    30.000,     0.242,     0.000,     0.000,     0.970,kBodyYawRot,0,1
0001110001101100011011101110,   136.400,  -120.225,   -31.116,    31.870,  -190.448,   -31.116,  -113.137,  -113.137,   -20.000,   -23.094,   185.785,   -31.116,    -0.000,   160.000,   -20.000,   139.826,    20.812,   -31.116,   136.400,  -120.225,   -31.116,    31.870,  -190.448,   -31.116,  -113.137,  -113.137,   -31.116,   -23.094,   185.785,   -31.116,    -0.000,   160.000,   -31.116,   139.826,    20.812,   -31.116,   450.664,   -15.424,    30.000,     0.070,     0.000,     0.000,     0.998,kLegHierarchyChange,0,1
0001110000101100011011101110,   136.400,  -120.225,   -31.116,    31.870,  -190.448,   -31.116,  -113.137,  -113.137,   -20.000,   -23.094,   185.785,   -31.116,    -0.000,   160.000,   -20.000,   139.826,    20.812,   -31.116,   136.400,  -120.225,   -31.116,    31.870,  -190.448,   -31.116,  -113.137,  -113.137,   -31.116,   -23.094,   185.785,   -31.116,    -0.000,   160.000,   -31.116,   139.826,    20.812,   -31.116,   450.664,   -15.424,    30.000,     0.070,     0.000,     0.000,     0.998,kLegUpDown,0,1
0001010010100100111011101110,   136.400,  -120.225,   -31.116,    31.870,  -190.448,   -31.116,   -15.707,  -175.894,   -31.116,  -113.137,   113.137,   -20.000,  -150.661,   182.996,   -31.116,   113.137,   113.137,   -20.000,   136.400,  -120.225,   -31.116,    31.870,  -190.448,   -31.116,   -15.707,  -175.894,   -31.116,  -113.137,   113.137,   -31.116,  -150.661,   182.996,   -31.116,   113.137,   113.137,   -31.116,   450.664,   -15.424,    30.000,     0.070,     0.000,     0.000,     0.998,kComUpDown,0,1
0001010010100100111011101110,   136.400,  -120.225,   -31.116,    31.870,  -190.448,   -31.116,   -15.707,  -175.894,   -31.116,  -113.137,   113.137,   -20.000,  -150.661,   182.996,   -31.116,   113.137,   113.137,   -20.000,   136.400,  -120.225,   -31.116,    31.870,  -190.448,   -31.116,   -15.707,  -175.894,   -31.116,  -113.137,   113.137,   -31.116,  -150.661,   182.996,   -31.116,   113.137,   113.137,   -31.116,   450.664,   -15.424,    30.000,     0.070,     0.000,     0.000,     0.998,kBodyYawRot,0,1
0001010010100100111011101110,   116.042,  -146.243,   -31.116,     0.980,  -192.170,   -31.116,   -39.715,  -160.202,   -31.116,  -113.137,   113.137,   -20.000,  -119.899,   197.175,   -31.116,   113.137,   113.137,   -20.000,   116.042,  -146.243,   -31.116,     0.980,  -192.170,   -31.116,   -39.715,  -160.202,   -31.116,  -113.137,   113.137,   -31.116,  -119.899,   197.175,   -31.116,   113.137,   113.137,   -31.116,   450.664,   -15.424,    30.000,     0.017,     0.000,     0.000,     1.000,kLegHierarchyChange,0,1
0001011110100111111011101110,   116.042,  -146.243,   -31.116,     0.980,  -192.170,   -31.116,   -39.715,  -160.202,   -31.116,  -113.137,   113.137,   -20.000,  -119.899,   197.175,   -31.116,   113.137,   113.137,   -20.000,   116.042,  -146.243,   -31.116,     0.980,  -192.170,   -31.116,   -39.715,  -160.202,   -31.116,  -113.137,   113.137,   -31.116,  -119.899,   197.175,   -31.116,   113.137,   113.137,   -31.116,   450.664,   -15.424,    30.000,     0.017,     0.000,     0.000,     1.000,kLegUpDown,0,1
0001111100101111011011100110,   113.137,  -113.137,   -20.000,     0.980,  -192.170,   -31.116,  -113.137,  -113.137,   -20.000,   -15.793,   178.914,   -31.116,    -0.000,   160.000,   -20.000,   225.499,    35.763,   -31.116,   113.137,  -113.137,   -31.116,     0.980,  -192.170,   -31.116,  -113.137,  -113.137,   -31.116,   -15.793,   178.914,   -31.116,    -0.000,   160.000,   -31.116,   225.499,    35.763,   -31.116,   450.664,   -15.424,    30.000,     0.017,     0.000,     0.000,     1.000,kComUpDown,0,1
0001111100101111011011100110,   113.137,  -113.137,   -20.000,     0.980,  -192.170,   -31.116,  -113.137,  -113.137,   -20.000,   -15.793,   178.914,   -31.116,    -0.000,   160.000,   -20.000,   225.499,    35.763,   -31.116,   113.137,  -113.137,   -31.116,     0.980,  -192.170,   -31.116,  -113.137,  -113.137,   -31.116,   -15.793,   178.914,   -31.116,    -0.000,   160.000,   -31.116,   225.499,    35.763,   -31.116,   450.664,   -15.424,    30.000,     0.017,     0.000,     0.000,     1.000,kComMove,0,1
1000110001001100010011000100,   113.137,  -113.137,   -20.000,   -16.397,  -203.782,   -31.116,  -113.137,  -113.137,   -20.000,   -33.169,   167.301,   -31.116,    -0.000,   160.000,   -20.000,   208.122,    24.150,   -31.116,   113.137,  -113.137,   -31.116,   -16.397,  -203.782,   -31.116,  -113.137,  -113.137,   -31.116,   -33.169,   167.301,   -31.116,    -0.000,   160.000,   -31.116,   208.122,    24.150,   -31.116,   432.893,   -26.422,    30.000,     0.017,     0.000,     0.000,     1.000,kLegHierarchyChange,0,1
1000110001101100001011000010,   113.137,  -113.137,   -20.000,   -16.397,  -203.782,   -31.116,  -113.137,  -113.137,   -20.000,   -33.169,   167.301,   -31.116,    -0.000,   160.000,   -20.000,   208.122,    24.150,   -31.116,   113.137,  -113.137,   -31.116,   -16.397,  -203.782,   -31.116,  -113.137,  -113.137,   -31.116,   -33.169,   167.301,   -31.116,    -0.000,   160.000,   -31.116,   208.122,    24.150,   -31.116,   432.893,   -26.422,    30.000,     0.017,     0.000,     0.000,     1.000,kLegUpDown,0,1
1000010011100100101011001010,    20.109,  -200.622,   -31.116,   -16.397,  -203.782,   -31.116,  -182.602,   -16.100,   -31.116,  -113.137,   113.137,   -20.000,   143.252,   175.347,   -31.116,   113.137,   113.137,   -20.000,    20.109,  -200.622,   -31.116,   -16.397,  -203.782,   -31.116,  -182.602,   -16.100,   -31.116,  -113.137,   113.137,   -31.116,   143.252,   175.347,   -31.116,   113.137,   113.137,   -31.116,   432.893,   -26.422,    30.000,     0.017,     0.000,     0.000,     1.000,kComUpDown,0,1
1000010011100100101011001010,    20.109,  -200.622,   -31.116,   -16.397,  -203.782,   -31.116,  -182.602,   -16.100,   -31.116,  -113.137,   113.137,   -20.000,   143.252,   175.347,   -31.116,   113.137,   113.137,   -20.000,    20.109,  -200.622,   -31.116,   -16.397,  -203.782,   -31.116,  -182.602,   -16.100,   -31.116,  -113.137,   113.137,   -31.116,   143.252,   175.347,   -31.116,   113.137,   113.137,   -31.116,   432.893,   -26.422,    30.000,     0.017,     0.000,     0.000,     1.000,kBodyYawRot,0,1
1000010011100100101011001010,    29.153,  -195.503,   -31.116,    -5.667,  -204.167,   -31.116,  -179.726,   -26.683,   -31.116,  -113.137,   113.137,   -20.000,   133.436,   180.176,   -31.116,   113.137,   113.137,   -20.000,    29.153,  -195.503,   -31.116,    -5.667,  -204.167,   -31.116,  -179.726,   -26.683,   -31.116,  -113.137,   113.137,   -31.116,   133.436,   180.176,   -31.116,   113.137,   113.137,   -31.116,   432.893,   -26.422,    30.000,     0.035,     0.000,     0.000,     0.999,kLegHierarchyChange,0,1
1000011111100001101011001010,    29.153,  -195.503,   -31.116,    -5.667,  -204.167,   -31.116,  -179.726,   -26.683,   -31.116,  -113.137,   113.137,   -20.000,   133.436,   180.176,   -31.116,   113.137,   113.137,   -20.000,    29.153,  -195.503,   -31.116,    -5.667,  -204.167,   -31.116,  -179.726,   -26.683,   -31.116,  -113.137,   113.137,   -31.116,   133.436,   180.176,   -31.116,   113.137,   113.137,   -31.116,   432.893,   -26.422,    30.000,     0.035,     0.000,     0.000,     0.999,kLegUpDown,0,1
1000111101101001001011000010,   113.137,  -113.137,   -20.000,    -5.667,  -204.167,   -31.116,  -113.137,  -113.137,   -20.000,  -150.984,    13.717,   -31.116,    -0.000,   160.000,   -20.000,   224.900,    37.015,   -31.116,   113.137,  -113.137,   -31.116,    -5.667,  -204.167,   -31.116,  -113.137,  -113.137,   -31.116,  -150.984,    13.717,   -31.116,    -0.000,   160.000,   -31.116,   224.900,    37.015,   -31.116,   432.893,   -26.422,    30.000,     0.035,     0.000,     0.000,     0.999,kComUpDown,0,1
1000111101101001001011000010,   113.137,  -113.137,   -20.000,    -5.667,  -204.167,   -31.116,  -113.137,  -113.137,   -20.000,  -150.984,    13.717,   -31.116,    -0.000,   160.000,   -20.000,   224.900,    37.015,   -31.116,   113.137,  -113.137,   -31.116,    -5.667,  -204.167,   -31.116,  -113.137,  -113.137,   -31.116,  -150.984,    13.717,   -31.116,    -0.000,   160.000,   -31.116,   224.900,    37.015,   -31.116,   432.893,   -26.422,    30.000,     0.035,     0.000,     0.000,     0.999,kComMove,0,1
0001110001001100010011000100,   113.137,  -113.137,   -20.000,   -46.974,  -145.477,   -31.116,  -113.137,  -113.137,   -20.000,  -192.292,    72.407,   -31.116,    -0.000,   160.000,   -20.000,   183.593,    95.704,   -31.116,   113.137,  -113.137,   -31.116,   -46.974,  -145.477,   -31.116,  -113.137,  -113.137,   -31.116,  -192.292,    72.407,   -31.116,    -0.000,   160.000,   -31.116,   183.593,    95.704,   -31.116,   395.779,    35.006,    30.000,     0.035,     0.000,     0.000,     0.999,kLegHierarchyChange,0,1
0001110001111100000111000111,   113.137,  -113.137,   -20.000,   -46.974,  -145.477,   -31.116,  -113.137,  -113.137,   -20.000,  -192.292,    72.407,   -31.116,    -0.000,   160.000,   -20.000,   183.593,    95.704,   -31.116,   113.137,  -113.137,   -31.116,   -46.974,  -145.477,   -31.116,  -113.137,  -113.137,   -31.116,  -192.292,    72.407,   -31.116,    -0.000,   160.000,   -31.116,   183.593,    95.704,   -31.116,   395.779,    35.006,    30.000,     0.035,     0.000,     0.000,     0.999,kLegUpDown,0,1
0001010011110100100101001111,   220.285,   -20.316,   -31.116,    -0.000,  -160.000,   -20.000,  -156.995,   -23.662,   -31.116,  -113.137,   113.137,   -20.000,   136.217,   181.802,   -31.116,   113.137,   113.137,   -20.000,   220.285,   -20.316,   -31.116,    -0.000,  -160.000,   -31.116,  -156.995,   -23.662,   -31.116,  -113.137,   113.137,   -31.116,   136.217,   181.802,   -31.116,   113.137,   113.137,   -31.116,   395.779,    35.006,    30.000,     0.035,     0.000,     0.000,     0.999,kComUpDown,0,1
0001010011110100100101001111,   220.285,   -20.316,   -31.116,    -0.000,  -160.000,   -20.000,  -156.995,   -23.662,   -31.116,  -113.137,   113.137,   -20.000,   136.217,   181.802,   -31.116,   113.137,   113.137,   -20.000,   220.285,   -20.316,   -31.116,    -0.000,  -160.000,   -31.116,  -156.995,   -23.662,   -31.116,  -113.137,   113.137,   -31.116,   136.217,   181.802,   -31.116,   113.137,   113.137,   -31.116,   395.779,    35.006,    30.000,     0.035,     0.000,     0.000,     0.999,kComMove,0,1
0010010011000100110001001100,   138.868,   -21.500,   -31.116,    -0.000,  -160.000,   -20.000,  -238.412,   -24.846,   -31.116,  -113.137,   113.137,   -20.000,    54.799,   180.618,   -31.116,   113.137,   113.137,   -20.000,   138.868,   -21.500,   -31.116,    -0.000,  -160.000,   -31.116,  -238.412,   -24.846,   -31.116,  -113.137,   113.137,   -31.116,    54.799,   180.618,   -31.116,   113.137,   113.137,   -31.116,   314.478,    39.504,    30.000,     0.035,     0.000,     0.000,     0.999,kLegHierarchyChange,0,1
0010011111000001110001001100,   138.868,   -21.500,   -31.116,    -0.000,  -160.000,   -20.000,  -238.412,   -24.846,   -31.116,  -113.137,   113.137,   -20.000,    54.799,   180.618,   -31.116,   113.137,   113.137,   -20.000,   138.868,   -21.500,   -31.116,    -0.000,  -160.000,   -31.116,  -238.412,   -24.846,   -31.116,  -113.137,   113.137,   -31.116,    54.799,   180.618,   -31.116,   113.137,   113.137,   -31.116,   314.478,    39.504,    30.000,     0.035,     0.000,     0.000,     0.999,kLegUpDown,0,1
0010111101001001010011000100,   113.137,  -113.137,   -20.000,    -7.289,  -158.242,   -31.116,  -113.137,  -113.137,   -20.000,  -149.817,    19.740,   -31.116,    -0.000,   160.000,   -20.000,   227.463,    23.086,   -31.116,   113.137,  -113.137,   -31.116,    -7.289,  -158.242,   -31.116,  -113.137,  -113.137,   -31.116,  -149.817,    19.740,   -31.116,    -0.000,   160.000,   -31.116,   227.463,    23.086,   -31.116,   314.478,    39.504,    30.000,     0.035,     0.000,     0.000,     0.999,kComUpDown,0,1
0010111101001001010011000100,   113.137,  -113.137,   -20.000,    -7.289,  -158.242,   -31.116,  -113.137,  -113.137,   -20.000,  -149.817,    19.740,   -31.116,    -0.000,   160.000,   -20.000,   227.463,    23.086,   -31.116,   113.137,  -113.137,   -31.116,    -7.289,  -158.242,   -31.116,  -113.137,  -113.137,   -31.116,  -149.817,    19.740,   -31.116,    -0.000,   160.000,   -31.116,   227.463,    23.086,   -31.116,   314.478,    39.504,    30.000,     0.035,     0.000,     0.000,     0.999,kComMove,0,1
0001110001001100010011000100,   113.137,  -113.137,   -20.000,   -88.001,  -112.444,   -31.116,  -113.137,  -113.137,   -20.000,  -230.529,    65.538,   -31.116,    -0.000,   160.000,   -20.000,   146.751,    68.884,   -31.116,   113.137,  -113.137,   -31.116,   -88.001,  -112.444,   -31.116,  -113.137,  -113.137,   -31.116,  -230.529,    65.538,   -31.116,    -0.000,   160.000,   -31.116,   146.751,    68.884,   -31.116,   237.157,    90.821,    30.000,     0.035,     0.000,     0.000,     0.999,kLegHierarchyChange,0,1
0001110001111100000111000111,   113.137,  -113.137,   -20.000,   -88.001,  -112.444,   -31.116,  -113.137,  -113.137,   -20.000,  -230.529,    65.538,   -31.116,    -0.000,   160.000,   -20.000,   146.751,    68.884,   -31.116,   113.137,  -113.137,   -31.116,   -88.001,  -112.444,   -31.116,  -113.137,  -113.137,   -31.116,  -230.529,    65.538,   -31.116,    -0.000,   160.000,   -31.116,   146.751,    68.884,   -31.116,   237.157,    90.821,    30.000,     0.035,     0.000,     0.000,     0.999,kLegUpDown,0,1
0001010011110100100101001111,   241.903,   -22.999,   -31.116,    -0.000,  -160.000,   -20.000,  -155.329,   -27.741,   -31.116,  -113.137,   113.137,   -20.000,   137.882,   177.724,   -31.116,   113.137,   113.137,   -20.000,   241.903,   -22.999,   -31.116,    -0.000,  -160.000,   -31.116,  -155.329,   -27.741,   -31.116,  -113.137,   113.137,   -31.116,   137.882,   177.724,   -31.116,   113.137,   113.137,   -31.116,   237.157,    90.821,    30.000,     0.035,     0.000,     0.000,     0.999,kComUpDown,0,1
0001010011110100100101001111,   241.903,   -22.999,   -31.116,    -0.000,  -160.000,   -20.000,  -155.329,   -27.741,   -31.116,  -113.137,   113.137,   -20.000,   137.882,   177.724,   -31.116,   113.137,   113.137,   -20.000,   241.903,   -22.999,   -31.116,    -0.000,  -160.000,   -31.116,  -155.329,   -27.741,   -31.116,  -113.137,   113.137,   -31.116,   137.882,   177.724,   -31.116,   113.137,   113.137,   -31.116,   237.157,    90.821,    30.000,     0.035,     0.000,     0.000,     0.999,kComMove,0,1
0010010011000100110001001100,   159.816,   -25.002,   -31.116,    -0.000,  -160.000,   -20.000,  -237.415,   -29.743,   -31.116,  -113.137,   113.137,   -20.000,    55.796,   175.722,   -31.116,   113.137,   113.137,   -20.000,   159.816,   -25.002,   -31.116,    -0.000,  -160.000,   -31.116,  -237.415,   -29.743,   -31.116,  -113.137,   113.137,   -31.116,    55.796,   175.722,   -31.116,   113.137,   113.137,   -31.116,   155.130,    94.550,    30.000,     0.035,     0.000,     0.000,     0.999,kLegHierarchyChange,0,1
0010011111000001110001001100,   159.816,   -25.002,   -31.116,    -0.000,  -160.000,   -20.000,  -237.415,   -29.743,   -31.116,  -113.137,   113.137,   -20.000,    55.796,   175.722,   -31.116,   113.137,   113.137,   -20.000,   159.816,   -25.002,   -31.116,    -0.000,  -160.000,   -31.116,  -237.415,   -29.743,   -31.116,  -113.137,   113.137,   -31.116,    55.796,   175.722,   -31.116,   113.137,   113.137,   -31.116,   155.130,    94.550,    30.000,     0.035,     0.000,     0.000,     0.999,kLegUpDown,0,1
0010111101001001010011000100,   113.137,  -113.137,   -20.000,    -6.292,  -163.139,   -31.116,  -113.137,  -113.137,   -20.000,  -148.820,    14.843,   -31.116,    -0.000,   160.000,   -20.000,   227.065,    38.141,   -31.116,   113.137,  -113.137,   -31.116,    -6.292,  -163.139,   -31.116,  -113.137,  -113.137,   -31.116,  -148.820,    14.843,   -31.116,    -0.000,   160.000,   -31.116,   227.065,    38.141,   -31.116,   155.130,    94.550,    30.000,     0.035,     0.000,     0.000,     0.999,kComUpDown,0,1
0010111101001001010011000100,   113.137,  -113.137,   -20.000,    -6.292,  -163.139,   -31.116,  -113.137,  -113.137,   -20.000,  -148.820,    14.843,   -31.116,    -0.000,   160.000,   -20.000,   227.065,    38.141,   -31.116,   113.137,  -113.137,   -31.116,    -6.292,  -163.139,   -31.116,  -113.137,  -113.137,   -31.116,  -148.820,    14.843,   -31.116,    -0.000,   160.000,   -31.116,   227.065,    38.141,   -31.116,   155.130,    94.550,    30.000,     0.035,     0.000,     0.000,     0.999,kComMove,0,1
0001110001001100010011000100,   113.137,  -113.137,   -20.000,   -80.802,  -122.782,   -31.116,  -113.137,  -113.137,   -20.000,  -223.329,    55.199,   -31.116,    -0.000,   160.000,   -20.000,   152.555,    78.497,   -31.116,   113.137,  -113.137,   -31.116,   -80.802,  -122.782,   -31.116,  -113.137,  -113.137,   -31.116,  -223.329,    55.199,   -31.116,    -0.000,   160.000,   -31.116,   152.555,    78.497,   -31.116,    83.617,   140.005,    30.000,     0.035,     0.000,     0.000,     0.999,kLegHierarchyChange,0,1
0001110001111100000111000100,   113.137,  -113.137,   -20.000,   -80.802,  -122.782,   -31.116,  -113.137,  -113.137,   -20.000,  -223.329,    55.199,   -31.116,    -0.000,   160.000,   -20.000,   152.555,    78.497,   -31.116,   113.137,  -113.137,   -31.116,   -80.802,  -122.782,   -31.116,  -113.137,  -113.137,   -31.116,  -223.329,    55.199,   -31.116,    -0.000,   160.000,   -31.116,   152.555,    78.497,   -31.116,    83.617,   140.005,    30.000,     0.035,     0.000,     0.000,     0.999,kLegUpDown,0,1
0001010011110100100101001100,   115.023,  -122.909,   -31.116,    -0.000,  -160.000,   -20.000,  -149.524,   -18.128,   -31.116,  -113.137,   113.137,   -20.000,   143.687,   187.336,   -31.116,   113.137,   113.137,   -20.000,   115.023,  -122.909,   -31.116,    -0.000,  -160.000,   -31.116,  -149.524,   -18.128,   -31.116,  -113.137,   113.137,   -31.116,   143.687,   187.336,   -31.116,   113.137,   113.137,   -31.116,    83.617,   140.005,    30.000,     0.035,     0.000,     0.000,     0.999,kComUpDown,0,1
0001010011110100100101001100,   115.023,  -122.909,   -31.116,    -0.000,  -160.000,   -20.000,  -149.524,   -18.128,   -31.116,  -113.137,   113.137,   -20.000,   143.687,   187.336,   -31.116,   113.137,   113.137,   -20.000,   115.023,  -122.909,   -31.116,    -0.000,  -160.000,   -31.116,  -149.524,   -18.128,   -31.116,  -113.137,   113.137,   -31.116,   143.687,   187.336,   -31.116,   113.137,   113.137,   -31.116,    83.617,   140.005,    30.000,     0.035,     0.000,     0.000,     0.999,kComMove,0,1
0111010011000100110001001100,   102.258,  -132.419,   -31.116,    -0.000,  -160.000,   -20.000,  -162.290,   -27.638,   -31.116,  -113.137,   113.137,   -20.000,   130.921,   177.826,   -31.116,   113.137,   113.137,   -20.000,   102.258,  -132.419,   -31.116,    -0.000,  -160.000,   -31.116,  -162.290,   -27.638,   -31.116,  -113.137,   113.137,   -31.116,   130.921,   177.826,   -31.116,   113.137,   113.137,   -31.116,    70.219,   131.409,    30.000,     0.035,     0.000,     0.000,     0.999,kLegHierarchyChange,0,1
0111011111000001110001111100,   102.258,  -132.419,   -31.116,    -0.000,  -160.000,   -20.000,  -162.290,   -27.638,   -31.116,  -113.137,   113.137,   -20.000,   130.921,   177.826,   -31.116,   113.137,   113.137,   -20.000,   102.258,  -132.419,   -31.116,    -0.000,  -160.000,   -31.116,  -162.290,   -27.638,   -31.116,  -113.137,   113.137,   -31.116,   130.921,   177.826,   -31.116,   113.137,   113.137,   -31.116,    70.219,   131.409,    30.000,     0.035,     0.000,     0.000,     0.999,kLegUpDown,0,1
0111111101001001010011110100,   113.137,  -113.137,   -20.000,   128.687,  -156.849,   -31.116,  -113.137,  -113.137,   -20.000,  -154.895,    31.318,   -31.116,    -0.000,   160.000,   -20.000,   222.385,    34.665,   -31.116,   113.137,  -113.137,   -31.116,   128.687,  -156.849,   -31.116,  -113.137,  -113.137,   -31.116,  -154.895,    31.318,   -31.116,    -0.000,   160.000,   -31.116,   222.385,    34.665,   -31.116,    70.219,   131.409,    30.000,     0.035,     0.000,     0.000,     0.999,kComUpDown,0,1
0111111101001001010011110100,   113.137,  -113.137,   -20.000,   128.687,  -156.849,   -31.116,  -113.137,  -113.137,   -20.000,  -154.895,    31.318,   -31.116,    -0.000,   160.000,   -20.000,   222.385,    34.665,   -31.116,   113.137,  -113.137,   -31.116,   128.687,  -156.849,   -31.116,  -113.137,  -113.137,   -31.116,  -154.895,    31.318,   -31.116,    -0.000,   160.000,   -31.116,   222.385,    34.665,   -31.116,    70.219,   131.409,    30.000,     0.035,     0.000,     0.000,     0.999,kComMove,0,1
0110110001001100010011000100,   113.137,  -113.137,   -20.000,    43.893,  -164.884,   -31.116,  -113.137,  -113.137,   -20.000,  -239.688,    23.283,   -31.116,    -0.000,   160.000,   -20.000,   137.592,    26.630,   -31.116,   113.137,  -113.137,   -31.116,    43.893,  -164.884,   -31.116,  -113.137,  -113.137,   -31.116,  -239.688,    23.283,   -31.116,    -0.000,   160.000,   -31.116,   137.592,    26.630,   -31.116,   -14.928,   129.308,    30.000,     0.035,     0.000,     0.000,     0.999,kLegHierarchyChange,0,1
0110110001001100000111000111,   113.137,  -113.137,   -20.000,    43.893,  -164.884,   -31.116,  -113.137,  -113.137,   -20.000,  -239.688,    23.283,   -31.116,    -0.000,   160.000,   -20.000,   137.592,    26.630,   -31.116,   113.137,  -113.137,   -31.116,    43.893,  -164.884,   -31.116,  -113.137,  -113.137,   -31.116,  -239.688,    23.283,   -31.116,    -0.000,   160.000,   -31.116,   137.592,    26.630,   -31.116,   -14.928,   129.308,    30.000,     0.035,     0.000,     0.000,     0.999,kLegUpDown,0,1
0110010011000100100101001111,   229.953,   -25.352,   -31.116,    -0.000,  -160.000,   -20.000,  -147.327,   -28.698,   -31.116,  -113.137,   113.137,   -20.000,     6.225,   167.001,   -31.116,   113.137,   113.137,   -20.000,   229.953,   -25.352,   -31.116,    -0.000,  -160.000,   -31.116,  -147.327,   -28.698,   -31.116,  -113.137,   113.137,   -31.116,     6.225,   167.001,   -31.116,   113.137,   113.137,   -31.116,   -14.928,   129.308,    30.000,     0.035,     0.000,     0.000,     0.999,kComUpDown,0,1
0110010011000100100101001111,   229.953,   -25.352,   -63.081,    -0.000,  -160.000,   -20.000,  -147.327,   -28.698,   -63.081,  -113.137,   113.137,   -20.000,     6.225,   167.001,   -63.081,   113.137,   113.137,   -20.000,   229.953,   -25.352,   -63.081,    -0.000,  -160.000,   -63.081,  -147.327,   -28.698,   -63.081,  -113.137,   113.137,   -63.081,     6.225,   167.001,   -63.081,   113.137,   113.137,   -63.081,   -14.928,   129.308,    61.965,     0.035,     0.000,     0.000,     0.999,kComMove,0,1
0010010011000100110001001100,   144.902,   -29.503,   -63.081,    -0.000,  -160.000,   -20.000,  -232.378,   -32.849,   -63.081,  -113.137,   113.137,   -20.000,   -78.826,   162.849,   -63.081,   113.137,   113.137,   -20.000,   144.902,   -29.503,   -63.081,    -0.000,  -160.000,   -63.081,  -232.378,   -32.849,   -63.081,  -113.137,   113.137,   -63.081,   -78.826,   162.849,   -63.081,   113.137,   113.137,   -63.081,  -100.062,   131.099,    61.965,     0.035,     0.000,     0.000,     0.999,kLegHierarchyChange,0,1
0010011111000001110001111100,   144.902,   -29.503,   -63.081,    -0.000,  -160.000,   -20.000,  -232.378,   -32.849,   -63.081,  -113.137,   113.137,   -20.000,   -78.826,   162.849,   -63.081,   113.137,   113.137,   -20.000,   144.902,   -29.503,   -63.081,    -0.000,  -160.000,   -63.081,  -232.378,   -32.849,   -63.081,  -113.137,   113.137,   -63.081,   -78.826,   162.849,   -63.081,   113.137,   113.137,   -63.081,  -100.062,   131.099,    61.965,     0.035,     0.000,     0.000,     0.999,kLegUpDown,0,1
0010111101001001010011110100,   113.137,  -113.137,   -20.000,   139.799,  -176.430,   -63.081,  -113.137,  -113.137,   -20.000,  -145.178,    31.688,   -63.081,    -0.000,   160.000,   -20.000,   232.102,    35.034,   -63.081,   113.137,  -113.137,   -63.081,   139.799,  -176.430,   -63.081,  -113.137,  -113.137,   -63.081,  -145.178,    31.688,   -63.081,    -0.000,   160.000,   -63.081,   232.102,    35.034,   -63.081,  -100.062,   131.099,    61.965,     0.035,     0.000,     0.000,     0.999,kComUpDown,0,1
0010111101001001010011110100,   113.137,  -113.137,   -20.000,   139.799,  -176.430,   -44.374,  -113.137,  -113.137,   -20.000,  -145.178,    31.688,   -44.374,    -0.000,   160.000,   -20.000,   232.102,    35.034,   -44.374,   113.137,  -113.137,   -44.374,   139.799,  -176.430,   -44.374,  -113.137,  -113.137,   -44.374,  -145.178,    31.688,   -44.374,    -0.000,   160.000,   -44.374,   232.102,    35.034,   -44.374,  -100.062,   131.099,    43.258,     0.035,     0.000,     0.000,     0.999,kComMove,0,1
0110110001001100010011000100,   113.137,  -113.137,   -20.000,    53.439,  -184.083,   -44.374,  -113.137,  -113.137,   -20.000,  -231.538,    24.036,   -44.374,    -0.000,   160.000,   -20.000,   145.742,    27.382,   -44.374,   113.137,  -113.137,   -44.374,    53.439,  -184.083,   -44.374,  -113.137,  -113.137,   -44.374,  -231.538,    24.036,   -44.374,    -0.000,   160.000,   -44.374,   145.742,    27.382,   -44.374,  -186.745,   129.490,    43.258,     0.035,     0.000,     0.000,     0.999,kLegHierarchyChange,0,1
0110110001001100000111000100,   113.137,  -113.137,   -20.000,    53.439,  -184.083,   -44.374,  -113.137,  -113.137,   -20.000,  -231.538,    24.036,   -44.374,    -0.000,   160.000,   -20.000,   145.742,    27.382,   -44.374,   113.137,  -113.137,   -44.374,    53.439,  -184.083,   -44.374,  -113.137,  -113.137,   -44.374,  -231.538,    24.036,   -44.374,    -0.000,   160.000,   -44.374,   145.742,    27.382,   -44.374,  -186.745,   129.490,    43.258,     0.035,     0.000,     0.000,     0.999,kLegUpDown,0,1
0110010011000100100111001100,   104.025,  -114.170,   -44.374,    53.439,  -184.083,   -44.374,  -139.176,   -27.945,   -44.374,  -113.137,   113.137,   -20.000,    -5.576,   166.358,   -44.374,   113.137,   113.137,   -20.000,   104.025,  -114.170,   -44.374,    53.439,  -184.083,   -44.374,  -139.176,   -27.945,   -44.374,  -113.137,   113.137,   -44.374,    -5.576,   166.358,   -44.374,   113.137,   113.137,   -44.374,  -186.745,   129.490,    43.258,     0.035,     0.000,     0.000,     0.999,kComUpDown,0,1
0110010011000100100111001100,   104.025,  -114.170,   -31.116,    53.439,  -184.083,   -31.116,  -139.176,   -27.945,   -31.116,  -113.137,   113.137,   -20.000,    -5.576,   166.358,   -31.116,   113.137,   113.137,   -20.000,   104.025,  -114.170,   -31.116,    53.439,  -184.083,   -31.116,  -139.176,   -27.945,   -31.116,  -113.137,   113.137,   -31.116,    -5.576,   166.358,   -31.116,   113.137,   113.137,   -31.116,  -186.745,   129.490,    30.000,     0.035,     0.000,     0.000,     0.999,kComMove,0,1
0001010011000100110011001100,    22.175,  -169.131,   -31.116,   -28.411,  -239.044,   -31.116,  -221.026,   -82.906,   -31.116,  -113.137,   113.137,   -20.000,   -87.425,   111.397,   -31.116,   113.137,   113.137,   -20.000,    22.175,  -169.131,   -31.116,   -28.411,  -239.044,   -31.116,  -221.026,   -82.906,   -31.116,  -113.137,   113.137,   -31.116,   -87.425,   111.397,   -31.116,   113.137,   113.137,   -31.116,  -272.229,    80.372,    30.000,     0.035,     0.000,     0.000,     0.999,kLegHierarchyChange,0,1
