1000110011001100110011001100,   113.137,  -113.137,   -30.000,    -0.000,  -160.000,   -30.000,  -113.137,  -113.137,   -30.000,  -113.137,   113.137,   -30.000,    -0.000,   160.000,   -30.000,   113.137,   113.137,   -30.000,   113.137,  -113.137,   -30.000,    -0.000,  -160.000,   -30.000,  -113.137,  -113.137,   -30.000,  -113.137,   113.137,   -30.000,    -0.000,   160.000,   -30.000,   113.137,   113.137,   -30.000,   -20.670,     1.281,    30.000,     1.000,     0.000,     0.000,     0.000,kLegHierarchyChange,-1,0
1000110011001100110011001100,   113.137,  -113.137,   -30.000,    -0.000,  -160.000,   -30.000,  -113.137,  -113.137,   -30.000,  -113.137,   113.137,   -30.000,    -0.000,   160.000,   -30.000,   113.137,   113.137,   -30.000,   113.137,  -113.137,   -30.000,    -0.000,  -160.000,   -30.000,  -113.137,  -113.137,   -30.000,  -113.137,   113.137,   -30.000,    -0.000,   160.000,   -30.000,   113.137,   113.137,   -30.000,   -20.670,     1.281,    30.000,     1.000,     0.000,     0.000,     0.000,kLegUpDown,0,1
1000110011000100110011000100,   113.137,  -113.137,   -20.000,    -0.000,  -160.000,   -30.000,  -113.137,  -113.137,   -30.000,  -113.137,   113.137,   -20.000,    -0.000,   160.000,   -30.000,   113.137,   113.137,   -30.000,   113.137,  -113.137,   -30.000,    -0.000,  -160.000,   -30.000,  -113.137,  -113.137,   -30.000,  -113.137,   113.137,   -30.000,    -0.000,   160.000,   -30.000,   113.137,   113.137,   -30.000,   -20.670,     1.281,    30.000,     1.000,     0.000,     0.000,     0.000,kComUpDown,0,1
1000110011000100110011000100,   113.137,  -113.137,   -20.000,    -0.000,  -160.000,   -30.000,  -113.137,  -113.137,   -30.000,  -113.137,   113.137,   -20.000,    -0.000,   160.000,   -30.000,   113.137,   113.137,   -30.000,   113.137,  -113.137,   -30.000,    -0.000,  -160.000,   -30.000,  -113.137,  -113.137,   -30.000,  -113.137,   113.137,   -30.000,    -0.000,   160.000,   -30.000,   113.137,   113.137,   -30.000,   -20.670,     1.281,    30.000,     1.000,     0.000,     0.000,     0.000,kComMove,0,1
0001110011000100110011000100,   113.137,  -113.137,   -20.000,   -99.088,  -130.005,   -30.000,  -212.225,   -83.142,   -30.000,  -113.137,   113.137,   -20.000,   -99.088,   189.995,   -30.000,    14.049,   143.132,   -30.000,   113.137,  -113.137,   -30.000,   -99.088,  -130.005,   -30.000,  -212.225,   -83.142,   -30.000,  -113.137,   113.137,   -30.000,   -99.088,   189.995,   -30.000,    14.049,   143.132,   -30.000,    78.418,   -28.714,    30.000,     1.000,     0.000,     0.000,     0.000,kLegHierarchyChange,0,1
0001110011000110110011000100,   113.137,  -113.137,   -20.000,   -99.088,  -130.005,   -30.000,  -212.225,   -83.142,   -30.000,  -113.137,   113.137,   -20.000,   -99.088,   189.995,   -30.000,    14.049,   143.132,   -30.000,   113.137,  -113.137,   -30.000,   -99.088,  -130.005,   -30.000,  -212.225,   -83.142,   -30.000,  -113.137,   113.137,   -30.000,   -99.088,   189.995,   -30.000,    14.049,   143.132,   -30.000,    78.418,   -28.714,    30.000,     1.000,     0.000,     0.000,     0.000,kLegUpDown,0,1
0001010011001110010011001100,   119.582,  -110.286,   -31.116,   -99.088,  -130.005,   -30.000,  -212.225,   -83.142,   -20.000,   -96.418,   127.714,   -31.116,   -99.088,   189.995,   -30.000,    14.049,   143.132,   -20.000,   119.582,  -110.286,   -31.116,   -99.088,  -130.005,   -30.000,  -113.137,  -113.137,   -30.000,   -96.418,   127.714,   -31.116,   -99.088,   189.995,   -30.000,   113.137,   113.137,   -30.000,    78.418,   -28.714,    30.000,     1.000,     0.000,     0.000,     0.000,kComUpDown,0,1
0001010011001110010011001100,   119.582,  -110.286,   -31.116,   -99.088,  -130.005,   -30.000,  -212.225,   -83.142,   -20.000,   -96.418,   127.714,   -31.116,   -99.088,   189.995,   -30.000,    14.049,   143.132,   -20.000,   119.582,  -110.286,   -31.116,   -99.088,  -130.005,   -30.000,  -113.137,  -113.137,   -30.000,   -96.418,   127.714,   -31.116,   -99.088,   189.995,   -30.000,   113.137,   113.137,   -30.000,    78.418,   -28.714,    30.000,     1.000,     0.000,     0.000,     0.000,kComMove,0,1
0001010011001100010011001100,    91.451,  -145.691,   -31.116,  -127.219,  -165.410,   -30.000,  -212.225,   -83.142,   -20.000,  -124.549,    92.309,   -31.116,  -127.219,   154.590,   -30.000,    14.049,   143.132,   -20.000,    91.451,  -145.691,   -31.116,  -127.219,  -165.410,   -30.000,  -113.137,  -113.137,   -30.000,  -124.549,    92.309,   -31.116,  -127.219,   154.590,   -30.000,   113.137,   113.137,   -30.000,   106.549,     6.691,    30.000,     1.000,     0.000,     0.000,     0.000,kLegHierarchyChange,0,1
0001011111001100011111001100,    91.451,  -145.691,   -31.116,  -127.219,  -165.410,   -30.000,  -212.225,   -83.142,   -20.000,  -124.549,    92.309,   -31.116,  -127.219,   154.590,   -30.000,    14.049,   143.132,   -20.000,    91.451,  -145.691,   -31.116,  -127.219,  -165.410,   -30.000,  -113.137,  -113.137,   -30.000,  -124.549,    92.309,   -31.116,  -127.219,   154.590,   -30.000,   113.137,   113.137,   -30.000,   106.549,     6.691,    30.000,     1.000,     0.000,     0.000,     0.000,kLegUpDown,0,1
0001111101001100011101001100,    91.451,  -145.691,   -31.116,  -127.219,  -165.410,   -20.000,  -212.225,   -83.142,   -20.000,  -124.549,    92.309,   -31.116,  -127.219,   154.590,   -20.000,   231.451,    32.309,   -47.193,    91.451,  -145.691,   -31.116,    -0.000,  -160.000,   -30.000,  -113.137,  -113.137,   -30.000,  -124.549,    92.309,   -31.116,    -0.000,   160.000,   -30.000,   231.451,    32.309,   -47.193,   106.549,     6.691,    30.000,     1.000,     0.000,     0.000,     0.000,kComUpDown,0,1
0001111101001100011101001100,    91.451,  -145.691,   -31.116,  -127.219,  -165.410,   -20.000,  -212.225,   -83.142,   -20.000,  -124.549,    92.309,   -31.116,  -127.219,   154.590,   -20.000,   231.451,    32.309,   -47.193,    91.451,  -145.691,   -31.116,    -0.000,  -160.000,   -30.000,  -113.137,  -113.137,   -30.000,  -124.549,    92.309,   -31.116,    -0.000,   160.000,   -30.000,   231.451,    32.309,   -47.193,   106.549,     6.691,    30.000,     1.000,     0.000,     0.000,     0.000,kComMove,0,1
0110110001001100010001001100,    44.572,  -148.306,   -31.116,  -127.219,  -165.410,   -20.000,  -212.225,   -83.142,   -20.000,  -171.428,    89.694,   -31.116,  -127.219,   154.590,   -20.000,   184.572,    29.694,   -47.193,    44.572,  -148.306,   -31.116,    -0.000,  -160.000,   -30.000,  -113.137,  -113.137,   -30.000,  -171.428,    89.694,   -31.116,    -0.000,   160.000,   -30.000,   184.572,    29.694,   -47.193,   153.428,     9.306,    30.000,     1.000,     0.000,     0.000,     0.000,kLegHierarchyChange,0,1
0110110001001100010101001100,    44.572,  -148.306,   -31.116,  -127.219,  -165.410,   -20.000,  -212.225,   -83.142,   -20.000,  -171.428,    89.694,   -31.116,  -127.219,   154.590,   -20.000,   184.572,    29.694,   -47.193,    44.572,  -148.306,   -31.116,    -0.000,  -160.000,   -30.000,  -113.137,  -113.137,   -30.000,  -171.428,    89.694,   -31.116,    -0.000,   160.000,   -30.000,   184.572,    29.694,   -47.193,   153.428,     9.306,    30.000,     1.000,     0.000,     0.000,     0.000,kLegUpDown,0,1
0110110011000100110111000100,    44.572,  -148.306,   -20.000,     6.572,  -165.906,   -31.116,   -31.428,  -148.306,   -31.116,  -171.428,    89.694,   -20.000,     6.572,   167.294,   -31.116,   184.572,    29.694,   -47.193,   113.137,  -113.137,   -31.116,     6.572,  -165.906,   -31.116,   -31.428,  -148.306,   -31.116,  -113.137,   113.137,   -31.116,     6.572,   167.294,   -31.116,   184.572,    29.694,   -47.193,   153.428,     9.306,    30.000,     1.000,     0.000,     0.000,     0.000,kComUpDown,0,1
0110110011000100110111000100,    44.572,  -148.306,   -20.000,     6.572,  -165.906,   -31.116,   -31.428,  -148.306,   -31.116,  -171.428,    89.694,   -20.000,     6.572,   167.294,   -31.116,   184.572,    29.694,   -47.193,   113.137,  -113.137,   -31.116,     6.572,  -165.906,   -31.116,   -31.428,  -148.306,   -31.116,  -113.137,   113.137,   -31.116,     6.572,   167.294,   -31.116,   184.572,    29.694,   -47.193,   153.428,     9.306,    30.000,     1.000,     0.000,     0.000,     0.000,kComMove,0,1
0110110011000100110011000100,    44.572,  -148.306,   -20.000,   -51.429,  -135.284,   -31.116,   -89.429,  -117.684,   -31.116,  -171.428,    89.694,   -20.000,   -51.429,   197.916,   -31.116,   126.571,    60.316,   -47.193,   113.137,  -113.137,   -31.116,   -51.429,  -135.284,   -31.116,   -89.429,  -117.684,   -31.116,  -113.137,   113.137,   -31.116,   -51.429,   197.916,   -31.116,   126.571,    60.316,   -47.193,   211.429,   -21.316,    30.000,     1.000,     0.000,     0.000,     0.000,kLegHierarchyChange,0,1
0110110011000111110011000100,    44.572,  -148.306,   -20.000,   -51.429,  -135.284,   -31.116,   -89.429,  -117.684,   -31.116,  -171.428,    89.694,   -20.000,   -51.429,   197.916,   -31.116,   126.571,    60.316,   -47.193,   113.137,  -113.137,   -31.116,   -51.429,  -135.284,   -31.116,   -89.429,  -117.684,   -31.116,  -113.137,   113.137,   -31.116,   -51.429,   197.916,   -31.116,   126.571,    60.316,   -47.193,   211.429,   -21.316,    30.000,     1.000,     0.000,     0.000,     0.000,kLegUpDown,0,1
0110010011001111110011001100,   106.571,  -117.684,   -41.834,   -51.429,  -135.284,   -31.116,   -89.429,  -117.684,   -31.116,   -29.429,   200.316,   -31.116,   -51.429,   197.916,   -31.116,   126.571,    60.316,   -20.000,   106.571,  -117.684,   -41.834,   -51.429,  -135.284,   -31.116,   -89.429,  -117.684,   -31.116,   -29.429,   200.316,   -31.116,   -51.429,   197.916,   -31.116,   113.137,   113.137,   -47.193,   211.429,   -21.316,    30.000,     1.000,     0.000,     0.000,     0.000,kComUpDown,0,1
0110010011001111110011001100,   106.571,  -117.684,   -41.834,   -51.429,  -135.284,   -31.116,   -89.429,  -117.684,   -31.116,   -29.429,   200.316,   -31.116,   -51.429,   197.916,   -31.116,   126.571,    60.316,   -20.000,   106.571,  -117.684,   -41.834,   -51.429,  -135.284,   -31.116,   -89.429,  -117.684,   -31.116,   -29.429,   200.316,   -31.116,   -51.429,   197.916,   -31.116,   113.137,   113.137,   -47.193,   211.429,   -21.316,    30.000,     1.000,     0.000,     0.000,     0.000,kComMove,0,1
0110010011001100110011001100,    31.008,  -144.709,   -41.834,  -126.992,  -162.309,   -31.116,  -164.992,  -144.709,   -31.116,  -104.992,   173.291,   -31.116,  -126.992,   170.891,   -31.116,   126.571,    60.316,   -20.000,    31.008,  -144.709,   -41.834,  -126.992,  -162.309,   -31.116,  -164.992,  -144.709,   -31.116,  -104.992,   173.291,   -31.116,  -126.992,   170.891,   -31.116,   113.137,   113.137,   -47.193,   286.992,     5.709,    30.000,     1.000,     0.000,     0.000,     0.000,kLegHierarchyChange,0,1
0110000111001100110011001100,    31.008,  -144.709,   -41.834,  -126.992,  -162.309,   -31.116,  -164.992,  -144.709,   -31.116,  -104.992,   173.291,   -31.116,  -126.992,   170.891,   -31.116,   126.571,    60.316,   -20.000,    31.008,  -144.709,   -41.834,  -126.992,  -162.309,   -31.116,  -164.992,  -144.709,   -31.116,  -104.992,   173.291,   -31.116,  -126.992,   170.891,   -31.116,   113.137,   113.137,   -47.193,   286.992,     5.709,    30.000,     1.000,     0.000,     0.000,     0.000,kLegUpDown,0,1
0110100101001100110001001100,    31.008,  -144.709,   -41.834,  -126.992,  -162.309,   -20.000,  -164.992,  -144.709,   -31.116,  -104.992,   173.291,   -31.116,  -126.992,   170.891,   -20.000,    31.008,   153.291,   -41.834,    31.008,  -144.709,   -41.834,    -0.000,  -160.000,   -31.116,  -164.992,  -144.709,   -31.116,  -104.992,   173.291,   -31.116,    -0.000,   160.000,   -31.116,    31.008,   153.291,   -41.834,   286.992,     5.709,    30.000,     1.000,     0.000,     0.000,     0.000,kComUpDown,0,1
0110100101001100110001001100,    31.008,  -144.709,   -41.834,  -126.992,  -162.309,   -20.000,  -164.992,  -144.709,   -31.116,  -104.992,   173.291,   -31.116,  -126.992,   170.891,   -20.000,    31.008,   153.291,   -41.834,    31.008,  -144.709,   -41.834,    -0.000,  -160.000,   -31.116,  -164.992,  -144.709,   -31.116,  -104.992,   173.291,   -31.116,    -0.000,   160.000,   -31.116,    31.008,   153.291,   -41.834,   286.992,     5.709,    30.000,     1.000,     0.000,     0.000,     0.000,kComMove,0,1
0001110001001100110001001100,    15.764,  -148.504,   -41.834,  -126.992,  -162.309,   -20.000,  -180.236,  -148.504,   -31.116,  -120.236,   169.496,   -31.116,  -126.992,   170.891,   -20.000,    15.764,   149.496,   -41.834,    15.764,  -148.504,   -41.834,    -0.000,  -160.000,   -31.116,  -180.236,  -148.504,   -31.116,  -120.236,   169.496,   -31.116,    -0.000,   160.000,   -31.116,    15.764,   149.496,   -41.834,   302.236,     9.504,    30.000,     1.000,     0.000,     0.000,     0.000,kLegHierarchyChange,0,1
0001110000111100110001011100,    15.764,  -148.504,   -41.834,  -126.992,  -162.309,   -20.000,  -180.236,  -148.504,   -31.116,  -120.236,   169.496,   -31.116,  -126.992,   170.891,   -20.000,    15.764,   149.496,   -41.834,    15.764,  -148.504,   -41.834,    -0.000,  -160.000,   -31.116,  -180.236,  -148.504,   -31.116,  -120.236,   169.496,   -31.116,    -0.000,   160.000,   -31.116,    15.764,   149.496,   -41.834,   302.236,     9.504,    30.000,     1.000,     0.000,     0.000,     0.000,kLegUpDown,0,1
0001110010110100010011010100,    15.764,  -148.504,   -20.000,    77.764,  -126.104,   -31.116,  -180.236,  -148.504,   -20.000,  -120.236,   169.496,   -20.000,  -122.236,   147.096,   -31.116,    15.764,   149.496,   -41.834,   113.137,  -113.137,   -41.834,    77.764,  -126.104,   -31.116,  -113.137,  -113.137,   -31.116,  -113.137,   113.137,   -31.116,  -122.236,   147.096,   -31.116,    15.764,   149.496,   -41.834,   302.236,     9.504,    30.000,     1.000,     0.000,     0.000,     0.000,kComUpDown,0,1
0001110010110100010011010100,    15.764,  -148.504,   -20.000,    77.764,  -126.104,   -31.116,  -180.236,  -148.504,   -20.000,  -120.236,   169.496,   -20.000,  -122.236,   147.096,   -31.116,    15.764,   149.496,   -41.834,   113.137,  -113.137,   -41.834,    77.764,  -126.104,   -31.116,  -113.137,  -113.137,   -31.116,  -113.137,   113.137,   -31.116,  -122.236,   147.096,   -31.116,    15.764,   149.496,   -41.834,   302.236,     9.504,    30.000,     1.000,     0.000,     0.000,     0.000,kComMove,0,1
0001110011000100010011000100,    15.764,  -148.504,   -20.000,    75.707,  -124.750,   -31.116,  -180.236,  -148.504,   -20.000,  -120.236,   169.496,   -20.000,  -124.293,   148.450,   -31.116,    13.707,   150.850,   -41.834,   113.137,  -113.137,   -41.834,    75.707,  -124.750,   -31.116,  -113.137,  -113.137,   -31.116,  -113.137,   113.137,   -31.116,  -124.293,   148.450,   -31.116,    13.707,   150.850,   -41.834,   304.293,     8.150,    30.000,     1.000,     0.000,     0.000,     0.000,kLegHierarchyChange,0,1
0001110011000011011111000100,    15.764,  -148.504,   -20.000,    75.707,  -124.750,   -31.116,  -180.236,  -148.504,   -20.000,  -120.236,   169.496,   -20.000,  -124.293,   148.450,   -31.116,    13.707,   150.850,   -41.834,   113.137,  -113.137,   -41.834,    75.707,  -124.750,   -31.116,  -113.137,  -113.137,   -31.116,  -113.137,   113.137,   -31.116,  -124.293,   148.450,   -31.116,    13.707,   150.850,   -41.834,   304.293,     8.150,    30.000,     1.000,     0.000,     0.000,     0.000,kLegUpDown,0,1
0001010011001011011101001100,   113.707,  -107.150,   -68.629,    75.707,  -124.750,   -20.000,  -180.236,  -148.504,   -20.000,  -222.293,    30.850,   -31.116,  -124.293,   148.450,   -31.116,    13.707,   150.850,   -20.000,   113.707,  -107.150,   -68.629,    -0.000,  -160.000,   -31.116,  -113.137,  -113.137,   -31.116,  -222.293,    30.850,   -31.116,  -124.293,   148.450,   -31.116,   113.137,   113.137,   -41.834,   304.293,     8.150,    30.000,     1.000,     0.000,     0.000,     0.000,kComUpDown,0,1
0001010011001011011101001100,   113.707,  -107.150,   -68.629,    75.707,  -124.750,   -20.000,  -180.236,  -148.504,   -20.000,  -222.293,    30.850,   -31.116,  -124.293,   148.450,   -31.116,    13.707,   150.850,   -20.000,   113.707,  -107.150,   -68.629,    -0.000,  -160.000,   -31.116,  -113.137,  -113.137,   -31.116,  -222.293,    30.850,   -31.116,  -124.293,   148.450,   -31.116,   113.137,   113.137,   -41.834,   304.293,     8.150,    30.000,     1.000,     0.000,     0.000,     0.000,kComMove,0,1
0001010011001100010001001100,   108.884,  -101.560,   -68.629,    75.707,  -124.750,   -20.000,  -180.236,  -148.504,   -20.000,  -227.116,    36.440,   -31.116,  -129.116,   154.040,   -31.116,    13.707,   150.850,   -20.000,   108.884,  -101.560,   -68.629,    -0.000,  -160.000,   -31.116,  -113.137,  -113.137,   -31.116,  -227.116,    36.440,   -31.116,  -129.116,   154.040,   -31.116,   113.137,   113.137,   -41.834,   309.116,     2.560,    30.000,     1.000,     0.000,     0.000,     0.000,kLegHierarchyChange,0,1
0001010011001100000101111100,   108.884,  -101.560,   -68.629,    75.707,  -124.750,   -20.000,  -180.236,  -148.504,   -20.000,  -227.116,    36.440,   -31.116,  -129.116,   154.040,   -31.116,    13.707,   150.850,   -20.000,   108.884,  -101.560,   -68.629,    -0.000,  -160.000,   -31.116,  -113.137,  -113.137,   -31.116,  -227.116,    36.440,   -31.116,  -129.116,   154.040,   -31.116,   113.137,   113.137,   -41.834,   309.116,     2.560,    30.000,     1.000,     0.000,     0.000,     0.000,kLegUpDown,0,1
0001110001000100100111110100,   108.884,  -101.560,   -20.000,   110.884,  -139.160,   -36.475,  -147.116,   -21.560,   -31.116,  -227.116,    36.440,   -20.000,  -129.116,   154.040,   -20.000,   108.884,   116.440,   -68.629,   113.137,  -113.137,   -68.629,   110.884,  -139.160,   -36.475,  -147.116,   -21.560,   -31.116,  -113.137,   113.137,   -31.116,    -0.000,   160.000,   -31.116,   108.884,   116.440,   -68.629,   309.116,     2.560,    30.000,     1.000,     0.000,     0.000,     0.000,kComUpDown,0,1
0001110001000100100111110100,   108.884,  -101.560,   -20.000,   110.884,  -139.160,   -36.475,  -147.116,   -21.560,   -31.116,  -227.116,    36.440,   -20.000,  -129.116,   154.040,   -20.000,   108.884,   116.440,   -68.629,   113.137,  -113.137,   -68.629,   110.884,  -139.160,   -36.475,  -147.116,   -21.560,   -31.116,  -113.137,   113.137,   -31.116,    -0.000,   160.000,   -31.116,   108.884,   116.440,   -68.629,   309.116,     2.560,    30.000,     1.000,     0.000,     0.000,     0.000,kComMove,0,1
0001110001000100110011000100,   108.884,  -101.560,   -20.000,    82.011,  -133.148,   -36.475,  -175.989,   -15.548,   -31.116,  -227.116,    36.440,   -20.000,  -129.116,   154.040,   -20.000,    80.011,   122.452,   -68.629,   113.137,  -113.137,   -68.629,    82.011,  -133.148,   -36.475,  -175.989,   -15.548,   -31.116,  -113.137,   113.137,   -31.116,    -0.000,   160.000,   -31.116,    80.011,   122.452,   -68.629,   337.989,    -3.452,    30.000,     1.000,     0.000,     0.000,     0.000,kLegHierarchyChange,0,1
0001110001000111110011000100,   108.884,  -101.560,   -20.000,    82.011,  -133.148,   -36.475,  -175.989,   -15.548,   -31.116,  -227.116,    36.440,   -20.000,  -129.116,   154.040,   -20.000,    80.011,   122.452,   -68.629,   113.137,  -113.137,   -68.629,    82.011,  -133.148,   -36.475,  -175.989,   -15.548,   -31.116,  -113.137,   113.137,   -31.116,    -0.000,   160.000,   -31.116,    80.011,   122.452,   -68.629,   337.989,    -3.452,    30.000,     1.000,     0.000,     0.000,     0.000,kLegUpDown,0,1
0001010011001111010011001100,   120.011,  -115.548,   -79.347,    82.011,  -133.148,   -36.475,  -175.989,   -15.548,   -20.000,   -55.989,   182.452,   -31.116,     2.011,   160.052,   -31.116,    80.011,   122.452,   -20.000,   120.011,  -115.548,   -79.347,    82.011,  -133.148,   -36.475,  -113.137,  -113.137,   -31.116,   -55.989,   182.452,   -31.116,     2.011,   160.052,   -31.116,   113.137,   113.137,   -68.629,   337.989,    -3.452,    30.000,     1.000,     0.000,     0.000,     0.000,kComUpDown,0,1
0001010011001111010011001100,   120.011,  -115.548,   -79.347,    82.011,  -133.148,   -36.475,  -175.989,   -15.548,   -20.000,   -55.989,   182.452,   -31.116,     2.011,   160.052,   -31.116,    80.011,   122.452,   -20.000,   120.011,  -115.548,   -79.347,    82.011,  -133.148,   -36.475,  -113.137,  -113.137,   -31.116,   -55.989,   182.452,   -31.116,     2.011,   160.052,   -31.116,   113.137,   113.137,   -68.629,   337.989,    -3.452,    30.000,     1.000,     0.000,     0.000,     0.000,kComMove,0,1
0001010011001100010011001100,    19.379,  -142.884,   -79.347,   -18.621,  -160.484,   -36.475,  -175.989,   -15.548,   -20.000,  -156.621,   155.116,   -31.116,   -98.621,   132.716,   -31.116,    80.011,   122.452,   -20.000,    19.379,  -142.884,   -79.347,   -18.621,  -160.484,   -36.475,  -113.137,  -113.137,   -31.116,  -156.621,   155.116,   -31.116,   -98.621,   132.716,   -31.116,   113.137,   113.137,   -68.629,   438.621,    23.884,    30.000,     1.000,     0.000,     0.000,     0.000,kLegHierarchyChange,0,1
0001010011001100011111001100,    19.379,  -142.884,   -79.347,   -18.621,  -160.484,   -36.475,  -175.989,   -15.548,   -20.000,  -156.621,   155.116,   -31.116,   -98.621,   132.716,   -31.116,    80.011,   122.452,   -20.000,    19.379,  -142.884,   -79.347,   -18.621,  -160.484,   -36.475,  -113.137,  -113.137,   -31.116,  -156.621,   155.116,   -31.116,   -98.621,   132.716,   -31.116,   113.137,   113.137,   -68.629,   438.621,    23.884,    30.000,     1.000,     0.000,     0.000,     0.000,kLegUpDown,0,1
0001110011000100011111000100,    19.379,  -142.884,   -20.000,   -18.621,  -160.484,   -36.475,  -175.989,   -15.548,   -20.000,  -156.621,   155.116,   -20.000,   -98.621,   132.716,   -31.116,   119.379,   115.116,  -106.142,   113.137,  -113.137,   -79.347,   -18.621,  -160.484,   -36.475,  -113.137,  -113.137,   -31.116,  -113.137,   113.137,   -31.116,   -98.621,   132.716,   -31.116,   119.379,   115.116,  -106.142,   438.621,    23.884,    30.000,     1.000,     0.000,     0.000,     0.000,kComUpDown,0,1
0001110011000100011111000100,    19.379,  -142.884,   -20.000,   -18.621,  -160.484,   -36.475,  -175.989,   -15.548,   -20.000,  -156.621,   155.116,   -20.000,   -98.621,   132.716,   -31.116,   119.379,   115.116,  -106.142,   113.137,  -113.137,   -79.347,   -18.621,  -160.484,   -36.475,  -113.137,  -113.137,   -31.116,  -113.137,   113.137,   -31.116,   -98.621,   132.716,   -31.116,   119.379,   115.116,  -106.142,   438.621,    23.884,    30.000,     1.000,     0.000,     0.000,     0.000,kComMove,0,1
0001110011000100010011000100,    19.379,  -142.884,   -20.000,   -41.186,  -147.127,   -36.475,  -175.989,   -15.548,   -20.000,  -156.621,   155.116,   -20.000,  -121.186,   146.073,   -31.116,    96.814,   128.473,  -106.142,   113.137,  -113.137,   -79.347,   -41.186,  -147.127,   -36.475,  -113.137,  -113.137,   -31.116,  -113.137,   113.137,   -31.116,  -121.186,   146.073,   -31.116,    96.814,   128.473,  -106.142,   461.186,    10.527,    30.000,     1.000,     0.000,     0.000,     0.000,kLegHierarchyChange,0,1
0001110011000100010011000111,    19.379,  -142.884,   -20.000,   -41.186,  -147.127,   -36.475,  -175.989,   -15.548,   -20.000,  -156.621,   155.116,   -20.000,  -121.186,   146.073,   -31.116,    96.814,   128.473,  -106.142,   113.137,  -113.137,   -79.347,   -41.186,  -147.127,   -36.475,  -113.137,  -113.137,   -31.116,  -113.137,   113.137,   -31.116,  -121.186,   146.073,   -31.116,    96.814,   128.473,  -106.142,   461.186,    10.527,    30.000,     1.000,     0.000,     0.000,     0.000,kLegUpDown,0,1
0001110001001100110011001111,   176.814,   -29.527,  -127.578,   -41.186,  -147.127,   -36.475,  -119.186,  -109.527,   -31.116,  -119.186,   108.473,   -31.116,  -121.186,   146.073,   -20.000,    96.814,   128.473,  -106.142,   176.814,   -29.527,  -127.578,   -41.186,  -147.127,   -36.475,  -119.186,  -109.527,   -31.116,  -119.186,   108.473,   -31.116,    -0.000,   160.000,   -31.116,    96.814,   128.473,  -106.142,   461.186,    10.527,    30.000,     1.000,     0.000,     0.000,     0.000,kComUpDown,0,1
0001110001001100110011001111,   176.814,   -29.527,  -127.578,   -41.186,  -147.127,   -36.475,  -119.186,  -109.527,   -31.116,  -119.186,   108.473,   -31.116,  -121.186,   146.073,   -20.000,    96.814,   128.473,  -106.142,   176.814,   -29.527,  -127.578,   -41.186,  -147.127,   -36.475,  -119.186,  -109.527,   -31.116,  -119.186,   108.473,   -31.116,    -0.000,   160.000,   -31.116,    96.814,   128.473,  -106.142,   461.186,    10.527,    30.000,     1.000,     0.000,     0.000,     0.000,kComMove,0,1
0010110001001100110011001100,   142.106,   -14.475,  -127.578,   -75.894,  -132.075,   -36.475,  -153.894,   -94.475,   -31.116,  -153.894,   123.525,   -31.116,  -121.186,   146.073,   -20.000,    62.106,   143.525,  -106.142,   142.106,   -14.475,  -127.578,   -75.894,  -132.075,   -36.475,  -153.894,   -94.475,   -31.116,  -153.894,   123.525,   -31.116,    -0.000,   160.000,   -31.116,    62.106,   143.525,  -106.142,   495.894,    -4.525,    30.000,     1.000,     0.000,     0.000,     0.000,kLegHierarchyChange,0,1
0010110001001100110011001100,   142.106,   -14.475,  -127.578,   -75.894,  -132.075,   -36.475,  -153.894,   -94.475,   -31.116,  -153.894,   123.525,   -31.116,  -121.186,   146.073,   -20.000,    62.106,   143.525,  -106.142,   142.106,   -14.475,  -127.578,   -75.894,  -132.075,   -36.475,  -153.894,   -94.475,   -31.116,  -153.894,   123.525,   -31.116,    -0.000,   160.000,   -31.116,    62.106,   143.525,  -106.142,   495.894,    -4.525,    30.000,     1.000,     0.000,     0.000,     0.000,kLegUpDown,0,1
0010110011001100110011000100,   142.106,   -14.475,   -20.000,   -75.894,  -132.075,   -36.475,  -153.894,   -94.475,   -31.116,  -153.894,   123.525,   -31.116,     4.106,   161.125,   -57.911,    62.106,   143.525,  -106.142,   113.137,  -113.137,  -127.578,   -75.894,  -132.075,   -36.475,  -153.894,   -94.475,   -31.116,  -153.894,   123.525,   -31.116,     4.106,   161.125,   -57.911,    62.106,   143.525,  -106.142,   495.894,    -4.525,    30.000,     1.000,     0.000,     0.000,     0.000,kComUpDown,0,1
0010110011001100110011000100,   142.106,   -14.475,   -20.000,   -75.894,  -132.075,   -36.475,  -153.894,   -94.475,   -31.116,  -153.894,   123.525,   -31.116,     4.106,   161.125,   -57.911,    62.106,   143.525,  -106.142,   113.137,  -113.137,  -127.578,   -75.894,  -132.075,   -36.475,  -153.894,   -94.475,   -31.116,  -153.894,   123.525,   -31.116,     4.106,   161.125,   -57.911,    62.106,   143.525,  -106.142,   495.894,    -4.525,    30.000,     1.000,     0.000,     0.000,     0.000,kComMove,0,1
0010110011001100110011000100,   142.106,   -14.475,   -20.000,  -109.628,  -133.635,   -36.475,  -187.628,   -96.035,   -31.116,  -187.628,   121.965,   -31.116,   -29.628,   159.565,   -57.911,    28.372,   141.965,  -106.142,   113.137,  -113.137,  -127.578,  -109.628,  -133.635,   -36.475,  -187.628,   -96.035,   -31.116,  -187.628,   121.965,   -31.116,   -29.628,   159.565,   -57.911,    28.372,   141.965,  -106.142,   529.628,    -2.965,    30.000,     1.000,     0.000,     0.000,     0.000,kLegHierarchyChange,0,1
0010110011001100110011000100,   142.106,   -14.475,   -20.000,  -109.628,  -133.635,   -36.475,  -187.628,   -96.035,   -31.116,  -187.628,   121.965,   -31.116,   -29.628,   159.565,   -57.911,    28.372,   141.965,  -106.142,   113.137,  -113.137,  -127.578,  -109.628,  -133.635,   -36.475,  -187.628,   -96.035,   -31.116,  -187.628,   121.965,   -31.116,   -29.628,   159.565,   -57.911,    28.372,   141.965,  -106.142,   529.628,    -2.965,    30.000,     1.000,     0.000,     0.000,     0.000,kLegUpDown,0,1
0010010011001100010001001100,   108.372,  -116.035,  -127.578,  -109.628,  -133.635,   -20.000,  -187.628,   -96.035,   -20.000,  -187.628,   121.965,   -31.116,   -29.628,   159.565,   -57.911,    28.372,   141.965,   -20.000,   108.372,  -116.035,  -127.578,    -0.000,  -160.000,   -36.475,  -113.137,  -113.137,   -31.116,  -187.628,   121.965,   -31.116,   -29.628,   159.565,   -57.911,   113.137,   113.137,  -106.142,   529.628,    -2.965,    30.000,     1.000,     0.000,     0.000,     0.000,kComUpDown,0,1
0010010011001100010001001100,   108.372,  -116.035,  -127.578,  -109.628,  -133.635,   -20.000,  -187.628,   -96.035,   -20.000,  -187.628,   121.965,   -31.116,   -29.628,   159.565,   -57.911,    28.372,   141.965,   -20.000,   108.372,  -116.035,  -127.578,    -0.000,  -160.000,   -36.475,  -113.137,  -113.137,   -31.116,  -187.628,   121.965,   -31.116,   -29.628,   159.565,   -57.911,   113.137,   113.137,  -106.142,   529.628,    -2.965,    30.000,     1.000,     0.000,     0.000,     0.000,kComMove,0,1
0001010011001100010001001100,    74.157,  -147.451,  -127.578,  -109.628,  -133.635,   -20.000,  -187.628,   -96.035,   -20.000,  -221.843,    90.549,   -31.116,   -63.843,   128.149,   -57.911,    28.372,   141.965,   -20.000,    74.157,  -147.451,  -127.578,    -0.000,  -160.000,   -36.475,  -113.137,  -113.137,   -31.116,  -221.843,    90.549,   -31.116,   -63.843,   128.149,   -57.911,   113.137,   113.137,  -106.142,   563.843,    28.451,    30.000,     1.000,     0.000,     0.000,     0.000,kLegHierarchyChange,0,1
0001010011001100011101001100,    74.157,  -147.451,  -127.578,  -109.628,  -133.635,   -20.000,  -187.628,   -96.035,   -20.000,  -221.843,    90.549,   -31.116,   -63.843,   128.149,   -57.911,    28.372,   141.965,   -20.000,    74.157,  -147.451,  -127.578,    -0.000,  -160.000,   -36.475,  -113.137,  -113.137,   -31.116,  -221.843,    90.549,   -31.116,   -63.843,   128.149,   -57.911,   113.137,   113.137,  -106.142,   563.843,    28.451,    30.000,     1.000,     0.000,     0.000,     0.000,kLegUpDown,0,1
0001110011000100111111000100,    74.157,  -147.451,   -20.000,    -3.843,  -165.051,   -73.988,   -21.843,  -227.451,   -36.475,  -221.843,    90.549,   -20.000,   -63.843,   128.149,   -57.911,   114.157,   110.549,  -138.296,   113.137,  -113.137,  -127.578,    -3.843,  -165.051,   -73.988,   -21.843,  -227.451,   -36.475,  -113.137,   113.137,   -31.116,   -63.843,   128.149,   -57.911,   114.157,   110.549,  -138.296,   563.843,    28.451,    30.000,     1.000,     0.000,     0.000,     0.000,kComUpDown,0,1
0001110011000100111111000100,    74.157,  -147.451,   -20.000,    -3.843,  -165.051,   -73.988,   -21.843,  -227.451,   -36.475,  -221.843,    90.549,   -20.000,   -63.843,   128.149,   -57.911,   114.157,   110.549,  -138.296,   113.137,  -113.137,  -127.578,    -3.843,  -165.051,   -73.988,   -21.843,  -227.451,   -36.475,  -113.137,   113.137,   -31.116,   -63.843,   128.149,   -57.911,   114.157,   110.549,  -138.296,   563.843,    28.451,    30.000,     1.000,     0.000,     0.000,     0.000,kComMove,0,1
0110110011000100110011000100,    74.157,  -147.451,   -20.000,   -44.564,  -150.348,   -73.988,   -62.564,  -212.748,   -36.475,  -221.843,    90.549,   -20.000,  -104.564,   142.852,   -57.911,    73.436,   125.252,  -138.296,   113.137,  -113.137,  -127.578,   -44.564,  -150.348,   -73.988,   -62.564,  -212.748,   -36.475,  -113.137,   113.137,   -31.116,  -104.564,   142.852,   -57.911,    73.436,   125.252,  -138.296,   604.564,    13.748,    30.000,     1.000,     0.000,     0.000,     0.000,kLegHierarchyChange,0,1
0110110011000111110011000011,    74.157,  -147.451,   -20.000,   -44.564,  -150.348,   -73.988,   -62.564,  -212.748,   -36.475,  -221.843,    90.549,   -20.000,  -104.564,   142.852,   -57.911,    73.436,   125.252,  -138.296,   113.137,  -113.137,  -127.578,   -44.564,  -150.348,   -73.988,   -62.564,  -212.748,   -36.475,  -113.137,   113.137,   -31.116,  -104.564,   142.852,   -57.911,    73.436,   125.252,  -138.296,   604.564,    13.748,    30.000,     1.000,     0.000,     0.000,     0.000,kLegUpDown,0,1
0110010011000111110001001011,    33.436,  -192.748,  -127.578,   -44.564,  -150.348,   -20.000,   -62.564,  -212.748,   -36.475,  -221.843,    90.549,   -20.000,  -104.564,   142.852,   -57.911,    73.436,   125.252,   -20.000,    33.436,  -192.748,  -127.578,    -0.000,  -160.000,   -73.988,   -62.564,  -212.748,   -36.475,  -113.137,   113.137,   -31.116,  -104.564,   142.852,   -57.911,   113.137,   113.137,  -138.296,   604.564,    13.748,    30.000,     1.000,     0.000,     0.000,     0.000,kComUpDown,0,1
0110010011000111110001001011,    33.436,  -192.748,  -126.679,   -44.564,  -150.348,   -20.000,   -62.564,  -212.748,   -35.576,  -221.843,    90.549,   -20.000,  -104.564,   142.852,   -57.012,    73.436,   125.252,   -20.000,    33.436,  -192.748,  -126.679,    -0.000,  -160.000,   -73.089,   -62.564,  -212.748,   -35.576,  -113.137,   113.137,   -30.217,  -104.564,   142.852,   -57.012,   113.137,   113.137,  -137.397,   604.564,    13.748,    29.101,     1.000,     0.000,     0.000,     0.000,kComMove,0,1
0001010011000100110001001100,    14.019,  -140.975,  -126.679,   -44.564,  -150.348,   -20.000,   -81.981,  -160.975,   -35.576,  -221.843,    90.549,   -20.000,  -123.981,   194.625,   -57.012,    73.436,   125.252,   -20.000,    14.019,  -140.975,  -126.679,    -0.000,  -160.000,   -73.089,   -81.981,  -160.975,   -35.576,  -113.137,   113.137,   -30.217,  -123.981,   194.625,   -57.012,   113.137,   113.137,  -137.397,   623.981,   -38.025,    29.101,     1.000,     0.000,     0.000,     0.000,kLegHierarchyChange,0,1
0001001111000100110001001100,    14.019,  -140.975,  -126.679,   -44.564,  -150.348,   -20.000,   -81.981,  -160.975,   -35.576,  -221.843,    90.549,   -20.000,  -123.981,   194.625,   -57.012,    73.436,   125.252,   -20.000,    14.019,  -140.975,  -126.679,    -0.000,  -160.000,   -73.089,   -81.981,  -160.975,   -35.576,  -113.137,   113.137,   -30.217,  -123.981,   194.625,   -57.012,   113.137,   113.137,  -137.397,   623.981,   -38.025,    29.101,     1.000,     0.000,     0.000,     0.000,kLegUpDown,0,1
0001101101001100110011000100,    14.019,  -140.975,   -20.000,    -3.981,  -158.575,   -89.166,   -81.981,  -160.975,   -35.576,  -121.981,   117.025,   -30.217,  -123.981,   194.625,   -20.000,    34.019,   177.025,  -132.038,   113.137,  -113.137,  -126.679,    -3.981,  -158.575,   -89.166,   -81.981,  -160.975,   -35.576,  -121.981,   117.025,   -30.217,    -0.000,   160.000,   -57.012,    34.019,   177.025,  -132.038,   623.981,   -38.025,    29.101,     1.000,     0.000,     0.000,     0.000,kComUpDown,0,1
0001101101001100110011000100,    14.019,  -140.975,   -20.000,    -3.981,  -158.575,   -79.347,   -81.981,  -160.975,   -25.757,  -121.981,   117.025,   -20.398,  -123.981,   194.625,   -20.000,    34.019,   177.025,  -122.219,   113.137,  -113.137,  -116.860,    -3.981,  -158.575,   -79.347,   -81.981,  -160.975,   -25.757,  -121.981,   117.025,   -20.398,    -0.000,   160.000,   -47.193,    34.019,   177.025,  -122.219,   623.981,   -38.025,    19.282,     1.000,     0.000,     0.000,     0.000,kComMove,0,1
0001101101001100110011000100,    14.019,  -140.975,   -20.000,    -3.981,  -158.575,   -79.347,   -81.981,  -160.975,   -25.757,  -121.981,   117.025,   -20.398,  -123.981,   194.625,   -20.000,    34.019,   177.025,  -122.219,   113.137,  -113.137,  -116.860,    -3.981,  -158.575,   -79.347,   -81.981,  -160.975,   -25.757,  -121.981,   117.025,   -20.398,    -0.000,   160.000,   -47.193,    34.019,   177.025,  -122.219,   623.981,   -38.025,    19.282,     1.000,     0.000,     0.000,     0.000,kLegHierarchyChange,0,1
0001101101001100110011000100,    14.019,  -140.975,   -20.000,    -3.981,  -158.575,   -79.347,   -81.981,  -160.975,   -25.757,  -121.981,   117.025,   -20.398,  -123.981,   194.625,   -20.000,    34.019,   177.025,  -122.219,   113.137,  -113.137,  -116.860,    -3.981,  -158.575,   -79.347,   -81.981,  -160.975,   -25.757,  -121.981,   117.025,   -20.398,    -0.000,   160.000,   -47.193,    34.019,   177.025,  -122.219,   623.981,   -38.025,    19.282,     1.000,     0.000,     0.000,     0.000,kLegUpDown,0,1
0001001111001100010011001100,   114.019,  -120.975,  -143.655,    -3.981,  -158.575,   -79.347,   -81.981,  -160.975,   -20.000,  -121.981,   117.025,   -20.398,    -3.981,   154.625,   -79.347,    34.019,   177.025,   -20.000,   114.019,  -120.975,  -143.655,    -3.981,  -158.575,   -79.347,  -113.137,  -113.137,   -25.757,  -121.981,   117.025,   -20.398,    -3.981,   154.625,   -79.347,   113.137,   113.137,  -122.219,   623.981,   -38.025,    19.282,     1.000,     0.000,     0.000,     0.000,kComUpDown,0,1
0001001111001100010011001100,   114.019,  -120.975,  -143.655,    -3.981,  -158.575,   -79.347,   -81.981,  -160.975,   -20.000,  -121.981,   117.025,   -20.398,    -3.981,   154.625,   -79.347,    34.019,   177.025,   -20.000,   114.019,  -120.975,  -143.655,    -3.981,  -158.575,   -79.347,  -113.137,  -113.137,   -25.757,  -121.981,   117.025,   -20.398,    -3.981,   154.625,   -79.347,   113.137,   113.137,  -122.219,   623.981,   -38.025,    19.282,     1.000,     0.000,     0.000,     0.000,kComMove,0,1
0001010011001100010011001100,    34.101,  -157.708,  -143.655,   -83.899,  -195.308,   -79.347,   -81.981,  -160.975,   -20.000,  -201.899,    80.292,   -20.398,   -83.899,   117.892,   -79.347,    34.019,   177.025,   -20.000,    34.101,  -157.708,  -143.655,   -83.899,  -195.308,   -79.347,  -113.137,  -113.137,   -25.757,  -201.899,    80.292,   -20.398,   -83.899,   117.892,   -79.347,   113.137,   113.137,  -122.219,   703.899,    -1.292,    19.282,     1.000,     0.000,     0.000,     0.000,kLegHierarchyChange,0,1
0001010111001100011111001100,    34.101,  -157.708,  -143.655,   -83.899,  -195.308,   -79.347,   -81.981,  -160.975,   -20.000,  -201.899,    80.292,   -20.398,   -83.899,   117.892,   -79.347,    34.019,   177.025,   -20.000,    34.101,  -157.708,  -143.655,   -83.899,  -195.308,   -79.347,  -113.137,  -113.137,   -25.757,  -201.899,    80.292,   -20.398,   -83.899,   117.892,   -79.347,   113.137,   113.137,  -122.219,   703.899,    -1.292,    19.282,     1.000,     0.000,     0.000,     0.000,kLegUpDown,0,1
0001110111000100111111000100,    34.101,  -157.708,   -20.000,   -83.899,  -195.308,   -79.347,   -21.899,  -217.708,   -63.270,  -201.899,    80.292,   -20.000,   -83.899,   117.892,   -79.347,   134.101,    40.292,  -170.450,   113.137,  -113.137,  -143.655,   -83.899,  -195.308,   -79.347,   -21.899,  -217.708,   -63.270,  -113.137,   113.137,   -20.398,   -83.899,   117.892,   -79.347,   134.101,    40.292,  -170.450,   703.899,    -1.292,    19.282,     1.000,     0.000,     0.000,     0.000,kComUpDown,0,1
0001110111000100111111000100,    34.101,  -157.708,   -20.000,   -83.899,  -195.308,   -78.798,   -21.899,  -217.708,   -62.721,  -201.899,    80.292,   -20.000,   -83.899,   117.892,   -78.798,   134.101,    40.292,  -169.901,   113.137,  -113.137,  -143.106,   -83.899,  -195.308,   -78.798,   -21.899,  -217.708,   -62.721,  -113.137,   113.137,   -19.849,   -83.899,   117.892,   -78.798,   134.101,    40.292,  -169.901,   703.899,    -1.292,    18.733,     1.000,     0.000,     0.000,     0.000,kComMove,0,1
0001110111000100111111000100,    34.101,  -157.708,   -20.000,   -83.899,  -195.308,   -78.798,   -21.899,  -217.708,   -62.721,  -201.899,    80.292,   -20.000,   -83.899,   117.892,   -78.798,   134.101,    40.292,  -169.901,   113.137,  -113.137,  -143.106,   -83.899,  -195.308,   -78.798,   -21.899,  -217.708,   -62.721,  -113.137,   113.137,   -19.849,   -83.899,   117.892,   -78.798,   134.101,    40.292,  -169.901,   703.899,    -1.292,    18.733,     1.000,     0.000,     0.000,     0.000,kLegHierarchyChange,0,1
0001110111000001111111000111,    34.101,  -157.708,   -20.000,   -83.899,  -195.308,   -78.798,   -21.899,  -217.708,   -62.721,  -201.899,    80.292,   -20.000,   -83.899,   117.892,   -78.798,   134.101,    40.292,  -169.901,   113.137,  -113.137,  -143.106,   -83.899,  -195.308,   -78.798,   -21.899,  -217.708,   -62.721,  -113.137,   113.137,   -19.849,   -83.899,   117.892,   -78.798,   134.101,    40.292,  -169.901,   703.899,    -1.292,    18.733,     1.000,     0.000,     0.000,     0.000,kLegUpDown,0,1
0001110111001001111111000111,    34.101,  -157.708,   -20.000,   -83.899,  -195.308,   -78.798,   -21.899,  -217.708,   -62.721,  -141.899,    20.292,   -30.567,   -83.899,   117.892,   -78.798,   134.101,    40.292,  -169.901,   113.137,  -113.137,  -143.106,   -83.899,  -195.308,   -78.798,   -21.899,  -217.708,   -62.721,  -141.899,    20.292,   -30.567,   -83.899,   117.892,   -78.798,   134.101,    40.292,  -169.901,   703.899,    -1.292,    18.733,     1.000,     0.000,     0.000,     0.000,kComUpDown,0,1
0001110111001001111111000111,    34.101,  -157.708,   -20.000,   -83.899,  -195.308,   -68.354,   -21.899,  -217.708,   -52.278,  -141.899,    20.292,   -20.124,   -83.899,   117.892,   -68.354,   134.101,    40.292,  -159.457,   113.137,  -113.137,  -132.662,   -83.899,  -195.308,   -68.354,   -21.899,  -217.708,   -52.278,  -141.899,    20.292,   -20.124,   -83.899,   117.892,   -68.354,   134.101,    40.292,  -159.457,   703.899,    -1.292,     8.290,     1.000,     0.000,     0.000,     0.000,kComMove,0,1
0001110111001001111111000111,    34.101,  -157.708,   -20.000,   -83.899,  -195.308,   -68.354,   -21.899,  -217.708,   -52.278,  -141.899,    20.292,   -20.124,   -83.899,   117.892,   -68.354,   134.101,    40.292,  -159.457,   113.137,  -113.137,  -132.662,   -83.899,  -195.308,   -68.354,   -21.899,  -217.708,   -52.278,  -141.899,    20.292,   -20.124,   -83.899,   117.892,   -68.354,   134.101,    40.292,  -159.457,   703.899,    -1.292,     8.290,     1.000,     0.000,     0.000,     0.000,kLegHierarchyChange,0,1
0001110111001001111111000101,    34.101,  -157.708,   -20.000,   -83.899,  -195.308,   -68.354,   -21.899,  -217.708,   -52.278,  -141.899,    20.292,   -20.124,   -83.899,   117.892,   -68.354,   134.101,    40.292,  -159.457,   113.137,  -113.137,  -132.662,   -83.899,  -195.308,   -68.354,   -21.899,  -217.708,   -52.278,  -141.899,    20.292,   -20.124,   -83.899,   117.892,   -68.354,   134.101,    40.292,  -159.457,   703.899,    -1.292,     8.290,     1.000,     0.000,     0.000,     0.000,kLegUpDown,0,1
0001010111000001111101001101,   154.101,   -17.708,  -164.816,   -83.899,  -195.308,   -20.000,   -21.899,  -217.708,   -52.278,  -141.899,    20.292,   -20.000,   -83.899,   117.892,   -68.354,   134.101,    40.292,   -20.000,   154.101,   -17.708,  -164.816,    -0.000,  -160.000,   -68.354,   -21.899,  -217.708,   -52.278,  -113.137,   113.137,   -20.124,   -83.899,   117.892,   -68.354,   113.137,   113.137,  -159.457,   703.899,    -1.292,     8.290,     1.000,     0.000,     0.000,     0.000,kComUpDown,0,1
0001010111000001111101001101,   154.101,   -17.708,  -154.373,   -83.899,  -195.308,   -20.000,   -21.899,  -217.708,   -41.834,  -141.899,    20.292,   -20.000,   -83.899,   117.892,   -57.911,   134.101,    40.292,   -20.000,   154.101,   -17.708,  -154.373,    -0.000,  -160.000,   -57.911,   -21.899,  -217.708,   -41.834,  -113.137,   113.137,    -9.680,   -83.899,   117.892,   -57.911,   113.137,   113.137,  -149.014,   703.899,    -1.292,    -2.154,     1.000,     0.000,     0.000,     0.000,kComMove,0,1
0001010111000001111101001101,   154.101,   -17.708,  -154.373,   -83.899,  -195.308,   -20.000,   -21.899,  -217.708,   -41.834,  -141.899,    20.292,   -20.000,   -83.899,   117.892,   -57.911,   134.101,    40.292,   -20.000,   154.101,   -17.708,  -154.373,    -0.000,  -160.000,   -57.911,   -21.899,  -217.708,   -41.834,  -113.137,   113.137,    -9.680,   -83.899,   117.892,   -57.911,   113.137,   113.137,  -149.014,   703.899,    -1.292,    -2.154,     1.000,     0.000,     0.000,     0.000,kLegHierarchyChange,0,1
0001010011000101111101001101,   154.101,   -17.708,  -154.373,   -83.899,  -195.308,   -20.000,   -21.899,  -217.708,   -41.834,  -141.899,    20.292,   -20.000,   -83.899,   117.892,   -57.911,   134.101,    40.292,   -20.000,   154.101,   -17.708,  -154.373,    -0.000,  -160.000,   -57.911,   -21.899,  -217.708,   -41.834,  -113.137,   113.137,    -9.680,   -83.899,   117.892,   -57.911,   113.137,   113.137,  -149.014,   703.899,    -1.292,    -2.154,     1.000,     0.000,     0.000,     0.000,kLegUpDown,0,1
0001110001001101111111000101,   154.101,   -17.708,   -20.000,    -3.899,  -155.308,   -79.347,   -21.899,  -217.708,   -41.834,   -21.899,   140.292,   -41.834,   -83.899,   117.892,   -20.000,   114.101,   120.292,  -143.655,   113.137,  -113.137,  -154.373,    -3.899,  -155.308,   -79.347,   -21.899,  -217.708,   -41.834,   -21.899,   140.292,   -41.834,    -0.000,   160.000,   -57.911,   114.101,   120.292,  -143.655,   703.899,    -1.292,    -2.154,     1.000,     0.000,     0.000,     0.000,kComUpDown,0,1
0001110001001101111111000101,   154.101,   -17.708,   -20.000,    -3.899,  -155.308,   -79.347,   -21.899,  -217.708,   -41.834,   -21.899,   140.292,   -41.834,   -83.899,   117.892,   -20.000,   114.101,   120.292,  -143.655,   113.137,  -113.137,  -154.373,    -3.899,  -155.308,   -79.347,   -21.899,  -217.708,   -41.834,   -21.899,   140.292,   -41.834,    -0.000,   160.000,   -57.911,   114.101,   120.292,  -143.655,   703.899,    -1.292,    -2.154,     1.000,     0.000,     0.000,     0.000,kComMove,0,1
0111110001001100110011000100,   154.101,   -17.708,   -20.000,   -60.366,  -136.228,   -79.347,   -78.366,  -198.628,   -41.834,   -78.366,   159.372,   -41.834,   -83.899,   117.892,   -20.000,    57.634,   139.372,  -143.655,   113.137,  -113.137,  -154.373,   -60.366,  -136.228,   -79.347,   -78.366,  -198.628,   -41.834,   -78.366,   159.372,   -41.834,    -0.000,   160.000,   -57.911,    57.634,   139.372,  -143.655,   760.366,   -20.372,    -2.154,     1.000,     0.000,     0.000,     0.000,kLegHierarchyChange,0,1
0111110001111100110011000111,   154.101,   -17.708,   -20.000,   -60.366,  -136.228,   -79.347,   -78.366,  -198.628,   -41.834,   -78.366,   159.372,   -41.834,   -83.899,   117.892,   -20.000,    57.634,   139.372,  -143.655,   113.137,  -113.137,  -154.373,   -60.366,  -136.228,   -79.347,   -78.366,  -198.628,   -41.834,   -78.366,   159.372,   -41.834,    -0.000,   160.000,   -57.911,    57.634,   139.372,  -143.655,   760.366,   -20.372,    -2.154,     1.000,     0.000,     0.000,     0.000,kLegUpDown,0,1
0111110011111100110011000111,   154.101,   -17.708,   -20.000,   -60.366,  -136.228,   -79.347,   -78.366,  -198.628,   -41.834,   -78.366,   159.372,   -41.834,   119.634,   156.972,  -127.578,    57.634,   139.372,  -143.655,   113.137,  -113.137,  -154.373,   -60.366,  -136.228,   -79.347,   -78.366,  -198.628,   -41.834,   -78.366,   159.372,   -41.834,   119.634,   156.972,  -127.578,    57.634,   139.372,  -143.655,   760.366,   -20.372,    -2.154,     1.000,     0.000,     0.000,     0.000,kComUpDown,0,1
0111110011111100110011000111,   154.101,   -17.708,   -20.000,   -60.366,  -136.228,   -63.270,   -78.366,  -198.628,   -25.757,   -78.366,   159.372,   -25.757,   119.634,   156.972,  -111.501,    57.634,   139.372,  -127.578,   113.137,  -113.137,  -138.296,   -60.366,  -136.228,   -63.270,   -78.366,  -198.628,   -25.757,   -78.366,   159.372,   -25.757,   119.634,   156.972,  -111.501,    57.634,   139.372,  -127.578,   760.366,   -20.372,   -18.231,     1.000,     0.000,     0.000,     0.000,kComMove,0,1
0010110011001100110011000100,   154.101,   -17.708,   -20.000,   -96.254,  -115.389,   -63.270,  -114.254,  -177.788,   -25.757,  -114.254,   180.212,   -25.757,    83.746,   177.812,  -111.501,    21.746,   160.212,  -127.578,   113.137,  -113.137,  -138.296,   -96.254,  -115.389,   -63.270,  -114.254,  -177.788,   -25.757,  -114.254,   180.212,   -25.757,    83.746,   177.812,  -111.501,    21.746,   160.212,  -127.578,   796.254,   -41.212,   -18.231,     1.000,     0.000,     0.000,     0.000,kLegHierarchyChange,0,1
0010110011001100110011000011,   154.101,   -17.708,   -20.000,   -96.254,  -115.389,   -63.270,  -114.254,  -177.788,   -25.757,  -114.254,   180.212,   -25.757,    83.746,   177.812,  -111.501,    21.746,   160.212,  -127.578,   113.137,  -113.137,  -138.296,   -96.254,  -115.389,   -63.270,  -114.254,  -177.788,   -25.757,  -114.254,   180.212,   -25.757,    83.746,   177.812,  -111.501,    21.746,   160.212,  -127.578,   796.254,   -41.212,   -18.231,     1.000,     0.000,     0.000,     0.000,kLegUpDown,0,1
0010010011001100010001001011,    21.746,  -197.789,  -127.578,   -96.254,  -115.389,   -20.000,  -114.254,  -177.788,   -20.000,  -114.254,   180.212,   -25.757,    83.746,   177.812,  -111.501,    21.746,   160.212,   -20.000,    21.746,  -197.789,  -127.578,    -0.000,  -160.000,   -63.270,  -113.137,  -113.137,   -25.757,  -114.254,   180.212,   -25.757,    83.746,   177.812,  -111.501,   113.137,   113.137,  -127.578,   796.254,   -41.212,   -18.231,     1.000,     0.000,     0.000,     0.000,kComUpDown,0,1
0010010011001100010001001011,    21.746,  -197.789,  -122.219,   -96.254,  -115.389,   -20.000,  -114.254,  -177.788,   -20.000,  -114.254,   180.212,   -20.398,    83.746,   177.812,  -106.142,    21.746,   160.212,   -20.000,    21.746,  -197.789,  -122.219,    -0.000,  -160.000,   -57.911,  -113.137,  -113.137,   -20.398,  -114.254,   180.212,   -20.398,    83.746,   177.812,  -106.142,   113.137,   113.137,  -122.219,   796.254,   -41.212,   -23.590,     1.000,     0.000,     0.000,     0.000,kComMove,0,1
0010010011001100010001001011,    21.746,  -197.789,  -122.219,   -96.254,  -115.389,   -20.000,  -114.254,  -177.788,   -20.000,  -114.254,   180.212,   -20.398,    83.746,   177.812,  -106.142,    21.746,   160.212,   -20.000,    21.746,  -197.789,  -122.219,    -0.000,  -160.000,   -57.911,  -113.137,  -113.137,   -20.398,  -114.254,   180.212,   -20.398,    83.746,   177.812,  -106.142,   113.137,   113.137,  -122.219,   796.254,   -41.212,   -23.590,     1.000,     0.000,     0.000,     0.000,kLegHierarchyChange,0,1
0010011111001100011101111011,    21.746,  -197.789,  -122.219,   -96.254,  -115.389,   -20.000,  -114.254,  -177.788,   -20.000,  -114.254,   180.212,   -20.398,    83.746,   177.812,  -106.142,    21.746,   160.212,   -20.000,    21.746,  -197.789,  -122.219,    -0.000,  -160.000,   -57.911,  -113.137,  -113.137,   -20.398,  -114.254,   180.212,   -20.398,    83.746,   177.812,  -106.142,   113.137,   113.137,  -122.219,   796.254,   -41.212,   -23.590,     1.000,     0.000,     0.000,     0.000,kLegUpDown,0,1
0010111101001100111111110011,    21.746,  -197.789,   -20.000,    83.746,  -155.389,  -106.142,   -34.254,  -237.789,   -41.834,  -114.254,   180.212,   -20.398,    83.746,   177.812,   -20.000,   161.746,    20.212,  -159.732,   113.137,  -113.137,  -122.219,    83.746,  -155.389,  -106.142,   -34.254,  -237.789,   -41.834,  -114.254,   180.212,   -20.398,    -0.000,   160.000,  -106.142,   161.746,    20.212,  -159.732,   796.254,   -41.212,   -23.590,     1.000,     0.000,     0.000,     0.000,kComUpDown,0,1
0010111101001100111111110011,    21.746,  -197.789,   -20.000,    83.746,  -155.389,  -106.142,   -34.254,  -237.789,   -41.834,  -114.254,   180.212,   -20.398,    83.746,   177.812,   -20.000,   161.746,    20.212,  -159.732,   113.137,  -113.137,  -122.219,    83.746,  -155.389,  -106.142,   -34.254,  -237.789,   -41.834,  -114.254,   180.212,   -20.398,    -0.000,   160.000,  -106.142,   161.746,    20.212,  -159.732,   796.254,   -41.212,   -23.590,     1.000,     0.000,     0.000,     0.000,kComMove,0,1
0010111101001100111111110011,    21.746,  -197.789,   -20.000,    83.746,  -155.389,  -106.142,   -34.254,  -237.789,   -41.834,  -114.254,   180.212,   -20.398,    83.746,   177.812,   -20.000,   161.746,    20.212,  -159.732,   113.137,  -113.137,  -122.219,    83.746,  -155.389,  -106.142,   -34.254,  -237.789,   -41.834,  -114.254,   180.212,   -20.398,    -0.000,   160.000,  -106.142,   161.746,    20.212,  -159.732,   796.254,   -41.212,   -23.590,     1.000,     0.000,     0.000,     0.000,kLegHierarchyChange,0,1
0010111101001100111111110100,    21.746,  -197.789,   -20.000,    83.746,  -155.389,  -106.142,   -34.254,  -237.789,   -41.834,  -114.254,   180.212,   -20.398,    83.746,   177.812,   -20.000,   161.746,    20.212,  -159.732,   113.137,  -113.137,  -122.219,    83.746,  -155.389,  -106.142,   -34.254,  -237.789,   -41.834,  -114.254,   180.212,   -20.398,    -0.000,   160.000,  -106.142,   161.746,    20.212,  -159.732,   796.254,   -41.212,   -23.590,     1.000,     0.000,     0.000,     0.000,kLegUpDown,0,1
0010011111001100011111111100,   121.746,  -117.788,  -149.014,    83.746,  -155.389,  -106.142,   -34.254,  -237.789,   -20.000,  -114.254,   180.212,   -20.398,     3.746,   157.811,   -84.706,   161.746,    20.212,   -20.000,   121.746,  -117.788,  -149.014,    83.746,  -155.389,  -106.142,  -113.137,  -113.137,   -41.834,  -114.254,   180.212,   -20.398,     3.746,   157.811,   -84.706,   113.137,   113.137,  -159.732,   796.254,   -41.212,   -23.590,     1.000,     0.000,     0.000,     0.000,kComUpDown,0,1
0010011111001100011111111100,   121.746,  -117.788,  -149.014,    83.746,  -155.389,  -106.142,   -34.254,  -237.789,   -20.000,  -114.254,   180.212,   -20.398,     3.746,   157.811,   -84.706,   161.746,    20.212,   -20.000,   121.746,  -117.788,  -149.014,    83.746,  -155.389,  -106.142,  -113.137,  -113.137,   -41.834,  -114.254,   180.212,   -20.398,     3.746,   157.811,   -84.706,   113.137,   113.137,  -159.732,   796.254,   -41.212,   -23.590,     1.000,     0.000,     0.000,     0.000,kComMove,0,1
0110010011001100010011001100,    60.470,  -143.675,  -149.014,    22.470,  -181.275,  -106.142,   -34.254,  -237.789,   -20.000,  -175.530,   154.325,   -20.398,   -57.530,   131.925,   -84.706,   161.746,    20.212,   -20.000,    60.470,  -143.675,  -149.014,    22.470,  -181.275,  -106.142,  -113.137,  -113.137,   -41.834,  -175.530,   154.325,   -20.398,   -57.530,   131.925,   -84.706,   113.137,   113.137,  -159.732,   857.530,   -15.325,   -23.590,     1.000,     0.000,     0.000,     0.000,kLegHierarchyChange,0,1
0110001111001100010011001100,    60.470,  -143.675,  -149.014,    22.470,  -181.275,  -106.142,   -34.254,  -237.789,   -20.000,  -175.530,   154.325,   -20.398,   -57.530,   131.925,   -84.706,   161.746,    20.212,   -20.000,    60.470,  -143.675,  -149.014,    22.470,  -181.275,  -106.142,  -113.137,  -113.137,   -41.834,  -175.530,   154.325,   -20.398,   -57.530,   131.925,   -84.706,   113.137,   113.137,  -159.732,   857.530,   -15.325,   -23.590,     1.000,     0.000,     0.000,     0.000,kLegUpDown,0,1
0110101101000100110011000100,    60.470,  -143.675,   -20.000,    22.470,  -181.275,  -106.142,  -115.530,  -103.675,   -36.475,  -175.530,   154.325,   -20.000,   -57.530,   131.925,   -20.000,    20.470,   174.325,  -138.296,   113.137,  -113.137,  -149.014,    22.470,  -181.275,  -106.142,  -115.530,  -103.675,   -36.475,  -113.137,   113.137,   -20.398,    -0.000,   160.000,   -84.706,    20.470,   174.325,  -138.296,   857.530,   -15.325,   -23.590,     1.000,     0.000,     0.000,     0.000,kComUpDown,0,1
0110101101000100110011000100,    60.470,  -143.675,   -20.000,    22.470,  -181.275,   -90.065,  -115.530,  -103.675,   -20.398,  -175.530,   154.325,   -20.000,   -57.530,   131.925,   -20.000,    20.470,   174.325,  -122.219,   113.137,  -113.137,  -132.937,    22.470,  -181.275,   -90.065,  -115.530,  -103.675,   -20.398,  -113.137,   113.137,    -4.321,    -0.000,   160.000,   -68.629,    20.470,   174.325,  -122.219,   857.530,   -15.325,   -39.667,     1.000,     0.000,     0.000,     0.000,kComMove,0,1
0110101101000100110011000100,    60.470,  -143.675,   -20.000,    22.470,  -181.275,   -90.065,  -115.530,  -103.675,   -20.398,  -175.530,   154.325,   -20.000,   -57.530,   131.925,   -20.000,    20.470,   174.325,  -122.219,   113.137,  -113.137,  -132.937,    22.470,  -181.275,   -90.065,  -115.530,  -103.675,   -20.398,  -113.137,   113.137,    -4.321,    -0.000,   160.000,   -68.629,    20.470,   174.325,  -122.219,   857.530,   -15.325,   -39.667,     1.000,     0.000,     0.000,     0.000,kLegHierarchyChange,0,1
0110101101110111110011000111,    60.470,  -143.675,   -20.000,    22.470,  -181.275,   -90.065,  -115.530,  -103.675,   -20.398,  -175.530,   154.325,   -20.000,   -57.530,   131.925,   -20.000,    20.470,   174.325,  -122.219,   113.137,  -113.137,  -132.937,    22.470,  -181.275,   -90.065,  -115.530,  -103.675,   -20.398,  -113.137,   113.137,    -4.321,    -0.000,   160.000,   -68.629,    20.470,   174.325,  -122.219,   857.530,   -15.325,   -39.667,     1.000,     0.000,     0.000,     0.000,kLegUpDown,0,1
0110001101111111110001001111,   160.470,   -23.675,  -159.732,    22.470,  -181.275,   -20.000,  -115.530,  -103.675,   -20.398,   -15.530,   174.325,   -47.193,   -57.530,   131.925,   -20.000,    20.470,   174.325,   -20.000,   160.470,   -23.675,  -159.732,    -0.000,  -160.000,   -90.065,  -115.530,  -103.675,   -20.398,   -15.530,   174.325,   -47.193,    -0.000,   160.000,   -68.629,   113.137,   113.137,  -122.219,   857.530,   -15.325,   -39.667,     1.000,     0.000,     0.000,     0.000,kComUpDown,0,1
0110001101111111110001001111,   160.470,   -23.675,  -159.732,    22.470,  -181.275,   -20.000,  -115.530,  -103.675,   -20.398,   -15.530,   174.325,   -47.193,   -57.530,   131.925,   -20.000,    20.470,   174.325,   -20.000,   160.470,   -23.675,  -159.732,    -0.000,  -160.000,   -90.065,  -115.530,  -103.675,   -20.398,   -15.530,   174.325,   -47.193,    -0.000,   160.000,   -68.629,   113.137,   113.137,  -122.219,   857.530,   -15.325,   -39.667,     1.000,     0.000,     0.000,     0.000,kComMove,0,1
0010010001001100110001001100,   124.997,   -63.260,  -159.732,    22.470,  -181.275,   -20.000,  -151.003,  -143.260,   -20.398,   -51.003,   134.740,   -47.193,   -57.530,   131.925,   -20.000,    20.470,   174.325,   -20.000,   124.997,   -63.260,  -159.732,    -0.000,  -160.000,   -90.065,  -151.003,  -143.260,   -20.398,   -51.003,   134.740,   -47.193,    -0.000,   160.000,   -68.629,   113.137,   113.137,  -122.219,   893.003,    24.260,   -39.667,     1.000,     0.000,     0.000,     0.000,kLegHierarchyChange,0,1
0010010001111100110001001100,   124.997,   -63.260,  -159.732,    22.470,  -181.275,   -20.000,  -151.003,  -143.260,   -20.398,   -51.003,   134.740,   -47.193,   -57.530,   131.925,   -20.000,    20.470,   174.325,   -20.000,   124.997,   -63.260,  -159.732,    -0.000,  -160.000,   -90.065,  -151.003,  -143.260,   -20.398,   -51.003,   134.740,   -47.193,    -0.000,   160.000,   -68.629,   113.137,   113.137,  -122.219,   893.003,    24.260,   -39.667,     1.000,     0.000,     0.000,     0.000,kLegUpDown,0,1
0010110011111100010011000100,   124.997,   -63.260,   -20.000,     6.997,  -160.860,   -95.424,  -151.003,  -143.260,   -20.000,   -51.003,   134.740,   -47.193,   106.997,   172.340,  -122.219,   104.997,   114.740,  -154.373,   113.137,  -113.137,  -159.732,     6.997,  -160.860,   -95.424,  -113.137,  -113.137,   -20.398,   -51.003,   134.740,   -47.193,   106.997,   172.340,  -122.219,   104.997,   114.740,  -154.373,   893.003,    24.260,   -39.667,     1.000,     0.000,     0.000,     0.000,kComUpDown,0,1
0010110011111100010011000100,   124.997,   -63.260,   -20.000,     6.997,  -160.860,   -84.706,  -151.003,  -143.260,   -20.000,   -51.003,   134.740,   -36.475,   106.997,   172.340,  -111.501,   104.997,   114.740,  -143.655,   113.137,  -113.137,  -149.014,     6.997,  -160.860,   -84.706,  -113.137,  -113.137,    -9.680,   -51.003,   134.740,   -36.475,   106.997,   172.340,  -111.501,   104.997,   114.740,  -143.655,   893.003,    24.260,   -50.385,     1.000,     0.000,     0.000,     0.000,kComMove,0,1
0010110011001100010011000100,   124.997,   -63.260,   -20.000,   -77.997,  -126.486,   -84.706,  -151.003,  -143.260,   -20.000,  -135.997,   169.114,   -36.475,    22.003,   206.714,  -111.501,    20.003,   149.114,  -143.655,   113.137,  -113.137,  -149.014,   -77.997,  -126.486,   -84.706,  -113.137,  -113.137,    -9.680,  -135.997,   169.114,   -36.475,    22.003,   206.714,  -111.501,    20.003,   149.114,  -143.655,   977.997,   -10.114,   -50.385,     1.000,     0.000,     0.000,     0.000,kLegHierarchyChange,0,1
0010110011001100011111000011,   124.997,   -63.260,   -20.000,   -77.997,  -126.486,   -84.706,  -151.003,  -143.260,   -20.000,  -135.997,   169.114,   -36.475,    22.003,   206.714,  -111.501,    20.003,   149.114,  -143.655,   113.137,  -113.137,  -149.014,   -77.997,  -126.486,   -84.706,  -113.137,  -113.137,    -9.680,  -135.997,   169.114,   -36.475,    22.003,   206.714,  -111.501,    20.003,   149.114,  -143.655,   977.997,   -10.114,   -50.385,     1.000,     0.000,     0.000,     0.000,kLegUpDown,0,1
0010010011000100111101001011,    20.003,  -168.886,  -143.655,   -77.997,  -126.486,   -20.000,   -15.997,  -168.886,   -68.629,  -135.997,   169.114,   -20.000,    22.003,   206.714,  -111.501,    20.003,   149.114,   -20.000,    20.003,  -168.886,  -143.655,    -0.000,  -160.000,   -84.706,   -15.997,  -168.886,   -68.629,  -113.137,   113.137,   -36.475,    22.003,   206.714,  -111.501,   113.137,   113.137,  -143.655,   977.997,   -10.114,   -50.385,     1.000,     0.000,     0.000,     0.000,kComUpDown,0,1
0010010011000100111101001011,    20.003,  -168.886,  -122.219,   -77.997,  -126.486,   -20.000,   -15.997,  -168.886,   -47.193,  -135.997,   169.114,   -20.000,    22.003,   206.714,   -90.065,    20.003,   149.114,   -20.000,    20.003,  -168.886,  -122.219,    -0.000,  -160.000,   -63.270,   -15.997,  -168.886,   -47.193,  -113.137,   113.137,   -15.039,    22.003,   206.714,   -90.065,   113.137,   113.137,  -122.219,   977.997,   -10.114,   -71.821,     1.000,     0.000,     0.000,     0.000,kComMove,0,1
0010010011000100111101001011,    20.003,  -168.886,  -122.219,   -77.997,  -126.486,   -20.000,   -15.997,  -168.886,   -47.193,  -135.997,   169.114,   -20.000,    22.003,   206.714,   -90.065,    20.003,   149.114,   -20.000,    20.003,  -168.886,  -122.219,    -0.000,  -160.000,   -63.270,   -15.997,  -168.886,   -47.193,  -113.137,   113.137,   -15.039,    22.003,   206.714,   -90.065,   113.137,   113.137,  -122.219,   977.997,   -10.114,   -71.821,     1.000,     0.000,     0.000,     0.000,kLegHierarchyChange,0,1
0010010011000001111101001011,    20.003,  -168.886,  -122.219,   -77.997,  -126.486,   -20.000,   -15.997,  -168.886,   -47.193,  -135.997,   169.114,   -20.000,    22.003,   206.714,   -90.065,    20.003,   149.114,   -20.000,    20.003,  -168.886,  -122.219,    -0.000,  -160.000,   -63.270,   -15.997,  -168.886,   -47.193,  -113.137,   113.137,   -15.039,    22.003,   206.714,   -90.065,   113.137,   113.137,  -122.219,   977.997,   -10.114,   -71.821,     1.000,     0.000,     0.000,     0.000,kLegUpDown,0,1
0010110001001001111111000011,    20.003,  -168.886,   -20.000,     2.003,  -166.486,   -84.706,   -15.997,  -168.886,   -47.193,  -115.997,    89.114,   -20.398,    22.003,   206.714,   -20.000,   120.003,   109.114,  -149.014,   113.137,  -113.137,  -122.219,     2.003,  -166.486,   -84.706,   -15.997,  -168.886,   -47.193,  -115.997,    89.114,   -20.398,    -0.000,   160.000,   -90.065,   120.003,   109.114,  -149.014,   977.997,   -10.114,   -71.821,     1.000,     0.000,     0.000,     0.000,kComUpDown,0,1
0010110001001001111111000011,    20.003,  -168.886,   -20.000,     2.003,  -166.486,   -84.706,   -15.997,  -168.886,   -47.193,  -115.997,    89.114,   -20.398,    22.003,   206.714,   -20.000,   120.003,   109.114,  -149.014,   113.137,  -113.137,  -122.219,     2.003,  -166.486,   -84.706,   -15.997,  -168.886,   -47.193,  -115.997,    89.114,   -20.398,    -0.000,   160.000,   -90.065,   120.003,   109.114,  -149.014,   977.997,   -10.114,   -71.821,     1.000,     0.000,     0.000,     0.000,kComMove,0,1
0001110001001100110011000100,    20.003,  -168.886,   -20.000,   -85.832,  -126.745,   -84.706,  -103.832,  -129.145,   -47.193,  -203.832,   128.855,   -20.398,    22.003,   206.714,   -20.000,    32.168,   148.855,  -149.014,   113.137,  -113.137,  -122.219,   -85.832,  -126.745,   -84.706,  -103.832,  -129.145,   -47.193,  -203.832,   128.855,   -20.398,    -0.000,   160.000,   -90.065,    32.168,   148.855,  -149.014,  1065.832,   -49.855,   -71.821,     1.000,     0.000,     0.000,     0.000,kLegHierarchyChange,0,1
0001110000111100110011000101,    20.003,  -168.886,   -20.000,   -85.832,  -126.745,   -84.706,  -103.832,  -129.145,   -47.193,  -203.832,   128.855,   -20.398,    22.003,   206.714,   -20.000,    32.168,   148.855,  -149.014,   113.137,  -113.137,  -122.219,   -85.832,  -126.745,   -84.706,  -103.832,  -129.145,   -47.193,  -203.832,   128.855,   -20.398,    -0.000,   160.000,   -90.065,    32.168,   148.855,  -149.014,  1065.832,   -49.855,   -71.821,     1.000,     0.000,     0.000,     0.000,kLegUpDown,0,1
0001010010110100110001001101,   112.168,   -89.145,  -170.450,   -85.832,  -126.745,   -20.000,  -103.832,  -129.145,   -47.193,  -203.832,   128.855,   -20.000,  -105.832,   126.455,   -79.347,    32.168,   148.855,   -20.000,   112.168,   -89.145,  -170.450,    -0.000,  -160.000,   -84.706,  -103.832,  -129.145,   -47.193,  -113.137,   113.137,   -20.398,  -105.832,   126.455,   -79.347,   113.137,   113.137,  -149.014,  1065.832,   -49.855,   -71.821,     1.000,     0.000,     0.000,     0.000,kComUpDown,0,1
0001010010110100110001001101,   112.168,   -89.145,  -164.510,   -85.832,  -126.745,   -20.000,  -103.832,  -129.145,   -41.254,  -203.832,   128.855,   -20.000,  -105.832,   126.455,   -73.407,    32.168,   148.855,   -20.000,   112.168,   -89.145,  -164.510,    -0.000,  -160.000,   -78.766,  -103.832,  -129.145,   -41.254,  -113.137,   113.137,   -14.459,  -105.832,   126.455,   -73.407,   113.137,   113.137,  -143.074,  1065.832,   -49.855,   -77.760,     1.000,     0.000,     0.000,     0.000,kComMove,0,1
0001010010110100110001001101,   112.168,   -89.145,  -164.510,   -85.832,  -126.745,   -20.000,  -103.832,  -129.145,   -41.254,  -203.832,   128.855,   -20.000,  -105.832,   126.455,   -73.407,    32.168,   148.855,   -20.000,   112.168,   -89.145,  -164.510,    -0.000,  -160.000,   -78.766,  -103.832,  -129.145,   -41.254,  -113.137,   113.137,   -14.459,  -105.832,   126.455,   -73.407,   113.137,   113.137,  -143.074,  1065.832,   -49.855,   -77.760,     1.000,     0.000,     0.000,     0.000,kLegHierarchyChange,0,1
0001010010110101110001001101,   112.168,   -89.145,  -164.510,   -85.832,  -126.745,   -20.000,  -103.832,  -129.145,   -41.254,  -203.832,   128.855,   -20.000,  -105.832,   126.455,   -73.407,    32.168,   148.855,   -20.000,   112.168,   -89.145,  -164.510,    -0.000,  -160.000,   -78.766,  -103.832,  -129.145,   -41.254,  -113.137,   113.137,   -14.459,  -105.832,   126.455,   -73.407,   113.137,   113.137,  -143.074,  1065.832,   -49.855,   -77.760,     1.000,     0.000,     0.000,     0.000,kLegUpDown,0,1
0001110000111101110011000101,   112.168,   -89.145,   -20.000,    -5.832,  -166.745,  -100.202,  -103.832,  -129.145,   -41.254,   -43.832,   148.855,   -57.331,  -105.832,   126.455,   -20.000,   112.168,   108.855,  -164.510,   113.137,  -113.137,  -164.510,    -5.832,  -166.745,  -100.202,  -103.832,  -129.145,   -41.254,   -43.832,   148.855,   -57.331,    -0.000,   160.000,   -73.407,   112.168,   108.855,  -164.510,  1065.832,   -49.855,   -77.760,     1.000,     0.000,     0.000,     0.000,kComUpDown,0,1
0001110000111101110011000101,   112.168,   -89.145,   -20.000,    -5.832,  -166.745,   -79.347,  -103.832,  -129.145,   -20.398,   -43.832,   148.855,   -36.475,  -105.832,   126.455,   -20.000,   112.168,   108.855,  -143.655,   113.137,  -113.137,  -143.655,    -5.832,  -166.745,   -79.347,  -103.832,  -129.145,   -20.398,   -43.832,   148.855,   -36.475,    -0.000,   160.000,   -52.552,   112.168,   108.855,  -143.655,  1065.832,   -49.855,   -98.616,     1.000,     0.000,     0.000,     0.000,kComMove,0,1
0010110001001100110011000100,   112.168,   -89.145,   -20.000,   -89.620,  -110.272,   -79.347,  -187.620,   -72.672,   -20.398,  -127.620,   205.328,   -36.475,  -105.832,   126.455,   -20.000,    28.380,   165.328,  -143.655,   113.137,  -113.137,  -143.655,   -89.620,  -110.272,   -79.347,  -187.620,   -72.672,   -20.398,  -127.620,   205.328,   -36.475,    -0.000,   160.000,   -52.552,    28.380,   165.328,  -143.655,  1149.620,  -106.328,   -98.616,     1.000,     0.000,     0.000,     0.000,kLegHierarchyChange,0,1
0010110000111100110011000011,   112.168,   -89.145,   -20.000,   -89.620,  -110.272,   -79.347,  -187.620,   -72.672,   -20.398,  -127.620,   205.328,   -36.475,  -105.832,   126.455,   -20.000,    28.380,   165.328,  -143.655,   113.137,  -113.137,  -143.655,   -89.620,  -110.272,   -79.347,  -187.620,   -72.672,   -20.398,  -127.620,   205.328,   -36.475,    -0.000,   160.000,   -52.552,    28.380,   165.328,  -143.655,  1149.620,  -106.328,   -98.616,     1.000,     0.000,     0.000,     0.000,kLegUpDown,0,1
0010010010110100010011001011,    28.380,  -172.672,  -143.655,   -89.620,  -110.272,   -79.347,  -187.620,   -72.672,   -20.000,  -127.620,   205.328,   -20.000,  -129.620,   162.928,   -68.629,    28.380,   165.328,   -20.000,    28.380,  -172.672,  -143.655,   -89.620,  -110.272,   -79.347,  -113.137,  -113.137,   -20.398,  -113.137,   113.137,   -36.475,  -129.620,   162.928,   -68.629,   113.137,   113.137,  -143.655,  1149.620,  -106.328,   -98.616,     1.000,     0.000,     0.000,     0.000,kComUpDown,0,1
0010010010110100010011001011,    28.380,  -172.672,  -143.492,   -89.620,  -110.272,   -79.185,  -187.620,   -72.672,   -20.000,  -127.620,   205.328,   -20.000,  -129.620,   162.928,   -68.467,    28.380,   165.328,   -20.000,    28.380,  -172.672,  -143.492,   -89.620,  -110.272,   -79.185,  -113.137,  -113.137,   -20.236,  -113.137,   113.137,   -36.313,  -129.620,   162.928,   -68.467,   113.137,   113.137,  -143.492,  1149.620,  -106.328,   -98.778,     1.000,     0.000,     0.000,     0.000,kComMove,0,1
0010010010110100010011001011,    28.380,  -172.672,  -143.492,   -89.620,  -110.272,   -79.185,  -187.620,   -72.672,   -20.000,  -127.620,   205.328,   -20.000,  -129.620,   162.928,   -68.467,    28.380,   165.328,   -20.000,    28.380,  -172.672,  -143.492,   -89.620,  -110.272,   -79.185,  -113.137,  -113.137,   -20.236,  -113.137,   113.137,   -36.313,  -129.620,   162.928,   -68.467,   113.137,   113.137,  -143.492,  1149.620,  -106.328,   -98.778,     1.000,     0.000,     0.000,     0.000,kLegHierarchyChange,0,1
0010011110110011010011001011,    28.380,  -172.672,  -143.492,   -89.620,  -110.272,   -79.185,  -187.620,   -72.672,   -20.000,  -127.620,   205.328,   -20.000,  -129.620,   162.928,   -68.467,    28.380,   165.328,   -20.000,    28.380,  -172.672,  -143.492,   -89.620,  -110.272,   -79.185,  -113.137,  -113.137,   -20.236,  -113.137,   113.137,   -36.313,  -129.620,   162.928,   -68.467,   113.137,   113.137,  -143.492,  1149.620,  -106.328,   -98.778,     1.000,     0.000,     0.000,     0.000,kLegUpDown,0,1
0010111100111011110001000011,    28.380,  -172.672,   -20.000,   -89.620,  -110.272,   -20.000,  -107.620,  -112.672,   -41.672,  -187.620,    25.328,   -20.236,  -129.620,   162.928,   -20.000,   228.380,    25.328,  -197.082,   113.137,  -113.137,  -143.492,    -0.000,  -160.000,   -79.185,  -107.620,  -112.672,   -41.672,  -187.620,    25.328,   -20.236,    -0.000,   160.000,   -68.467,   228.380,    25.328,  -197.082,  1149.620,  -106.328,   -98.778,     1.000,     0.000,     0.000,     0.000,kComUpDown,0,1
0010111100111011110001000011,    28.380,  -172.672,   -20.000,   -89.620,  -110.272,   -20.000,  -107.620,  -112.672,   -41.672,  -187.620,    25.328,   -20.236,  -129.620,   162.928,   -20.000,   228.380,    25.328,  -197.082,   113.137,  -113.137,  -143.492,    -0.000,  -160.000,   -79.185,  -107.620,  -112.672,   -41.672,  -187.620,    25.328,   -20.236,    -0.000,   160.000,   -68.467,   228.380,    25.328,  -197.082,  1149.620,  -106.328,   -98.778,     1.000,     0.000,     0.000,     0.000,kComMove,0,1
0110110001001100110001000100,    28.380,  -172.672,   -20.000,   -89.620,  -110.272,   -20.000,  -122.513,   -73.055,   -41.672,  -202.513,    64.945,   -20.236,  -129.620,   162.928,   -20.000,   213.487,    64.945,  -197.082,   113.137,  -113.137,  -143.492,    -0.000,  -160.000,   -79.185,  -122.513,   -73.055,   -41.672,  -202.513,    64.945,   -20.236,    -0.000,   160.000,   -68.467,   213.487,    64.945,  -197.082,  1164.513,  -145.945,   -98.778,     1.000,     0.000,     0.000,     0.000,kLegHierarchyChange,0,1
0110110000111100110001010101,    28.380,  -172.672,   -20.000,   -89.620,  -110.272,   -20.000,  -122.513,   -73.055,   -41.672,  -202.513,    64.945,   -20.236,  -129.620,   162.928,   -20.000,   213.487,    64.945,  -197.082,   113.137,  -113.137,  -143.492,    -0.000,  -160.000,   -79.185,  -122.513,   -73.055,   -41.672,  -202.513,    64.945,   -20.236,    -0.000,   160.000,   -68.467,   213.487,    64.945,  -197.082,  1164.513,  -145.945,   -98.778,     1.000,     0.000,     0.000,     0.000,kLegUpDown,0,1
0110010010110100010011011101,   113.487,   -93.055,  -170.287,    75.487,  -130.655,  -127.416,  -122.513,   -73.055,   -20.000,  -202.513,    64.945,   -20.000,  -144.513,   182.545,   -68.467,   213.487,    64.945,   -20.000,   113.487,   -93.055,  -170.287,    75.487,  -130.655,  -127.416,  -113.137,  -113.137,   -41.672,  -113.137,   113.137,   -20.236,  -144.513,   182.545,   -68.467,   113.137,   113.137,  -197.082,  1164.513,  -145.945,   -98.778,     1.000,     0.000,     0.000,     0.000,kComUpDown,0,1
0110010010110100010011011101,   113.487,   -93.055,  -163.196,    75.487,  -130.655,  -120.324,  -122.513,   -73.055,   -20.000,  -202.513,    64.945,   -20.000,  -144.513,   182.545,   -61.375,   213.487,    64.945,   -20.000,   113.487,   -93.055,  -163.196,    75.487,  -130.655,  -120.324,  -113.137,  -113.137,   -34.580,  -113.137,   113.137,   -13.144,  -144.513,   182.545,   -61.375,   113.137,   113.137,  -189.991,  1164.513,  -145.945,  -105.869,     1.000,     0.000,     0.000,     0.000,kComMove,0,1
0110010010110100010011011101,   113.487,   -93.055,  -163.196,    75.487,  -130.655,  -120.324,  -122.513,   -73.055,   -20.000,  -202.513,    64.945,   -20.000,  -144.513,   182.545,   -61.375,   213.487,    64.945,   -20.000,   113.487,   -93.055,  -163.196,    75.487,  -130.655,  -120.324,  -113.137,  -113.137,   -34.580,  -113.137,   113.137,   -13.144,  -144.513,   182.545,   -61.375,   113.137,   113.137,  -189.991,  1164.513,  -145.945,  -105.869,     1.000,     0.000,     0.000,     0.000,kLegHierarchyChange,0,1
0110010110110111011111011101,   113.487,   -93.055,  -163.196,    75.487,  -130.655,  -120.324,  -122.513,   -73.055,   -20.000,  -202.513,    64.945,   -20.000,  -144.513,   182.545,   -61.375,   213.487,    64.945,   -20.000,   113.487,   -93.055,  -163.196,    75.487,  -130.655,  -120.324,  -113.137,  -113.137,   -34.580,  -113.137,   113.137,   -13.144,  -144.513,   182.545,   -61.375,   113.137,   113.137,  -189.991,  1164.513,  -145.945,  -105.869,     1.000,     0.000,     0.000,     0.000,kLegUpDown,0,1
0110110100111111111111010101,   113.487,   -93.055,   -20.000,    75.487,  -130.655,  -120.324,   -22.513,  -233.055,   -61.375,   -22.513,   164.945,   -61.375,  -144.513,   182.545,   -20.000,   133.487,    44.945,  -168.555,   113.137,  -113.137,  -163.196,    75.487,  -130.655,  -120.324,   -22.513,  -233.055,   -61.375,   -22.513,   164.945,   -61.375,    -0.000,   160.000,   -61.375,   133.487,    44.945,  -168.555,  1164.513,  -145.945,  -105.869,     1.000,     0.000,     0.000,     0.000,kComUpDown,0,1
0110110100111111111111010101,   113.487,   -93.055,   -20.000,    75.487,  -130.655,  -100.783,   -22.513,  -233.055,   -41.834,   -22.513,   164.945,   -41.834,  -144.513,   182.545,   -20.000,   133.487,    44.945,  -149.014,   113.137,  -113.137,  -143.655,    75.487,  -130.655,  -100.783,   -22.513,  -233.055,   -41.834,   -22.513,   164.945,   -41.834,    -0.000,   160.000,   -41.834,   133.487,    44.945,  -149.014,  1164.513,  -145.945,  -125.411,     1.000,     0.000,     0.000,     0.000,kComMove,0,1
0110110100111111111111010101,   113.487,   -93.055,   -20.000,    75.487,  -130.655,  -100.783,   -22.513,  -233.055,   -41.834,   -22.513,   164.945,   -41.834,  -144.513,   182.545,   -20.000,   133.487,    44.945,  -149.014,   113.137,  -113.137,  -143.655,    75.487,  -130.655,  -100.783,   -22.513,  -233.055,   -41.834,   -22.513,   164.945,   -41.834,    -0.000,   160.000,   -41.834,   133.487,    44.945,  -149.014,  1164.513,  -145.945,  -125.411,     1.000,     0.000,     0.000,     0.000,kLegHierarchyChange,0,1
0110110101001111111111010100,   113.487,   -93.055,   -20.000,    75.487,  -130.655,  -100.783,   -22.513,  -233.055,   -41.834,   -22.513,   164.945,   -41.834,  -144.513,   182.545,   -20.000,   133.487,    44.945,  -149.014,   113.137,  -113.137,  -143.655,    75.487,  -130.655,  -100.783,   -22.513,  -233.055,   -41.834,   -22.513,   164.945,   -41.834,    -0.000,   160.000,   -41.834,   133.487,    44.945,  -149.014,  1164.513,  -145.945,  -125.411,     1.000,     0.000,     0.000,     0.000,kLegUpDown,0,1
0110010111001111011111011100,   113.487,  -113.055,  -143.655,    75.487,  -130.655,  -100.783,   -22.513,  -233.055,   -20.000,   -22.513,   164.945,   -41.834,    -4.513,   162.545,   -79.347,   133.487,    44.945,   -20.000,   113.487,  -113.055,  -143.655,    75.487,  -130.655,  -100.783,  -113.137,  -113.137,   -41.834,   -22.513,   164.945,   -41.834,    -4.513,   162.545,   -79.347,   113.137,   113.137,  -149.014,  1164.513,  -145.945,  -125.411,     1.000,     0.000,     0.000,     0.000,kComUpDown,0,1
0110010111001111011111011100,   113.487,  -113.055,  -143.655,    75.487,  -130.655,  -100.783,   -22.513,  -233.055,   -20.000,   -22.513,   164.945,   -41.834,    -4.513,   162.545,   -79.347,   133.487,    44.945,   -20.000,   113.487,  -113.055,  -143.655,    75.487,  -130.655,  -100.783,  -113.137,  -113.137,   -41.834,   -22.513,   164.945,   -41.834,    -4.513,   162.545,   -79.347,   113.137,   113.137,  -149.014,  1164.513,  -145.945,  -125.411,     1.000,     0.000,     0.000,     0.000,kComMove,0,1
0110010011001100010011001100,    23.546,  -138.493,  -143.655,   -14.454,  -156.093,  -100.783,   -22.513,  -233.055,   -20.000,  -112.454,   139.507,   -41.834,   -94.454,   137.107,   -79.347,   133.487,    44.945,   -20.000,    23.546,  -138.493,  -143.655,   -14.454,  -156.093,  -100.783,  -113.137,  -113.137,   -41.834,  -112.454,   139.507,   -41.834,   -94.454,   137.107,   -79.347,   113.137,   113.137,  -149.014,  1254.454,  -120.507,  -125.411,     1.000,     0.000,     0.000,     0.000,kLegHierarchyChange,0,1
