1000110011001100110011001100,   113.137,  -113.137,   -30.000,    -0.000,  -160.000,   -30.000,  -113.137,  -113.137,   -30.000,  -113.137,   113.137,   -30.000,    -0.000,   160.000,   -30.000,   113.137,   113.137,   -30.000,   113.137,  -113.137,   -30.000,    -0.000,  -160.000,   -30.000,  -113.137,  -113.137,   -30.000,  -113.137,   113.137,   -30.000,    -0.000,   160.000,   -30.000,   113.137,   113.137,   -30.000,    -2.026,     6.656,    30.000,     1.000,     0.000,     0.000,     0.000,kLegHierarchyChange,-1,0
1000110011001100110011001100,   113.137,  -113.137,   -30.000,    -0.000,  -160.000,   -30.000,  -113.137,  -113.137,   -30.000,  -113.137,   113.137,   -30.000,    -0.000,   160.000,   -30.000,   113.137,   113.137,   -30.000,   113.137,  -113.137,   -30.000,    -0.000,  -160.000,   -30.000,  -113.137,  -113.137,   -30.000,  -113.137,   113.137,   -30.000,    -0.000,   160.000,   -30.000,   113.137,   113.137,   -30.000,    -2.026,     6.656,    30.000,     1.000,     0.000,     0.000,     0.000,kLegUpDown,0,1
1000110011000100110011000100,   113.137,  -113.137,   -20.000,    -0.000,  -160.000,   -30.000,  -113.137,  -113.137,   -30.000,  -113.137,   113.137,   -20.000,    -0.000,   160.000,   -30.000,   113.137,   113.137,   -30.000,   113.137,  -113.137,   -30.000,    -0.000,  -160.000,   -30.000,  -113.137,  -113.137,   -30.000,  -113.137,   113.137,   -30.000,    -0.000,   160.000,   -30.000,   113.137,   113.137,   -30.000,    -2.026,     6.656,    30.000,     1.000,     0.000,     0.000,     0.000,kComUpDown,0,1
1000110011000100110011000100,   113.137,  -113.137,   -20.000,    -0.000,  -160.000,   -56.000,  -113.137,  -113.137,   -56.000,  -113.137,   113.137,   -20.000,    -0.000,   160.000,   -56.000,   113.137,   113.137,   -56.000,   113.137,  -113.137,   -56.000,    -0.000,  -160.000,   -56.000,  -113.137,  -113.137,   -56.000,  -113.137,   113.137,   -56.000,    -0.000,   160.000,   -56.000,   113.137,   113.137,   -56.000,    -2.026,     6.656,    56.000,     1.000,     0.000,     0.000,     0.000,kComMove,0,1
0001110011000100110011000100,   113.137,  -113.137,   -20.000,   -99.088,  -130.005,   -56.000,  -212.225,   -83.142,   -56.000,  -113.137,   113.137,   -20.000,   -99.088,   189.995,   -56.000,    14.049,   143.132,   -56.000,   113.137,  -113.137,   -56.000,   -99.088,  -130.005,   -56.000,  -212.225,   -83.142,   -56.000,  -113.137,   113.137,   -56.000,   -99.088,   189.995,   -56.000,    14.049,   143.132,   -56.000,    97.062,   -23.339,    56.000,     1.000,     0.000,     0.000,     0.000,kLegHierarchyChange,0,1
0001110011000100110011000100,   113.137,  -113.137,   -20.000,   -99.088,  -130.005,   -56.000,  -212.225,   -83.142,   -56.000,  -113.137,   113.137,   -20.000,   -99.088,   189.995,   -56.000,    14.049,   143.132,   -56.000,   113.137,  -113.137,   -56.000,   -99.088,  -130.005,   -56.000,  -212.225,   -83.142,   -56.000,  -113.137,   113.137,   -56.000,   -99.088,   189.995,   -56.000,    14.049,   143.132,   -56.000,    97.062,   -23.339,    56.000,     1.000,     0.000,     0.000,     0.000,kLegUpDown,0,1
0001010011001100010011001100,   120.938,  -115.661,   -57.116,   -99.088,  -130.005,   -56.000,  -212.225,   -83.142,   -20.000,  -115.062,   122.339,   -57.116,   -99.088,   189.995,   -56.000,    14.049,   143.132,   -20.000,   120.938,  -115.661,   -57.116,   -99.088,  -130.005,   -56.000,  -113.137,  -113.137,   -56.000,  -115.062,   122.339,   -57.116,   -99.088,   189.995,   -56.000,   113.137,   113.137,   -56.000,    97.062,   -23.339,    56.000,     1.000,     0.000,     0.000,     0.000,kComUpDown,0,1
0001010011001100010011001100,   120.938,  -115.661,   -57.116,   -99.088,  -130.005,   -56.000,  -212.225,   -83.142,   -20.000,  -115.062,   122.339,   -57.116,   -99.088,   189.995,   -56.000,    14.049,   143.132,   -20.000,   120.938,  -115.661,   -57.116,   -99.088,  -130.005,   -56.000,  -113.137,  -113.137,   -56.000,  -115.062,   122.339,   -57.116,   -99.088,   189.995,   -56.000,   113.137,   113.137,   -56.000,    97.062,   -23.339,    56.000,     1.000,     0.000,     0.000,     0.000,kComMove,0,1
0001010011001100010011001100,    96.003,  -145.237,   -57.116,  -124.023,  -159.581,   -56.000,  -212.225,   -83.142,   -20.000,  -139.997,    92.763,   -57.116,  -124.023,   160.419,   -56.000,    14.049,   143.132,   -20.000,    96.003,  -145.237,   -57.116,  -124.023,  -159.581,   -56.000,  -113.137,  -113.137,   -56.000,  -139.997,    92.763,   -57.116,  -124.023,   160.419,   -56.000,   113.137,   113.137,   -56.000,   121.997,     6.237,    56.000,     1.000,     0.000,     0.000,     0.000,kLegHierarchyChange,0,1
0001011111001100011111001100,    96.003,  -145.237,   -57.116,  -124.023,  -159.581,   -56.000,  -212.225,   -83.142,   -20.000,  -139.997,    92.763,   -57.116,  -124.023,   160.419,   -56.000,    14.049,   143.132,   -20.000,    96.003,  -145.237,   -57.116,  -124.023,  -159.581,   -56.000,  -113.137,  -113.137,   -56.000,  -139.997,    92.763,   -57.116,  -124.023,   160.419,   -56.000,   113.137,   113.137,   -56.000,   121.997,     6.237,    56.000,     1.000,     0.000,     0.000,     0.000,kLegUpDown,0,1
0001111101001100111101001100,    96.003,  -145.237,   -57.116,  -124.023,  -159.581,   -20.000,   -39.997,  -165.237,   -57.116,  -139.997,    92.763,   -57.116,  -124.023,   160.419,   -20.000,   216.003,    32.763,   -57.116,    96.003,  -145.237,   -57.116,    -0.000,  -160.000,   -56.000,   -39.997,  -165.237,   -57.116,  -139.997,    92.763,   -57.116,    -0.000,   160.000,   -56.000,   216.003,    32.763,   -57.116,   121.997,     6.237,    56.000,     1.000,     0.000,     0.000,     0.000,kComUpDown,0,1
0001111101001100111101001100,    96.003,  -145.237,   -57.116,  -124.023,  -159.581,   -20.000,   -39.997,  -165.237,   -57.116,  -139.997,    92.763,   -57.116,  -124.023,   160.419,   -20.000,   216.003,    32.763,   -57.116,    96.003,  -145.237,   -57.116,    -0.000,  -160.000,   -56.000,   -39.997,  -165.237,   -57.116,  -139.997,    92.763,   -57.116,    -0.000,   160.000,   -56.000,   216.003,    32.763,   -57.116,   121.997,     6.237,    56.000,     1.000,     0.000,     0.000,     0.000,kComMove,0,1
0110110001001100110001001100,    35.050,  -127.163,   -57.116,  -124.023,  -159.581,   -20.000,  -100.950,  -147.163,   -57.116,  -200.950,   110.837,   -57.116,  -124.023,   160.419,   -20.000,   155.050,    50.837,   -57.116,    35.050,  -127.163,   -57.116,    -0.000,  -160.000,   -56.000,  -100.950,  -147.163,   -57.116,  -200.950,   110.837,   -57.116,    -0.000,   160.000,   -56.000,   155.050,    50.837,   -57.116,   182.950,   -11.837,    56.000,     1.000,     0.000,     0.000,     0.000,kLegHierarchyChange,0,1
0110110001111100110001001100,    35.050,  -127.163,   -57.116,  -124.023,  -159.581,   -20.000,  -100.950,  -147.163,   -57.116,  -200.950,   110.837,   -57.116,  -124.023,   160.419,   -20.000,   155.050,    50.837,   -57.116,    35.050,  -127.163,   -57.116,    -0.000,  -160.000,   -56.000,  -100.950,  -147.163,   -57.116,  -200.950,   110.837,   -57.116,    -0.000,   160.000,   -56.000,   155.050,    50.837,   -57.116,   182.950,   -11.837,    56.000,     1.000,     0.000,     0.000,     0.000,kLegUpDown,0,1
0110010011110100110011001100,    35.050,  -127.163,   -57.116,    -2.950,  -164.763,   -57.116,  -100.950,  -147.163,   -57.116,  -200.950,   110.837,   -20.000,   117.050,   148.437,   -57.116,   155.050,    50.837,   -20.000,    35.050,  -127.163,   -57.116,    -2.950,  -164.763,   -57.116,  -100.950,  -147.163,   -57.116,  -113.137,   113.137,   -57.116,   117.050,   148.437,   -57.116,   113.137,   113.137,   -57.116,   182.950,   -11.837,    56.000,     1.000,     0.000,     0.000,     0.000,kComUpDown,0,1
0110010011110100110011001100,    35.050,  -127.163,   -57.116,    -2.950,  -164.763,   -57.116,  -100.950,  -147.163,   -57.116,  -200.950,   110.837,   -20.000,   117.050,   148.437,   -57.116,   155.050,    50.837,   -20.000,    35.050,  -127.163,   -57.116,    -2.950,  -164.763,   -57.116,  -100.950,  -147.163,   -57.116,  -113.137,   113.137,   -57.116,   117.050,   148.437,   -57.116,   113.137,   113.137,   -57.116,   182.950,   -11.837,    56.000,     1.000,     0.000,     0.000,     0.000,kComMove,0,1
0101010011000100110011001100,    12.768,  -141.073,   -57.116,   -25.232,  -178.673,   -57.116,  -123.232,  -161.073,   -57.116,  -200.950,   110.837,   -20.000,    94.768,   134.527,   -57.116,   155.050,    50.837,   -20.000,    12.768,  -141.073,   -57.116,   -25.232,  -178.673,   -57.116,  -123.232,  -161.073,   -57.116,  -113.137,   113.137,   -57.116,    94.768,   134.527,   -57.116,   113.137,   113.137,   -57.116,   205.232,     2.073,    56.000,     1.000,     0.000,     0.000,     0.000,kLegHierarchyChange,0,1
0101010011000001110011001100,    12.768,  -141.073,   -57.116,   -25.232,  -178.673,   -57.116,  -123.232,  -161.073,   -57.116,  -200.950,   110.837,   -20.000,    94.768,   134.527,   -57.116,   155.050,    50.837,   -20.000,    12.768,  -141.073,   -57.116,   -25.232,  -178.673,   -57.116,  -123.232,  -161.073,   -57.116,  -113.137,   113.137,   -57.116,    94.768,   134.527,   -57.116,   113.137,   113.137,   -57.116,   205.232,     2.073,    56.000,     1.000,     0.000,     0.000,     0.000,kLegUpDown,0,1
0101110001001001010011000100,    12.768,  -141.073,   -20.000,   -25.232,  -178.673,   -57.116,  -123.232,  -161.073,   -20.000,  -143.232,    16.927,   -57.116,    94.768,   134.527,   -20.000,   112.768,   116.927,   -57.116,   113.137,  -113.137,   -57.116,   -25.232,  -178.673,   -57.116,  -113.137,  -113.137,   -57.116,  -143.232,    16.927,   -57.116,    -0.000,   160.000,   -57.116,   112.768,   116.927,   -57.116,   205.232,     2.073,    56.000,     1.000,     0.000,     0.000,     0.000,kComUpDown,0,1
0101110001001001010011000100,    12.768,  -141.073,   -20.000,   -25.232,  -178.673,   -31.116,  -123.232,  -161.073,   -20.000,  -143.232,    16.927,   -31.116,    94.768,   134.527,   -20.000,   112.768,   116.927,   -31.116,   113.137,  -113.137,   -31.116,   -25.232,  -178.673,   -31.116,  -113.137,  -113.137,   -31.116,  -143.232,    16.927,   -31.116,    -0.000,   160.000,   -31.116,   112.768,   116.927,   -31.116,   205.232,     2.073,    30.000,     1.000,     0.000,     0.000,     0.000,kComMove,0,1
0001110001001100010011000100,    12.768,  -141.073,   -20.000,  -122.906,  -165.093,   -31.116,  -123.232,  -161.073,   -20.000,  -240.906,    30.507,   -31.116,    94.768,   134.527,   -20.000,    15.094,   130.507,   -31.116,   113.137,  -113.137,   -31.116,  -122.906,  -165.093,   -31.116,  -113.137,  -113.137,   -31.116,  -240.906,    30.507,   -31.116,    -0.000,   160.000,   -31.116,    15.094,   130.507,   -31.116,   302.906,   -11.507,    30.000,     1.000,     0.000,     0.000,     0.000,kLegHierarchyChange,0,1
0001110001001100010011000111,    12.768,  -141.073,   -20.000,  -122.906,  -165.093,   -31.116,  -123.232,  -161.073,   -20.000,  -240.906,    30.507,   -31.116,    94.768,   134.527,   -20.000,    15.094,   130.507,   -31.116,   113.137,  -113.137,   -31.116,  -122.906,  -165.093,   -31.116,  -113.137,  -113.137,   -31.116,  -240.906,    30.507,   -31.116,    -0.000,   160.000,   -31.116,    15.094,   130.507,   -31.116,   302.906,   -11.507,    30.000,     1.000,     0.000,     0.000,     0.000,kLegUpDown,0,1
0001010011000100110001001111,   235.094,   -27.493,   -31.116,  -122.906,  -165.093,   -20.000,  -120.906,  -107.493,   -31.116,  -240.906,    30.507,   -20.000,    -2.906,   168.107,   -31.116,    15.094,   130.507,   -20.000,   235.094,   -27.493,   -31.116,    -0.000,  -160.000,   -31.116,  -120.906,  -107.493,   -31.116,  -113.137,   113.137,   -31.116,    -2.906,   168.107,   -31.116,   113.137,   113.137,   -31.116,   302.906,   -11.507,    30.000,     1.000,     0.000,     0.000,     0.000,kComUpDown,0,1
0001010011000100110001001111,   235.094,   -27.493,   -31.116,  -122.906,  -165.093,   -20.000,  -120.906,  -107.493,   -31.116,  -240.906,    30.507,   -20.000,    -2.906,   168.107,   -31.116,    15.094,   130.507,   -20.000,   235.094,   -27.493,   -31.116,    -0.000,  -160.000,   -31.116,  -120.906,  -107.493,   -31.116,  -113.137,   113.137,   -31.116,    -2.906,   168.107,   -31.116,   113.137,   113.137,   -31.116,   302.906,   -11.507,    30.000,     1.000,     0.000,     0.000,     0.000,kComMove,0,1
0001010011000100110001001100,   202.789,   -55.448,   -31.116,  -122.906,  -165.093,   -20.000,  -153.211,  -135.448,   -31.116,  -240.906,    30.507,   -20.000,   -35.211,   140.152,   -31.116,    15.094,   130.507,   -20.000,   202.789,   -55.448,   -31.116,    -0.000,  -160.000,   -31.116,  -153.211,  -135.448,   -31.116,  -113.137,   113.137,   -31.116,   -35.211,   140.152,   -31.116,   113.137,   113.137,   -31.116,   335.211,    16.448,    30.000,     1.000,     0.000,     0.000,     0.000,kLegHierarchyChange,0,1
0001011011000101110001001100,   202.789,   -55.448,   -31.116,  -122.906,  -165.093,   -20.000,  -153.211,  -135.448,   -31.116,  -240.906,    30.507,   -20.000,   -35.211,   140.152,   -31.116,    15.094,   130.507,   -20.000,   202.789,   -55.448,   -31.116,    -0.000,  -160.000,   -31.116,  -153.211,  -135.448,   -31.116,  -113.137,   113.137,   -31.116,   -35.211,   140.152,   -31.116,   113.137,   113.137,   -31.116,   335.211,    16.448,    30.000,     1.000,     0.000,     0.000,     0.000,kLegUpDown,0,1
0001111001001101010011000100,   202.789,   -55.448,   -20.000,     4.789,  -153.048,   -31.116,  -153.211,  -135.448,   -20.000,   -13.211,   142.552,   -31.116,   -35.211,   140.152,   -20.000,   122.789,   102.552,   -31.116,   113.137,  -113.137,   -31.116,     4.789,  -153.048,   -31.116,  -113.137,  -113.137,   -31.116,   -13.211,   142.552,   -31.116,    -0.000,   160.000,   -31.116,   122.789,   102.552,   -31.116,   335.211,    16.448,    30.000,     1.000,     0.000,     0.000,     0.000,kComUpDown,0,1
0001111001001101010011000100,   202.789,   -55.448,   -20.000,     4.789,  -153.048,   -83.116,  -153.211,  -135.448,   -20.000,   -13.211,   142.552,   -83.116,   -35.211,   140.152,   -20.000,   122.789,   102.552,   -83.116,   113.137,  -113.137,   -83.116,     4.789,  -153.048,   -83.116,  -113.137,  -113.137,   -83.116,   -13.211,   142.552,   -83.116,    -0.000,   160.000,   -83.116,   122.789,   102.552,   -83.116,   335.211,    16.448,    82.000,     1.000,     0.000,     0.000,     0.000,kComMove,0,1
0010110001001100010011000100,   202.789,   -55.448,   -20.000,   -98.014,  -119.980,   -83.116,  -153.211,  -135.448,   -20.000,  -116.014,   175.620,   -83.116,   -35.211,   140.152,   -20.000,    19.986,   135.620,   -83.116,   113.137,  -113.137,   -83.116,   -98.014,  -119.980,   -83.116,  -113.137,  -113.137,   -83.116,  -116.014,   175.620,   -83.116,    -0.000,   160.000,   -83.116,    19.986,   135.620,   -83.116,   438.014,   -16.620,    82.000,     1.000,     0.000,     0.000,     0.000,kLegHierarchyChange,0,1
0010110001111100000111000111,   202.789,   -55.448,   -20.000,   -98.014,  -119.980,   -83.116,  -153.211,  -135.448,   -20.000,  -116.014,   175.620,   -83.116,   -35.211,   140.152,   -20.000,    19.986,   135.620,   -83.116,   113.137,  -113.137,   -83.116,   -98.014,  -119.980,   -83.116,  -113.137,  -113.137,   -83.116,  -116.014,   175.620,   -83.116,    -0.000,   160.000,   -83.116,    19.986,   135.620,   -83.116,   438.014,   -16.620,    82.000,     1.000,     0.000,     0.000,     0.000,kLegUpDown,0,1
0010010011110100100101001111,   219.986,   -22.380,   -83.116,   -98.014,  -119.980,   -20.000,  -156.014,   -22.380,   -83.116,  -116.014,   175.620,   -20.000,   101.986,   133.220,   -83.116,    19.986,   135.620,   -20.000,   219.986,   -22.380,   -83.116,    -0.000,  -160.000,   -83.116,  -156.014,   -22.380,   -83.116,  -113.137,   113.137,   -83.116,   101.986,   133.220,   -83.116,   113.137,   113.137,   -83.116,   438.014,   -16.620,    82.000,     1.000,     0.000,     0.000,     0.000,kComUpDown,0,1
0010010011110100100101001111,   219.986,   -22.380,   -83.116,   -98.014,  -119.980,   -20.000,  -156.014,   -22.380,   -83.116,  -116.014,   175.620,   -20.000,   101.986,   133.220,   -83.116,    19.986,   135.620,   -20.000,   219.986,   -22.380,   -83.116,    -0.000,  -160.000,   -83.116,  -156.014,   -22.380,   -83.116,  -113.137,   113.137,   -83.116,   101.986,   133.220,   -83.116,   113.137,   113.137,   -83.116,   438.014,   -16.620,    82.000,     1.000,     0.000,     0.000,     0.000,kComMove,0,1
0010010011000100110001001100,   204.419,   -23.353,   -83.116,   -98.014,  -119.980,   -20.000,  -171.581,   -23.353,   -83.116,  -116.014,   175.620,   -20.000,    86.419,   132.247,   -83.116,    19.986,   135.620,   -20.000,   204.419,   -23.353,   -83.116,    -0.000,  -160.000,   -83.116,  -171.581,   -23.353,   -83.116,  -113.137,   113.137,   -83.116,    86.419,   132.247,   -83.116,   113.137,   113.137,   -83.116,   453.581,   -15.647,    82.000,     1.000,     0.000,     0.000,     0.000,kLegHierarchyChange,0,1
0010010011000101110001001100,   204.419,   -23.353,   -83.116,   -98.014,  -119.980,   -20.000,  -171.581,   -23.353,   -83.116,  -116.014,   175.620,   -20.000,    86.419,   132.247,   -83.116,    19.986,   135.620,   -20.000,   204.419,   -23.353,   -83.116,    -0.000,  -160.000,   -83.116,  -171.581,   -23.353,   -83.116,  -113.137,   113.137,   -83.116,    86.419,   132.247,   -83.116,   113.137,   113.137,   -83.116,   453.581,   -15.647,    82.000,     1.000,     0.000,     0.000,     0.000,kLegUpDown,0,1
0010110001001101010011000100,   204.419,   -23.353,   -20.000,     6.419,  -160.953,   -83.116,  -171.581,   -23.353,   -20.000,   -31.581,   154.647,   -83.116,    86.419,   132.247,   -20.000,   104.419,   114.647,   -83.116,   113.137,  -113.137,   -83.116,     6.419,  -160.953,   -83.116,  -113.137,  -113.137,   -83.116,   -31.581,   154.647,   -83.116,    -0.000,   160.000,   -83.116,   104.419,   114.647,   -83.116,   453.581,   -15.647,    82.000,     1.000,     0.000,     0.000,     0.000,kComUpDown,0,1
0010110001001101010011000100,   204.419,   -23.353,   -20.000,     6.419,  -160.953,   -96.116,  -171.581,   -23.353,   -20.000,   -31.581,   154.647,   -96.116,    86.419,   132.247,   -20.000,   104.419,   114.647,   -96.116,   113.137,  -113.137,   -96.116,     6.419,  -160.953,   -96.116,  -113.137,  -113.137,   -96.116,   -31.581,   154.647,   -96.116,    -0.000,   160.000,   -96.116,   104.419,   114.647,   -96.116,   453.581,   -15.647,    95.000,     1.000,     0.000,     0.000,     0.000,kComMove,0,1
0011110001001100010011000100,   204.419,   -23.353,   -20.000,   -25.361,  -128.267,   -96.116,  -171.581,   -23.353,   -20.000,   -63.361,   187.333,   -96.116,    86.419,   132.247,   -20.000,    72.639,   147.333,   -96.116,   113.137,  -113.137,   -96.116,   -25.361,  -128.267,   -96.116,  -113.137,  -113.137,   -96.116,   -63.361,   187.333,   -96.116,    -0.000,   160.000,   -96.116,    72.639,   147.333,   -96.116,   485.361,   -48.333,    95.000,     1.000,     0.000,     0.000,     0.000,kLegHierarchyChange,0,1
0011110001001100010111000100,   204.419,   -23.353,   -20.000,   -25.361,  -128.267,   -96.116,  -171.581,   -23.353,   -20.000,   -63.361,   187.333,   -96.116,    86.419,   132.247,   -20.000,    72.639,   147.333,   -96.116,   113.137,  -113.137,   -96.116,   -25.361,  -128.267,   -96.116,  -113.137,  -113.137,   -96.116,   -63.361,   187.333,   -96.116,    -0.000,   160.000,   -96.116,    72.639,   147.333,   -96.116,   485.361,   -48.333,    95.000,     1.000,     0.000,     0.000,     0.000,kLegUpDown,0,1
0011010011000100110101001100,   112.639,  -110.667,   -96.116,   -25.361,  -128.267,   -20.000,   -23.361,  -150.667,   -96.116,   -63.361,   187.333,   -20.000,    -5.361,   164.933,   -96.116,    72.639,   147.333,   -20.000,   112.639,  -110.667,   -96.116,    -0.000,  -160.000,   -96.116,   -23.361,  -150.667,   -96.116,  -113.137,   113.137,   -96.116,    -5.361,   164.933,   -96.116,   113.137,   113.137,   -96.116,   485.361,   -48.333,    95.000,     1.000,     0.000,     0.000,     0.000,kComUpDown,0,1
0011010011000100110101001100,   112.639,  -110.667,   -96.116,   -25.361,  -128.267,   -20.000,   -23.361,  -150.667,   -96.116,   -63.361,   187.333,   -20.000,    -5.361,   164.933,   -96.116,    72.639,   147.333,   -20.000,   112.639,  -110.667,   -96.116,    -0.000,  -160.000,   -96.116,   -23.361,  -150.667,   -96.116,  -113.137,   113.137,   -96.116,    -5.361,   164.933,   -96.116,   113.137,   113.137,   -96.116,   485.361,   -48.333,    95.000,     1.000,     0.000,     0.000,     0.000,kComMove,0,1
0001010011000100110001001100,    19.632,  -143.941,   -96.116,   -25.361,  -128.267,   -20.000,  -116.368,  -183.941,   -96.116,   -63.361,   187.333,   -20.000,   -98.368,   131.659,   -96.116,    72.639,   147.333,   -20.000,    19.632,  -143.941,   -96.116,    -0.000,  -160.000,   -96.116,  -116.368,  -183.941,   -96.116,  -113.137,   113.137,   -96.116,   -98.368,   131.659,   -96.116,   113.137,   113.137,   -96.116,   578.368,   -15.059,    95.000,     1.000,     0.000,     0.000,     0.000,kLegHierarchyChange,0,1
0001011111000100110001001100,    19.632,  -143.941,   -96.116,   -25.361,  -128.267,   -20.000,  -116.368,  -183.941,   -96.116,   -63.361,   187.333,   -20.000,   -98.368,   131.659,   -96.116,    72.639,   147.333,   -20.000,    19.632,  -143.941,   -96.116,    -0.000,  -160.000,   -96.116,  -116.368,  -183.941,   -96.116,  -113.137,   113.137,   -96.116,   -98.368,   131.659,   -96.116,   113.137,   113.137,   -96.116,   578.368,   -15.059,    95.000,     1.000,     0.000,     0.000,     0.000,kLegUpDown,0,1
0001111101001100010011000100,    19.632,  -143.941,   -20.000,     1.632,  -161.541,   -96.116,  -116.368,  -183.941,   -20.000,  -116.368,   114.059,   -96.116,   -98.368,   131.659,   -20.000,   159.632,    14.059,   -96.116,   113.137,  -113.137,   -96.116,     1.632,  -161.541,   -96.116,  -113.137,  -113.137,   -96.116,  -116.368,   114.059,   -96.116,    -0.000,   160.000,   -96.116,   159.632,    14.059,   -96.116,   578.368,   -15.059,    95.000,     1.000,     0.000,     0.000,     0.000,kComUpDown,0,1
0001111101001100010011000100,    19.632,  -143.941,   -20.000,     1.632,  -161.541,   -44.116,  -116.368,  -183.941,   -20.000,  -116.368,   114.059,   -44.116,   -98.368,   131.659,   -20.000,   159.632,    14.059,   -44.116,   113.137,  -113.137,   -44.116,     1.632,  -161.541,   -44.116,  -113.137,  -113.137,   -44.116,  -116.368,   114.059,   -44.116,    -0.000,   160.000,   -44.116,   159.632,    14.059,   -44.116,   578.368,   -15.059,    43.000,     1.000,     0.000,     0.000,     0.000,kComMove,0,1
0110110001001100010011000100,    19.632,  -143.941,   -20.000,   -18.010,  -145.480,   -44.116,  -116.368,  -183.941,   -20.000,  -136.010,   130.120,   -44.116,   -98.368,   131.659,   -20.000,   139.990,    30.120,   -44.116,   113.137,  -113.137,   -44.116,   -18.010,  -145.480,   -44.116,  -113.137,  -113.137,   -44.116,  -136.010,   130.120,   -44.116,    -0.000,   160.000,   -44.116,   139.990,    30.120,   -44.116,   598.010,   -31.120,    43.000,     1.000,     0.000,     0.000,     0.000,kLegHierarchyChange,0,1
0110110001001100011111000111,    19.632,  -143.941,   -20.000,   -18.010,  -145.480,   -44.116,  -116.368,  -183.941,   -20.000,  -136.010,   130.120,   -44.116,   -98.368,   131.659,   -20.000,   139.990,    30.120,   -44.116,   113.137,  -113.137,   -44.116,   -18.010,  -145.480,   -44.116,  -113.137,  -113.137,   -44.116,  -136.010,   130.120,   -44.116,    -0.000,   160.000,   -44.116,   139.990,    30.120,   -44.116,   598.010,   -31.120,    43.000,     1.000,     0.000,     0.000,     0.000,kLegUpDown,0,1
0110010011000100111101001111,   219.990,   -27.880,   -44.116,   -18.010,  -145.480,   -20.000,   -16.010,  -167.880,   -44.116,  -136.010,   130.120,   -20.000,     1.990,   167.720,   -44.116,   139.990,    30.120,   -20.000,   219.990,   -27.880,   -44.116,    -0.000,  -160.000,   -44.116,   -16.010,  -167.880,   -44.116,  -113.137,   113.137,   -44.116,     1.990,   167.720,   -44.116,   113.137,   113.137,   -44.116,   598.010,   -31.120,    43.000,     1.000,     0.000,     0.000,     0.000,kComUpDown,0,1
0110010011000100111101001111,   219.990,   -27.880,   -31.116,   -18.010,  -145.480,   -20.000,   -16.010,  -167.880,   -31.116,  -136.010,   130.120,   -20.000,     1.990,   167.720,   -31.116,   139.990,    30.120,   -20.000,   219.990,   -27.880,   -31.116,    -0.000,  -160.000,   -31.116,   -16.010,  -167.880,   -31.116,  -113.137,   113.137,   -31.116,     1.990,   167.720,   -31.116,   113.137,   113.137,   -31.116,   598.010,   -31.120,    30.000,     1.000,     0.000,     0.000,     0.000,kComMove,0,1
0110010011000100110001001100,   117.436,   -71.213,   -31.116,   -18.010,  -145.480,   -20.000,  -118.564,  -211.213,   -31.116,  -136.010,   130.120,   -20.000,  -100.564,   124.387,   -31.116,   139.990,    30.120,   -20.000,   117.436,   -71.213,   -31.116,    -0.000,  -160.000,   -31.116,  -118.564,  -211.213,   -31.116,  -113.137,   113.137,   -31.116,  -100.564,   124.387,   -31.116,   113.137,   113.137,   -31.116,   700.564,    12.213,    30.000,     1.000,     0.000,     0.000,     0.000,kLegHierarchyChange,0,1
0110010011000101110001001100,   117.436,   -71.213,   -31.116,   -18.010,  -145.480,   -20.000,  -118.564,  -211.213,   -31.116,  -136.010,   130.120,   -20.000,  -100.564,   124.387,   -31.116,   139.990,    30.120,   -20.000,   117.436,   -71.213,   -31.116,    -0.000,  -160.000,   -31.116,  -118.564,  -211.213,   -31.116,  -113.137,   113.137,   -31.116,  -100.564,   124.387,   -31.116,   113.137,   113.137,   -31.116,   700.564,    12.213,    30.000,     1.000,     0.000,     0.000,     0.000,kLegUpDown,0,1
0110110001001101010011000100,   117.436,   -71.213,   -20.000,    -0.564,  -168.813,   -31.116,  -118.564,  -211.213,   -20.000,   -38.564,   146.787,   -31.116,  -100.564,   124.387,   -20.000,   117.436,   106.787,   -31.116,   113.137,  -113.137,   -31.116,    -0.564,  -168.813,   -31.116,  -113.137,  -113.137,   -31.116,   -38.564,   146.787,   -31.116,    -0.000,   160.000,   -31.116,   117.436,   106.787,   -31.116,   700.564,    12.213,    30.000,     1.000,     0.000,     0.000,     0.000,kComUpDown,0,1
0110110001001101010011000100,   117.436,   -71.213,   -20.000,    -0.564,  -168.813,   -31.116,  -118.564,  -211.213,   -20.000,   -38.564,   146.787,   -31.116,  -100.564,   124.387,   -20.000,   117.436,   106.787,   -31.116,   113.137,  -113.137,   -31.116,    -0.564,  -168.813,   -31.116,  -113.137,  -113.137,   -31.116,   -38.564,   146.787,   -31.116,    -0.000,   160.000,   -31.116,   117.436,   106.787,   -31.116,   700.564,    12.213,    30.000,     1.000,     0.000,     0.000,     0.000,kComMove,0,1
0010110001001100010011000100,   117.436,   -71.213,   -20.000,   -95.122,  -115.480,   -31.116,  -118.564,  -211.213,   -20.000,  -133.122,   200.120,   -31.116,  -100.564,   124.387,   -20.000,    22.878,   160.120,   -31.116,   113.137,  -113.137,   -31.116,   -95.122,  -115.480,   -31.116,  -113.137,  -113.137,   -31.116,  -133.122,   200.120,   -31.116,    -0.000,   160.000,   -31.116,    22.878,   160.120,   -31.116,   795.122,   -41.120,    30.000,     1.000,     0.000,     0.000,     0.000,kLegHierarchyChange,0,1
0010110001111100001111000111,   117.436,   -71.213,   -20.000,   -95.122,  -115.480,   -31.116,  -118.564,  -211.213,   -20.000,  -133.122,   200.120,   -31.116,  -100.564,   124.387,   -20.000,    22.878,   160.120,   -31.116,   113.137,  -113.137,   -31.116,   -95.122,  -115.480,   -31.116,  -113.137,  -113.137,   -31.116,  -133.122,   200.120,   -31.116,    -0.000,   160.000,   -31.116,    22.878,   160.120,   -31.116,   795.122,   -41.120,    30.000,     1.000,     0.000,     0.000,     0.000,kLegUpDown,0,1
0010010011110100101111001111,   202.878,   -17.880,   -31.116,   -95.122,  -115.480,   -31.116,  -193.122,   -17.880,   -31.116,  -133.122,   200.120,   -20.000,   104.878,   157.720,   -31.116,    22.878,   160.120,   -20.000,   202.878,   -17.880,   -31.116,   -95.122,  -115.480,   -31.116,  -193.122,   -17.880,   -31.116,  -113.137,   113.137,   -31.116,   104.878,   157.720,   -31.116,   113.137,   113.137,   -31.116,   795.122,   -41.120,    30.000,     1.000,     0.000,     0.000,     0.000,kComUpDown,0,1
0010010011110100101111001111,   202.878,   -17.880,   -31.116,   -95.122,  -115.480,   -31.116,  -193.122,   -17.880,   -31.116,  -133.122,   200.120,   -20.000,   104.878,   157.720,   -31.116,    22.878,   160.120,   -20.000,   202.878,   -17.880,   -31.116,   -95.122,  -115.480,   -31.116,  -193.122,   -17.880,   -31.116,  -113.137,   113.137,   -31.116,   104.878,   157.720,   -31.116,   113.137,   113.137,   -31.116,   795.122,   -41.120,    30.000,     1.000,     0.000,     0.000,     0.000,kComMove,0,1
0010010011000100110011001100,   168.766,   -58.275,   -31.116,  -129.234,  -155.875,   -31.116,  -227.234,   -58.275,   -31.116,  -133.122,   200.120,   -20.000,    70.766,   117.325,   -31.116,    22.878,   160.120,   -20.000,   168.766,   -58.275,   -31.116,  -129.234,  -155.875,   -31.116,  -227.234,   -58.275,   -31.116,  -113.137,   113.137,   -31.116,    70.766,   117.325,   -31.116,   113.137,   113.137,   -31.116,   829.234,    -0.725,    30.000,     1.000,     0.000,     0.000,     0.000,kLegHierarchyChange,0,1
0010010011000011110011001100,   168.766,   -58.275,   -31.116,  -129.234,  -155.875,   -31.116,  -227.234,   -58.275,   -31.116,  -133.122,   200.120,   -20.000,    70.766,   117.325,   -31.116,    22.878,   160.120,   -20.000,   168.766,   -58.275,   -31.116,  -129.234,  -155.875,   -31.116,  -227.234,   -58.275,   -31.116,  -113.137,   113.137,   -31.116,    70.766,   117.325,   -31.116,   113.137,   113.137,   -31.116,   829.234,    -0.725,    30.000,     1.000,     0.000,     0.000,     0.000,kLegUpDown,0,1
0010110001001011010001001100,   168.766,   -58.275,   -31.116,  -129.234,  -155.875,   -20.000,  -227.234,   -58.275,   -20.000,  -207.234,    19.725,   -31.116,    70.766,   117.325,   -20.000,   108.766,   119.725,   -31.116,   168.766,   -58.275,   -31.116,    -0.000,  -160.000,   -31.116,  -113.137,  -113.137,   -31.116,  -207.234,    19.725,   -31.116,    -0.000,   160.000,   -31.116,   108.766,   119.725,   -31.116,   829.234,    -0.725,    30.000,     1.000,     0.000,     0.000,     0.000,kComUpDown,0,1
0010110001001011010001001100,   168.766,   -58.275,   -31.116,  -129.234,  -155.875,   -20.000,  -227.234,   -58.275,   -20.000,  -207.234,    19.725,   -31.116,    70.766,   117.325,   -20.000,   108.766,   119.725,   -31.116,   168.766,   -58.275,   -31.116,    -0.000,  -160.000,   -31.116,  -113.137,  -113.137,   -31.116,  -207.234,    19.725,   -31.116,    -0.000,   160.000,   -31.116,   108.766,   119.725,   -31.116,   829.234,    -0.725,    30.000,     1.000,     0.000,     0.000,     0.000,kComMove,0,1
0001110001001100010001001100,   141.638,   -50.971,   -31.116,  -129.234,  -155.875,   -20.000,  -227.234,   -58.275,   -20.000,  -234.362,    27.029,   -31.116,    70.766,   117.325,   -20.000,    81.638,   127.029,   -31.116,   141.638,   -50.971,   -31.116,    -0.000,  -160.000,   -31.116,  -113.137,  -113.137,   -31.116,  -234.362,    27.029,   -31.116,    -0.000,   160.000,   -31.116,    81.638,   127.029,   -31.116,   856.362,    -8.029,    30.000,     1.000,     0.000,     0.000,     0.000,kLegHierarchyChange,0,1
0001110001011100010001001100,   141.638,   -50.971,   -31.116,  -129.234,  -155.875,   -20.000,  -227.234,   -58.275,   -20.000,  -234.362,    27.029,   -31.116,    70.766,   117.325,   -20.000,    81.638,   127.029,   -31.116,   141.638,   -50.971,   -31.116,    -0.000,  -160.000,   -31.116,  -113.137,  -113.137,   -31.116,  -234.362,    27.029,   -31.116,    -0.000,   160.000,   -31.116,    81.638,   127.029,   -31.116,   856.362,    -8.029,    30.000,     1.000,     0.000,     0.000,     0.000,kLegUpDown,0,1
0001110011010100110011000100,   141.638,   -50.971,   -20.000,     3.638,  -168.571,   -31.116,  -114.362,  -110.971,   -31.116,  -234.362,    27.029,   -20.000,    83.638,   124.629,   -31.116,    81.638,   127.029,   -31.116,   113.137,  -113.137,   -31.116,     3.638,  -168.571,   -31.116,  -114.362,  -110.971,   -31.116,  -113.137,   113.137,   -31.116,    83.638,   124.629,   -31.116,    81.638,   127.029,   -31.116,   856.362,    -8.029,    30.000,     1.000,     0.000,     0.000,     0.000,kComUpDown,0,1
0001110011010100110011000100,   141.638,   -50.971,   -20.000,     3.638,  -168.571,   -31.116,  -114.362,  -110.971,   -31.116,  -234.362,    27.029,   -20.000,    83.638,   124.629,   -31.116,    81.638,   127.029,   -31.116,   113.137,  -113.137,   -31.116,     3.638,  -168.571,   -31.116,  -114.362,  -110.971,   -31.116,  -113.137,   113.137,   -31.116,    83.638,   124.629,   -31.116,    81.638,   127.029,   -31.116,   856.362,    -8.029,    30.000,     1.000,     0.000,     0.000,     0.000,kComMove,0,1
0001110011000100110011000100,   141.638,   -50.971,   -20.000,   -60.771,  -148.416,   -31.116,  -178.771,   -90.816,   -31.116,  -234.362,    27.029,   -20.000,    19.229,   144.784,   -31.116,    17.229,   147.184,   -31.116,   113.137,  -113.137,   -31.116,   -60.771,  -148.416,   -31.116,  -178.771,   -90.816,   -31.116,  -113.137,   113.137,   -31.116,    19.229,   144.784,   -31.116,    17.229,   147.184,   -31.116,   920.771,   -28.184,    30.000,     1.000,     0.000,     0.000,     0.000,kLegHierarchyChange,0,1
0001110011000100110011000100,   141.638,   -50.971,   -20.000,   -60.771,  -148.416,   -31.116,  -178.771,   -90.816,   -31.116,  -234.362,    27.029,   -20.000,    19.229,   144.784,   -31.116,    17.229,   147.184,   -31.116,   113.137,  -113.137,   -31.116,   -60.771,  -148.416,   -31.116,  -178.771,   -90.816,   -31.116,  -113.137,   113.137,   -31.116,    19.229,   144.784,   -31.116,    17.229,   147.184,   -31.116,   920.771,   -28.184,    30.000,     1.000,     0.000,     0.000,     0.000,kLegUpDown,0,1
0001010011001100010011001100,   117.229,  -110.816,   -31.116,   -60.771,  -148.416,   -31.116,  -178.771,   -90.816,   -20.000,  -118.771,   107.184,   -31.116,    19.229,   144.784,   -31.116,    17.229,   147.184,   -20.000,   117.229,  -110.816,   -31.116,   -60.771,  -148.416,   -31.116,  -113.137,  -113.137,   -31.116,  -118.771,   107.184,   -31.116,    19.229,   144.784,   -31.116,   113.137,   113.137,   -31.116,   920.771,   -28.184,    30.000,     1.000,     0.000,     0.000,     0.000,kComUpDown,0,1
0001010011001100010011001100,   117.229,  -110.816,   -31.116,   -60.771,  -148.416,   -31.116,  -178.771,   -90.816,   -20.000,  -118.771,   107.184,   -31.116,    19.229,   144.784,   -31.116,    17.229,   147.184,   -20.000,   117.229,  -110.816,   -31.116,   -60.771,  -148.416,   -31.116,  -113.137,  -113.137,   -31.116,  -118.771,   107.184,   -31.116,    19.229,   144.784,   -31.116,   113.137,   113.137,   -31.116,   920.771,   -28.184,    30.000,     1.000,     0.000,     0.000,     0.000,kComMove,0,1
0010010011001100010011001100,   105.591,   -87.113,   -31.116,   -72.409,  -124.713,   -31.116,  -178.771,   -90.816,   -20.000,  -130.409,   130.887,   -31.116,     7.591,   168.487,   -31.116,    17.229,   147.184,   -20.000,   105.591,   -87.113,   -31.116,   -72.409,  -124.713,   -31.116,  -113.137,  -113.137,   -31.116,  -130.409,   130.887,   -31.116,     7.591,   168.487,   -31.116,   113.137,   113.137,   -31.116,   932.409,   -51.887,    30.000,     1.000,     0.000,     0.000,     0.000,kLegHierarchyChange,0,1
0010011111001100010111001100,   105.591,   -87.113,   -31.116,   -72.409,  -124.713,   -31.116,  -178.771,   -90.816,   -20.000,  -130.409,   130.887,   -31.116,     7.591,   168.487,   -31.116,    17.229,   147.184,   -20.000,   105.591,   -87.113,   -31.116,   -72.409,  -124.713,   -31.116,  -113.137,  -113.137,   -31.116,  -130.409,   130.887,   -31.116,     7.591,   168.487,   -31.116,   113.137,   113.137,   -31.116,   932.409,   -51.887,    30.000,     1.000,     0.000,     0.000,     0.000,kLegUpDown,0,1
0010111111000100110101000100,   105.591,   -87.113,   -20.000,   -72.409,  -124.713,   -20.000,   -30.409,  -147.113,   -31.116,  -130.409,   130.887,   -20.000,     7.591,   168.487,   -31.116,   225.591,    30.887,   -31.116,   113.137,  -113.137,   -31.116,    -0.000,  -160.000,   -31.116,   -30.409,  -147.113,   -31.116,  -113.137,   113.137,   -31.116,     7.591,   168.487,   -31.116,   225.591,    30.887,   -31.116,   932.409,   -51.887,    30.000,     1.000,     0.000,     0.000,     0.000,kComUpDown,0,1
0010111111000100110101000100,   105.591,   -87.113,   -20.000,   -72.409,  -124.713,   -20.000,   -30.409,  -147.113,   -31.116,  -130.409,   130.887,   -20.000,     7.591,   168.487,   -31.116,   225.591,    30.887,   -31.116,   113.137,  -113.137,   -31.116,    -0.000,  -160.000,   -31.116,   -30.409,  -147.113,   -31.116,  -113.137,   113.137,   -31.116,     7.591,   168.487,   -31.116,   225.591,    30.887,   -31.116,   932.409,   -51.887,    30.000,     1.000,     0.000,     0.000,     0.000,kComMove,0,1
0110110011000100110001000100,   105.591,   -87.113,   -20.000,   -72.409,  -124.713,   -20.000,  -114.640,  -131.738,   -31.116,  -130.409,   130.887,   -20.000,   -76.640,   183.862,   -31.116,   141.360,    46.262,   -31.116,   113.137,  -113.137,   -31.116,    -0.000,  -160.000,   -31.116,  -114.640,  -131.738,   -31.116,  -113.137,   113.137,   -31.116,   -76.640,   183.862,   -31.116,   141.360,    46.262,   -31.116,  1016.640,   -67.262,    30.000,     1.000,     0.000,     0.000,     0.000,kLegHierarchyChange,0,1
0110110011000111110001110111,   105.591,   -87.113,   -20.000,   -72.409,  -124.713,   -20.000,  -114.640,  -131.738,   -31.116,  -130.409,   130.887,   -20.000,   -76.640,   183.862,   -31.116,   141.360,    46.262,   -31.116,   113.137,  -113.137,   -31.116,    -0.000,  -160.000,   -31.116,  -114.640,  -131.738,   -31.116,  -113.137,   113.137,   -31.116,   -76.640,   183.862,   -31.116,   141.360,    46.262,   -31.116,  1016.640,   -67.262,    30.000,     1.000,     0.000,     0.000,     0.000,kLegUpDown,0,1
0110010001001111010011111111,   221.360,   -31.738,   -31.116,   103.360,  -129.338,   -31.116,  -114.640,  -131.738,   -20.000,   -14.640,   166.262,   -31.116,   -76.640,   183.862,   -20.000,   141.360,    46.262,   -20.000,   221.360,   -31.738,   -31.116,   103.360,  -129.338,   -31.116,  -113.137,  -113.137,   -31.116,   -14.640,   166.262,   -31.116,    -0.000,   160.000,   -31.116,   113.137,   113.137,   -31.116,  1016.640,   -67.262,    30.000,     1.000,     0.000,     0.000,     0.000,kComUpDown,0,1
0110010001001111010011111111,   221.360,   -31.738,   -31.116,   103.360,  -129.338,   -31.116,  -114.640,  -131.738,   -20.000,   -14.640,   166.262,   -31.116,   -76.640,   183.862,   -20.000,   141.360,    46.262,   -20.000,   221.360,   -31.738,   -31.116,   103.360,  -129.338,   -31.116,  -113.137,  -113.137,   -31.116,   -14.640,   166.262,   -31.116,    -0.000,   160.000,   -31.116,   113.137,   113.137,   -31.116,  1016.640,   -67.262,    30.000,     1.000,     0.000,     0.000,     0.000,kComMove,0,1
0100010001001100010011001100,   217.068,   -35.299,   -31.116,    99.068,  -132.899,   -31.116,  -114.640,  -131.738,   -20.000,   -18.932,   162.701,   -31.116,   -76.640,   183.862,   -20.000,   141.360,    46.262,   -20.000,   217.068,   -35.299,   -31.116,    99.068,  -132.899,   -31.116,  -113.137,  -113.137,   -31.116,   -18.932,   162.701,   -31.116,    -0.000,   160.000,   -31.116,   113.137,   113.137,   -31.116,  1020.932,   -63.701,    30.000,     1.000,     0.000,     0.000,     0.000,kLegHierarchyChange,0,1
0100011101001100010111001100,   217.068,   -35.299,   -31.116,    99.068,  -132.899,   -31.116,  -114.640,  -131.738,   -20.000,   -18.932,   162.701,   -31.116,   -76.640,   183.862,   -20.000,   141.360,    46.262,   -20.000,   217.068,   -35.299,   -31.116,    99.068,  -132.899,   -31.116,  -113.137,  -113.137,   -31.116,   -18.932,   162.701,   -31.116,    -0.000,   160.000,   -31.116,   113.137,   113.137,   -31.116,  1020.932,   -63.701,    30.000,     1.000,     0.000,     0.000,     0.000,kLegUpDown,0,1
0100111111000100110101000100,   217.068,   -35.299,   -20.000,    99.068,  -132.899,   -20.000,   -18.932,  -155.299,   -31.116,   -18.932,   162.701,   -20.000,    -0.932,   160.301,   -31.116,   237.068,    22.701,   -31.116,   113.137,  -113.137,   -31.116,    -0.000,  -160.000,   -31.116,   -18.932,  -155.299,   -31.116,  -113.137,   113.137,   -31.116,    -0.932,   160.301,   -31.116,   237.068,    22.701,   -31.116,  1020.932,   -63.701,    30.000,     1.000,     0.000,     0.000,     0.000,kComUpDown,0,1
0100111111000100110101000100,   217.068,   -35.299,   -20.000,    99.068,  -132.899,   -20.000,   -18.932,  -155.299,   -43.208,   -18.932,   162.701,   -20.000,    -0.932,   160.301,   -43.208,   237.068,    22.701,   -43.208,   113.137,  -113.137,   -43.208,    -0.000,  -160.000,   -43.208,   -18.932,  -155.299,   -43.208,  -113.137,   113.137,   -43.208,    -0.932,   160.301,   -43.208,   237.068,    22.701,   -43.208,  1020.932,   -63.701,    42.092,     1.000,     0.000,     0.000,     0.000,kComMove,0,1
0111110011000100110001000100,   217.068,   -35.299,   -20.000,    99.068,  -132.899,   -20.000,  -137.069,  -125.346,   -43.208,   -18.932,   162.701,   -20.000,  -119.069,   190.254,   -43.208,   118.931,    52.654,   -43.208,   113.137,  -113.137,   -43.208,    -0.000,  -160.000,   -43.208,  -137.069,  -125.346,   -43.208,  -113.137,   113.137,   -43.208,  -119.069,   190.254,   -43.208,   118.931,    52.654,   -43.208,  1139.069,   -93.654,    42.092,     1.000,     0.000,     0.000,     0.000,kLegHierarchyChange,0,1
0111110011000111110001010111,   217.068,   -35.299,   -20.000,    99.068,  -132.899,   -20.000,  -137.069,  -125.346,   -43.208,   -18.932,   162.701,   -20.000,  -119.069,   190.254,   -43.208,   118.931,    52.654,   -43.208,   113.137,  -113.137,   -43.208,    -0.000,  -160.000,   -43.208,  -137.069,  -125.346,   -43.208,  -113.137,   113.137,   -43.208,  -119.069,   190.254,   -43.208,   118.931,    52.654,   -43.208,  1139.069,   -93.654,    42.092,     1.000,     0.000,     0.000,     0.000,kLegUpDown,0,1
0111010001001111010011011111,   218.931,   -25.346,   -43.208,   100.931,  -122.946,   -43.208,  -137.069,  -125.346,   -20.000,   -17.069,   172.654,   -43.208,  -119.069,   190.254,   -20.000,   118.931,    52.654,   -20.000,   218.931,   -25.346,   -43.208,   100.931,  -122.946,   -43.208,  -113.137,  -113.137,   -43.208,   -17.069,   172.654,   -43.208,    -0.000,   160.000,   -43.208,   113.137,   113.137,   -43.208,  1139.069,   -93.654,    42.092,     1.000,     0.000,     0.000,     0.000,kComUpDown,0,1
0111010001001111010011011111,   218.931,   -25.346,   -43.208,   100.931,  -122.946,   -43.208,  -137.069,  -125.346,   -20.000,   -17.069,   172.654,   -43.208,  -119.069,   190.254,   -20.000,   118.931,    52.654,   -20.000,   218.931,   -25.346,   -43.208,   100.931,  -122.946,   -43.208,  -113.137,  -113.137,   -43.208,   -17.069,   172.654,   -43.208,    -0.000,   160.000,   -43.208,   113.137,   113.137,   -43.208,  1139.069,   -93.654,    42.092,     1.000,     0.000,     0.000,     0.000,kComMove,0,1
0111010001001100010011001100,   125.568,   -67.277,   -43.208,     7.568,  -164.877,   -43.208,  -137.069,  -125.346,   -20.000,  -110.432,   130.723,   -43.208,  -119.069,   190.254,   -20.000,   118.931,    52.654,   -20.000,   125.568,   -67.277,   -43.208,     7.568,  -164.877,   -43.208,  -113.137,  -113.137,   -43.208,  -110.432,   130.723,   -43.208,    -0.000,   160.000,   -43.208,   113.137,   113.137,   -43.208,  1232.432,   -51.723,    42.092,     1.000,     0.000,     0.000,     0.000,kLegHierarchyChange,0,1
