1000110011001100110011001100,   113.137,  -113.137,   -30.000,    -0.000,  -160.000,   -30.000,  -113.137,  -113.137,   -30.000,  -113.137,   113.137,   -30.000,    -0.000,   160.000,   -30.000,   113.137,   113.137,   -30.000,   113.137,  -113.137,   -30.000,    -0.000,  -160.000,   -30.000,  -113.137,  -113.137,   -30.000,  -113.137,   113.137,   -30.000,    -0.000,   160.000,   -30.000,   113.137,   113.137,   -30.000,    -7.624,   -24.861,    30.000,     1.000,     0.000,     0.000,     0.000,kLegHierarchyChange,-1,0
1000110011001100110011001100,   113.137,  -113.137,   -30.000,    -0.000,  -160.000,   -30.000,  -113.137,  -113.137,   -30.000,  -113.137,   113.137,   -30.000,    -0.000,   160.000,   -30.000,   113.137,   113.137,   -30.000,   113.137,  -113.137,   -30.000,    -0.000,  -160.000,   -30.000,  -113.137,  -113.137,   -30.000,  -113.137,   113.137,   -30.000,    -0.000,   160.000,   -30.000,   113.137,   113.137,   -30.000,    -7.624,   -24.861,    30.000,     1.000,     0.000,     0.000,     0.000,kLegUpDown,0,1
1000010011001100010011001100,   113.137,  -113.137,   -30.000,    -0.000,  -160.000,   -30.000,  -113.137,  -113.137,   -20.000,  -113.137,   113.137,   -30.000,    -0.000,   160.000,   -30.000,   113.137,   113.137,   -20.000,   113.137,  -113.137,   -30.000,    -0.000,  -160.000,   -30.000,  -113.137,  -113.137,   -30.000,  -113.137,   113.137,   -30.000,    -0.000,   160.000,   -30.000,   113.137,   113.137,   -30.000,    -7.624,   -24.861,    30.000,     1.000,     0.000,     0.000,     0.000,kComUpDown,0,1
1000010011001100010011001100,   113.137,  -113.137,   -30.000,    -0.000,  -160.000,   -30.000,  -113.137,  -113.137,   -20.000,  -113.137,   113.137,   -30.000,    -0.000,   160.000,   -30.000,   113.137,   113.137,   -20.000,   113.137,  -113.137,   -30.000,    -0.000,  -160.000,   -30.000,  -113.137,  -113.137,   -30.000,  -113.137,   113.137,   -30.000,    -0.000,   160.000,   -30.000,   113.137,   113.137,   -30.000,    -7.624,   -24.861,    30.000,     1.000,     0.000,     0.000,     0.000,kComMove,0,1
0001010011001100010011001100,    14.049,  -143.132,   -30.000,   -99.088,  -189.995,   -30.000,  -113.137,  -113.137,   -20.000,  -212.225,    83.142,   -30.000,   -99.088,   130.005,   -30.000,   113.137,   113.137,   -20.000,    14.049,  -143.132,   -30.000,   -99.088,  -189.995,   -30.000,  -113.137,  -113.137,   -30.000,  -212.225,    83.142,   -30.000,   -99.088,   130.005,   -30.000,   113.137,   113.137,   -30.000,    91.464,     5.134,    30.000,     1.000,     0.000,     0.000,     0.000,kLegHierarchyChange,0,1
0001010011001100011011001100,    14.049,  -143.132,   -30.000,   -99.088,  -189.995,   -30.000,  -113.137,  -113.137,   -20.000,  -212.225,    83.142,   -30.000,   -99.088,   130.005,   -30.000,   113.137,   113.137,   -20.000,    14.049,  -143.132,   -30.000,   -99.088,  -189.995,   -30.000,  -113.137,  -113.137,   -30.000,  -212.225,    83.142,   -30.000,   -99.088,   130.005,   -30.000,   113.137,   113.137,   -30.000,    91.464,     5.134,    30.000,     1.000,     0.000,     0.000,     0.000,kLegUpDown,0,1
0001110011000100111011000100,    14.049,  -143.132,   -20.000,   -99.088,  -189.995,   -30.000,   -69.464,  -144.134,   -31.116,  -212.225,    83.142,   -20.000,   -99.088,   130.005,   -30.000,   106.536,   113.866,   -31.116,   113.137,  -113.137,   -30.000,   -99.088,  -189.995,   -30.000,   -69.464,  -144.134,   -31.116,  -113.137,   113.137,   -30.000,   -99.088,   130.005,   -30.000,   106.536,   113.866,   -31.116,    91.464,     5.134,    30.000,     1.000,     0.000,     0.000,     0.000,kComUpDown,0,1
0001110011000100111011000100,    14.049,  -143.132,   -20.000,   -99.088,  -189.995,   -30.000,   -69.464,  -144.134,   -31.116,  -212.225,    83.142,   -20.000,   -99.088,   130.005,   -30.000,   106.536,   113.866,   -31.116,   113.137,  -113.137,   -30.000,   -99.088,  -189.995,   -30.000,   -69.464,  -144.134,   -31.116,  -113.137,   113.137,   -30.000,   -99.088,   130.005,   -30.000,   106.536,   113.866,   -31.116,    91.464,     5.134,    30.000,     1.000,     0.000,     0.000,     0.000,kComMove,0,1
0110110011000100110011000100,    14.049,  -143.132,   -20.000,  -102.681,  -187.898,   -30.000,   -73.057,  -142.036,   -31.116,  -212.225,    83.142,   -20.000,  -102.681,   132.102,   -30.000,   102.943,   115.964,   -31.116,   113.137,  -113.137,   -30.000,  -102.681,  -187.898,   -30.000,   -73.057,  -142.036,   -31.116,  -113.137,   113.137,   -30.000,  -102.681,   132.102,   -30.000,   102.943,   115.964,   -31.116,    95.057,     3.036,    30.000,     1.000,     0.000,     0.000,     0.000,kLegHierarchyChange,0,1
0110110011000101110011000111,    14.049,  -143.132,   -20.000,  -102.681,  -187.898,   -30.000,   -73.057,  -142.036,   -31.116,  -212.225,    83.142,   -20.000,  -102.681,   132.102,   -30.000,   102.943,   115.964,   -31.116,   113.137,  -113.137,   -30.000,  -102.681,  -187.898,   -30.000,   -73.057,  -142.036,   -31.116,  -113.137,   113.137,   -30.000,  -102.681,   132.102,   -30.000,   102.943,   115.964,   -31.116,    95.057,     3.036,    30.000,     1.000,     0.000,     0.000,     0.000,kLegUpDown,0,1
0110010001001101110001001111,   222.943,   -22.036,   -31.116,  -102.681,  -187.898,   -20.000,   -73.057,  -142.036,   -31.116,   -33.057,   155.964,   -31.116,  -102.681,   132.102,   -20.000,   102.943,   115.964,   -20.000,   222.943,   -22.036,   -31.116,    -0.000,  -160.000,   -30.000,   -73.057,  -142.036,   -31.116,   -33.057,   155.964,   -31.116,    -0.000,   160.000,   -30.000,   113.137,   113.137,   -31.116,    95.057,     3.036,    30.000,     1.000,     0.000,     0.000,     0.000,kComUpDown,0,1
0110010001001101110001001111,   222.943,   -22.036,   -31.116,  -102.681,  -187.898,   -20.000,   -73.057,  -142.036,   -31.116,   -33.057,   155.964,   -31.116,  -102.681,   132.102,   -20.000,   102.943,   115.964,   -20.000,   222.943,   -22.036,   -31.116,    -0.000,  -160.000,   -30.000,   -73.057,  -142.036,   -31.116,   -33.057,   155.964,   -31.116,    -0.000,   160.000,   -30.000,   113.137,   113.137,   -31.116,    95.057,     3.036,    30.000,     1.000,     0.000,     0.000,     0.000,kComMove,0,1
0010010001001100110001001100,   137.640,   -36.675,   -31.116,  -102.681,  -187.898,   -20.000,  -158.360,  -156.675,   -31.116,  -118.360,   141.325,   -31.116,  -102.681,   132.102,   -20.000,   102.943,   115.964,   -20.000,   137.640,   -36.675,   -31.116,    -0.000,  -160.000,   -30.000,  -158.360,  -156.675,   -31.116,  -118.360,   141.325,   -31.116,    -0.000,   160.000,   -30.000,   113.137,   113.137,   -31.116,   180.360,    17.675,    30.000,     1.000,     0.000,     0.000,     0.000,kLegHierarchyChange,0,1
0010011101111100110001001100,   137.640,   -36.675,   -31.116,  -102.681,  -187.898,   -20.000,  -158.360,  -156.675,   -31.116,  -118.360,   141.325,   -31.116,  -102.681,   132.102,   -20.000,   102.943,   115.964,   -20.000,   137.640,   -36.675,   -31.116,    -0.000,  -160.000,   -30.000,  -158.360,  -156.675,   -31.116,  -118.360,   141.325,   -31.116,    -0.000,   160.000,   -30.000,   113.137,   113.137,   -31.116,   180.360,    17.675,    30.000,     1.000,     0.000,     0.000,     0.000,kLegUpDown,0,1
0010111101111100010011000100,   137.640,   -36.675,   -20.000,    -0.360,  -154.275,   -31.116,  -158.360,  -156.675,   -20.000,  -118.360,   141.325,   -31.116,  -102.681,   132.102,   -20.000,   237.640,    21.325,   -31.116,   113.137,  -113.137,   -31.116,    -0.360,  -154.275,   -31.116,  -113.137,  -113.137,   -31.116,  -118.360,   141.325,   -31.116,    -0.000,   160.000,   -30.000,   237.640,    21.325,   -31.116,   180.360,    17.675,    30.000,     1.000,     0.000,     0.000,     0.000,kComUpDown,0,1
0010111101111100010011000100,   137.640,   -36.675,   -20.000,    -0.360,  -154.275,   -31.116,  -158.360,  -156.675,   -20.000,  -118.360,   141.325,   -31.116,  -102.681,   132.102,   -20.000,   237.640,    21.325,   -31.116,   113.137,  -113.137,   -31.116,    -0.360,  -154.275,   -31.116,  -113.137,  -113.137,   -31.116,  -118.360,   141.325,   -31.116,    -0.000,   160.000,   -30.000,   237.640,    21.325,   -31.116,   180.360,    17.675,    30.000,     1.000,     0.000,     0.000,     0.000,kComMove,0,1
0111110001001100010011000100,   137.640,   -36.675,   -20.000,   -72.342,  -155.101,   -31.116,  -158.360,  -156.675,   -20.000,  -190.342,   140.499,   -31.116,  -102.681,   132.102,   -20.000,   165.658,    20.499,   -31.116,   113.137,  -113.137,   -31.116,   -72.342,  -155.101,   -31.116,  -113.137,  -113.137,   -31.116,  -190.342,   140.499,   -31.116,    -0.000,   160.000,   -30.000,   165.658,    20.499,   -31.116,   252.342,    18.501,    30.000,     1.000,     0.000,     0.000,     0.000,kLegHierarchyChange,0,1
0111110001001100010111000100,   137.640,   -36.675,   -20.000,   -72.342,  -155.101,   -31.116,  -158.360,  -156.675,   -20.000,  -190.342,   140.499,   -31.116,  -102.681,   132.102,   -20.000,   165.658,    20.499,   -31.116,   113.137,  -113.137,   -31.116,   -72.342,  -155.101,   -31.116,  -113.137,  -113.137,   -31.116,  -190.342,   140.499,   -31.116,    -0.000,   160.000,   -30.000,   165.658,    20.499,   -31.116,   252.342,    18.501,    30.000,     1.000,     0.000,     0.000,     0.000,kLegUpDown,0,1
0111010011000100110101001100,   105.658,  -117.501,   -31.116,   -72.342,  -155.101,   -20.000,   -30.342,  -137.501,   -31.116,  -190.342,   140.499,   -20.000,     7.658,   158.099,   -31.116,   165.658,    20.499,   -20.000,   105.658,  -117.501,   -31.116,    -0.000,  -160.000,   -31.116,   -30.342,  -137.501,   -31.116,  -113.137,   113.137,   -31.116,     7.658,   158.099,   -31.116,   113.137,   113.137,   -31.116,   252.342,    18.501,    30.000,     1.000,     0.000,     0.000,     0.000,kComUpDown,0,1
0111010011000100110101001100,   105.658,  -117.501,   -31.116,   -72.342,  -155.101,   -20.000,   -30.342,  -137.501,   -31.116,  -190.342,   140.499,   -20.000,     7.658,   158.099,   -31.116,   165.658,    20.499,   -20.000,   105.658,  -117.501,   -31.116,    -0.000,  -160.000,   -31.116,   -30.342,  -137.501,   -31.116,  -113.137,   113.137,   -31.116,     7.658,   158.099,   -31.116,   113.137,   113.137,   -31.116,   252.342,    18.501,    30.000,     1.000,     0.000,     0.000,     0.000,kComMove,0,1
0110010011000100110001001100,    14.773,  -157.092,   -31.116,   -72.342,  -155.101,   -20.000,  -121.227,  -177.092,   -31.116,  -190.342,   140.499,   -20.000,   -83.227,   118.508,   -31.116,   165.658,    20.499,   -20.000,    14.773,  -157.092,   -31.116,    -0.000,  -160.000,   -31.116,  -121.227,  -177.092,   -31.116,  -113.137,   113.137,   -31.116,   -83.227,   118.508,   -31.116,   113.137,   113.137,   -31.116,   343.227,    58.092,    30.000,     1.000,     0.000,     0.000,     0.000,kLegHierarchyChange,0,1
0110010011000101110001111100,    14.773,  -157.092,   -31.116,   -72.342,  -155.101,   -20.000,  -121.227,  -177.092,   -31.116,  -190.342,   140.499,   -20.000,   -83.227,   118.508,   -31.116,   165.658,    20.499,   -20.000,    14.773,  -157.092,   -31.116,    -0.000,  -160.000,   -31.116,  -121.227,  -177.092,   -31.116,  -113.137,   113.137,   -31.116,   -83.227,   118.508,   -31.116,   113.137,   113.137,   -31.116,   343.227,    58.092,    30.000,     1.000,     0.000,     0.000,     0.000,kLegUpDown,0,1
0110110001001101010011110100,    14.773,  -157.092,   -20.000,   116.773,  -174.692,   -31.116,  -121.227,  -177.092,   -20.000,   -21.227,   140.908,   -31.116,   -83.227,   118.508,   -20.000,   114.773,   120.908,   -31.116,   113.137,  -113.137,   -31.116,   116.773,  -174.692,   -31.116,  -113.137,  -113.137,   -31.116,   -21.227,   140.908,   -31.116,    -0.000,   160.000,   -31.116,   114.773,   120.908,   -31.116,   343.227,    58.092,    30.000,     1.000,     0.000,     0.000,     0.000,kComUpDown,0,1
0110110001001101010011110100,    14.773,  -157.092,   -20.000,   116.773,  -174.692,   -31.116,  -121.227,  -177.092,   -20.000,   -21.227,   140.908,   -31.116,   -83.227,   118.508,   -20.000,   114.773,   120.908,   -31.116,   113.137,  -113.137,   -31.116,   116.773,  -174.692,   -31.116,  -113.137,  -113.137,   -31.116,   -21.227,   140.908,   -31.116,    -0.000,   160.000,   -31.116,   114.773,   120.908,   -31.116,   343.227,    58.092,    30.000,     1.000,     0.000,     0.000,     0.000,kComMove,0,1
0001110001001100010011000100,    14.773,  -157.092,   -20.000,    80.720,  -131.451,   -31.116,  -121.227,  -177.092,   -20.000,   -57.280,   184.149,   -31.116,   -83.227,   118.508,   -20.000,    78.720,   164.149,   -31.116,   113.137,  -113.137,   -31.116,    80.720,  -131.451,   -31.116,  -113.137,  -113.137,   -31.116,   -57.280,   184.149,   -31.116,    -0.000,   160.000,   -31.116,    78.720,   164.149,   -31.116,   379.280,    14.851,    30.000,     1.000,     0.000,     0.000,     0.000,kLegHierarchyChange,0,1
0001110001001100010111000100,    14.773,  -157.092,   -20.000,    80.720,  -131.451,   -31.116,  -121.227,  -177.092,   -20.000,   -57.280,   184.149,   -31.116,   -83.227,   118.508,   -20.000,    78.720,   164.149,   -31.116,   113.137,  -113.137,   -31.116,    80.720,  -131.451,   -31.116,  -113.137,  -113.137,   -31.116,   -57.280,   184.149,   -31.116,    -0.000,   160.000,   -31.116,    78.720,   164.149,   -31.116,   379.280,    14.851,    30.000,     1.000,     0.000,     0.000,     0.000,kLegUpDown,0,1
0001010011000100110101001100,   118.720,  -113.851,   -31.116,    80.720,  -131.451,   -20.000,   -17.280,  -153.851,   -31.116,   -57.280,   184.149,   -20.000,     0.720,   161.749,   -31.116,    78.720,   164.149,   -20.000,   118.720,  -113.851,   -31.116,    -0.000,  -160.000,   -31.116,   -17.280,  -153.851,   -31.116,  -113.137,   113.137,   -31.116,     0.720,   161.749,   -31.116,   113.137,   113.137,   -31.116,   379.280,    14.851,    30.000,     1.000,     0.000,     0.000,     0.000,kComUpDown,0,1
0001010011000100110101001100,   118.720,  -113.851,   -31.116,    80.720,  -131.451,   -20.000,   -17.280,  -153.851,   -31.116,   -57.280,   184.149,   -20.000,     0.720,   161.749,   -31.116,    78.720,   164.149,   -20.000,   118.720,  -113.851,   -31.116,    -0.000,  -160.000,   -31.116,   -17.280,  -153.851,   -31.116,  -113.137,   113.137,   -31.116,     0.720,   161.749,   -31.116,   113.137,   113.137,   -31.116,   379.280,    14.851,    30.000,     1.000,     0.000,     0.000,     0.000,kComMove,0,1
0001010011000100110001001100,    15.357,  -143.690,   -31.116,    80.720,  -131.451,   -20.000,  -120.643,  -183.690,   -31.116,   -57.280,   184.149,   -20.000,  -102.643,   131.910,   -31.116,    78.720,   164.149,   -20.000,    15.357,  -143.690,   -31.116,    -0.000,  -160.000,   -31.116,  -120.643,  -183.690,   -31.116,  -113.137,   113.137,   -31.116,  -102.643,   131.910,   -31.116,   113.137,   113.137,   -31.116,   482.643,    44.690,    30.000,     1.000,     0.000,     0.000,     0.000,kLegHierarchyChange,0,1
0001010011000011110001111100,    15.357,  -143.690,   -31.116,    80.720,  -131.451,   -20.000,  -120.643,  -183.690,   -31.116,   -57.280,   184.149,   -20.000,  -102.643,   131.910,   -31.116,    78.720,   164.149,   -20.000,    15.357,  -143.690,   -31.116,    -0.000,  -160.000,   -31.116,  -120.643,  -183.690,   -31.116,  -113.137,   113.137,   -31.116,  -102.643,   131.910,   -31.116,   113.137,   113.137,   -31.116,   482.643,    44.690,    30.000,     1.000,     0.000,     0.000,     0.000,kLegUpDown,0,1
0001110001001011010011110100,    15.357,  -143.690,   -20.000,   117.357,  -161.290,   -31.116,  -120.643,  -183.690,   -20.000,  -160.643,    14.310,   -31.116,  -102.643,   131.910,   -20.000,   115.357,   114.310,   -31.116,   113.137,  -113.137,   -31.116,   117.357,  -161.290,   -31.116,  -113.137,  -113.137,   -31.116,  -160.643,    14.310,   -31.116,    -0.000,   160.000,   -31.116,   115.357,   114.310,   -31.116,   482.643,    44.690,    30.000,     1.000,     0.000,     0.000,     0.000,kComUpDown,0,1
0001110001001011010011110100,    15.357,  -143.690,   -20.000,   117.357,  -161.290,   -31.116,  -120.643,  -183.690,   -20.000,  -160.643,    14.310,   -31.116,  -102.643,   131.910,   -20.000,   115.357,   114.310,   -31.116,   113.137,  -113.137,   -31.116,   117.357,  -161.290,   -31.116,  -113.137,  -113.137,   -31.116,  -160.643,    14.310,   -31.116,    -0.000,   160.000,   -31.116,   115.357,   114.310,   -31.116,   482.643,    44.690,    30.000,     1.000,     0.000,     0.000,     0.000,kComMove,0,1
0001110001001100010011000100,    15.357,  -143.690,   -20.000,    81.626,  -115.410,   -31.116,  -120.643,  -183.690,   -20.000,  -196.374,    60.190,   -31.116,  -102.643,   131.910,   -20.000,    79.626,   160.190,   -31.116,   113.137,  -113.137,   -31.116,    81.626,  -115.410,   -31.116,  -113.137,  -113.137,   -31.116,  -196.374,    60.190,   -31.116,    -0.000,   160.000,   -31.116,    79.626,   160.190,   -31.116,   518.374,    -1.190,    30.000,     1.000,     0.000,     0.000,     0.000,kLegHierarchyChange,0,1
0001110001001100011111000100,    15.357,  -143.690,   -20.000,    81.626,  -115.410,   -31.116,  -120.643,  -183.690,   -20.000,  -196.374,    60.190,   -31.116,  -102.643,   131.910,   -20.000,    79.626,   160.190,   -31.116,   113.137,  -113.137,   -31.116,    81.626,  -115.410,   -31.116,  -113.137,  -113.137,   -31.116,  -196.374,    60.190,   -31.116,    -0.000,   160.000,   -31.116,    79.626,   160.190,   -31.116,   518.374,    -1.190,    30.000,     1.000,     0.000,     0.000,     0.000,kLegUpDown,0,1
0001010011000100111101001100,   119.626,  -117.810,   -31.116,    81.626,  -115.410,   -20.000,   -16.374,  -177.810,   -31.116,  -196.374,    60.190,   -20.000,     1.626,   157.790,   -31.116,    79.626,   160.190,   -20.000,   119.626,  -117.810,   -31.116,    -0.000,  -160.000,   -31.116,   -16.374,  -177.810,   -31.116,  -113.137,   113.137,   -31.116,     1.626,   157.790,   -31.116,   113.137,   113.137,   -31.116,   518.374,    -1.190,    30.000,     1.000,     0.000,     0.000,     0.000,kComUpDown,0,1
0001010011000100111101001100,   119.626,  -117.810,   -31.116,    81.626,  -115.410,   -20.000,   -16.374,  -177.810,   -31.116,  -196.374,    60.190,   -20.000,     1.626,   157.790,   -31.116,    79.626,   160.190,   -20.000,   119.626,  -117.810,   -31.116,    -0.000,  -160.000,   -31.116,   -16.374,  -177.810,   -31.116,  -113.137,   113.137,   -31.116,     1.626,   157.790,   -31.116,   113.137,   113.137,   -31.116,   518.374,    -1.190,    30.000,     1.000,     0.000,     0.000,     0.000,kComMove,0,1
0001010011000100110001001100,    16.740,  -142.811,   -31.116,    81.626,  -115.410,   -20.000,  -119.260,  -202.811,   -31.116,  -196.374,    60.190,   -20.000,  -101.260,   132.789,   -31.116,    79.626,   160.190,   -20.000,    16.740,  -142.811,   -31.116,    -0.000,  -160.000,   -31.116,  -119.260,  -202.811,   -31.116,  -113.137,   113.137,   -31.116,  -101.260,   132.789,   -31.116,   113.137,   113.137,   -31.116,   621.260,    23.811,    30.000,     1.000,     0.000,     0.000,     0.000,kLegHierarchyChange,0,1
0001011111000001110001111100,    16.740,  -142.811,   -31.116,    81.626,  -115.410,   -20.000,  -119.260,  -202.811,   -31.116,  -196.374,    60.190,   -20.000,  -101.260,   132.789,   -31.116,    79.626,   160.190,   -20.000,    16.740,  -142.811,   -31.116,    -0.000,  -160.000,   -31.116,  -119.260,  -202.811,   -31.116,  -113.137,   113.137,   -31.116,  -101.260,   132.789,   -31.116,   113.137,   113.137,   -31.116,   621.260,    23.811,    30.000,     1.000,     0.000,     0.000,     0.000,kLegUpDown,0,1
0001111101001001010011110100,    16.740,  -142.811,   -20.000,   118.740,  -160.411,   -31.116,  -119.260,  -202.811,   -20.000,  -139.260,    15.189,   -31.116,  -101.260,   132.789,   -20.000,   236.740,    35.189,   -31.116,   113.137,  -113.137,   -31.116,   118.740,  -160.411,   -31.116,  -113.137,  -113.137,   -31.116,  -139.260,    15.189,   -31.116,    -0.000,   160.000,   -31.116,   236.740,    35.189,   -31.116,   621.260,    23.811,    30.000,     1.000,     0.000,     0.000,     0.000,kComUpDown,0,1
0001111101001001010011110100,    16.740,  -142.811,   -20.000,   118.740,  -160.411,   -31.116,  -119.260,  -202.811,   -20.000,  -139.260,    15.189,   -31.116,  -101.260,   132.789,   -20.000,   236.740,    35.189,   -31.116,   113.137,  -113.137,   -31.116,   118.740,  -160.411,   -31.116,  -113.137,  -113.137,   -31.116,  -139.260,    15.189,   -31.116,    -0.000,   160.000,   -31.116,   236.740,    35.189,   -31.116,   621.260,    23.811,    30.000,     1.000,     0.000,     0.000,     0.000,kComMove,0,1
0110110001001100010011000100,    16.740,  -142.811,   -20.000,    90.554,  -138.267,   -31.116,  -119.260,  -202.811,   -20.000,  -167.446,    37.333,   -31.116,  -101.260,   132.789,   -20.000,   208.554,    57.333,   -31.116,   113.137,  -113.137,   -31.116,    90.554,  -138.267,   -31.116,  -113.137,  -113.137,   -31.116,  -167.446,    37.333,   -31.116,    -0.000,   160.000,   -31.116,   208.554,    57.333,   -31.116,   649.446,     1.667,    30.000,     1.000,     0.000,     0.000,     0.000,kLegHierarchyChange,0,1
0110110001111100011111000111,    16.740,  -142.811,   -20.000,    90.554,  -138.267,   -31.116,  -119.260,  -202.811,   -20.000,  -167.446,    37.333,   -31.116,  -101.260,   132.789,   -20.000,   208.554,    57.333,   -31.116,   113.137,  -113.137,   -31.116,    90.554,  -138.267,   -31.116,  -113.137,  -113.137,   -31.116,  -167.446,    37.333,   -31.116,    -0.000,   160.000,   -31.116,   208.554,    57.333,   -31.116,   649.446,     1.667,    30.000,     1.000,     0.000,     0.000,     0.000,kLegUpDown,0,1
0110110001111100011111001111,   228.554,   -20.667,   -31.116,    90.554,  -138.267,   -31.116,  -119.260,  -202.811,   -20.000,  -167.446,    37.333,   -31.116,  -101.260,   132.789,   -20.000,   208.554,    57.333,   -31.116,   228.554,   -20.667,   -31.116,    90.554,  -138.267,   -31.116,  -113.137,  -113.137,   -31.116,  -167.446,    37.333,   -31.116,    -0.000,   160.000,   -31.116,   208.554,    57.333,   -31.116,   649.446,     1.667,    30.000,     1.000,     0.000,     0.000,     0.000,kComUpDown,0,1
0110110001111100011111001111,   228.554,   -20.667,   -31.116,    90.554,  -138.267,   -31.116,  -119.260,  -202.811,   -20.000,  -167.446,    37.333,   -31.116,  -101.260,   132.789,   -20.000,   208.554,    57.333,   -31.116,   228.554,   -20.667,   -31.116,    90.554,  -138.267,   -31.116,  -113.137,  -113.137,   -31.116,  -167.446,    37.333,   -31.116,    -0.000,   160.000,   -31.116,   208.554,    57.333,   -31.116,   649.446,     1.667,    30.000,     1.000,     0.000,     0.000,     0.000,kComMove,0,1
0110110001001100010011001100,   155.563,   -27.928,   -31.116,    17.563,  -145.528,   -31.116,  -119.260,  -202.811,   -20.000,  -240.437,    30.072,   -31.116,  -101.260,   132.789,   -20.000,   135.563,    50.072,   -31.116,   155.563,   -27.928,   -31.116,    17.563,  -145.528,   -31.116,  -113.137,  -113.137,   -31.116,  -240.437,    30.072,   -31.116,    -0.000,   160.000,   -31.116,   135.563,    50.072,   -31.116,   722.437,     8.928,    30.000,     1.000,     0.000,     0.000,     0.000,kLegHierarchyChange,0,1
0110110001001100010111001100,   155.563,   -27.928,   -31.116,    17.563,  -145.528,   -31.116,  -119.260,  -202.811,   -20.000,  -240.437,    30.072,   -31.116,  -101.260,   132.789,   -20.000,   135.563,    50.072,   -31.116,   155.563,   -27.928,   -31.116,    17.563,  -145.528,   -31.116,  -113.137,  -113.137,   -31.116,  -240.437,    30.072,   -31.116,    -0.000,   160.000,   -31.116,   135.563,    50.072,   -31.116,   722.437,     8.928,    30.000,     1.000,     0.000,     0.000,     0.000,kLegUpDown,0,1
0110010011000100110101001100,   155.563,   -27.928,   -31.116,    17.563,  -145.528,   -20.000,   -20.437,  -147.928,   -31.116,  -240.437,    30.072,   -20.000,    -2.437,   167.672,   -31.116,   135.563,    50.072,   -20.000,   155.563,   -27.928,   -31.116,    -0.000,  -160.000,   -31.116,   -20.437,  -147.928,   -31.116,  -113.137,   113.137,   -31.116,    -2.437,   167.672,   -31.116,   113.137,   113.137,   -31.116,   722.437,     8.928,    30.000,     1.000,     0.000,     0.000,     0.000,kComUpDown,0,1
0110010011000100110101001100,   155.563,   -27.928,   -31.116,    17.563,  -145.528,   -20.000,   -20.437,  -147.928,   -31.116,  -240.437,    30.072,   -20.000,    -2.437,   167.672,   -31.116,   135.563,    50.072,   -20.000,   155.563,   -27.928,   -31.116,    -0.000,  -160.000,   -31.116,   -20.437,  -147.928,   -31.116,  -113.137,   113.137,   -31.116,    -2.437,   167.672,   -31.116,   113.137,   113.137,   -31.116,   722.437,     8.928,    30.000,     1.000,     0.000,     0.000,     0.000,kComMove,0,1
0110010011000100110001001100,   134.535,   -51.005,   -31.116,    17.563,  -145.528,   -20.000,   -41.465,  -171.005,   -31.116,  -240.437,    30.072,   -20.000,   -23.465,   144.595,   -31.116,   135.563,    50.072,   -20.000,   134.535,   -51.005,   -31.116,    -0.000,  -160.000,   -31.116,   -41.465,  -171.005,   -31.116,  -113.137,   113.137,   -31.116,   -23.465,   144.595,   -31.116,   113.137,   113.137,   -31.116,   743.465,    32.005,    30.000,     1.000,     0.000,     0.000,     0.000,kLegHierarchyChange,0,1
0110011111000111110001001100,   134.535,   -51.005,   -31.116,    17.563,  -145.528,   -20.000,   -41.465,  -171.005,   -31.116,  -240.437,    30.072,   -20.000,   -23.465,   144.595,   -31.116,   135.563,    50.072,   -20.000,   134.535,   -51.005,   -31.116,    -0.000,  -160.000,   -31.116,   -41.465,  -171.005,   -31.116,  -113.137,   113.137,   -31.116,   -23.465,   144.595,   -31.116,   113.137,   113.137,   -31.116,   743.465,    32.005,    30.000,     1.000,     0.000,     0.000,     0.000,kLegUpDown,0,1
0110111111000111110011000100,   134.535,   -51.005,   -20.000,    -3.465,  -168.605,   -31.116,   -41.465,  -171.005,   -31.116,  -240.437,    30.072,   -20.000,   -23.465,   144.595,   -31.116,   234.535,    26.995,   -31.116,   113.137,  -113.137,   -31.116,    -3.465,  -168.605,   -31.116,   -41.465,  -171.005,   -31.116,  -113.137,   113.137,   -31.116,   -23.465,   144.595,   -31.116,   234.535,    26.995,   -31.116,   743.465,    32.005,    30.000,     1.000,     0.000,     0.000,     0.000,kComUpDown,0,1
0110111111000111110011000100,   134.535,   -51.005,   -20.000,    -3.465,  -168.605,   -31.116,   -41.465,  -171.005,   -31.116,  -240.437,    30.072,   -20.000,   -23.465,   144.595,   -31.116,   234.535,    26.995,   -31.116,   113.137,  -113.137,   -31.116,    -3.465,  -168.605,   -31.116,   -41.465,  -171.005,   -31.116,  -113.137,   113.137,   -31.116,   -23.465,   144.595,   -31.116,   234.535,    26.995,   -31.116,   743.465,    32.005,    30.000,     1.000,     0.000,     0.000,     0.000,kComMove,0,1
0110110011000100110011000100,   134.535,   -51.005,   -20.000,  -106.738,  -135.440,   -31.116,  -144.738,  -137.840,   -31.116,  -240.437,    30.072,   -20.000,  -126.738,   177.760,   -31.116,   131.262,    60.160,   -31.116,   113.137,  -113.137,   -31.116,  -106.738,  -135.440,   -31.116,  -144.738,  -137.840,   -31.116,  -113.137,   113.137,   -31.116,  -126.738,   177.760,   -31.116,   131.262,    60.160,   -31.116,   846.738,    -1.160,    30.000,     1.000,     0.000,     0.000,     0.000,kLegHierarchyChange,0,1
0110110011000111110011000111,   134.535,   -51.005,   -20.000,  -106.738,  -135.440,   -31.116,  -144.738,  -137.840,   -31.116,  -240.437,    30.072,   -20.000,  -126.738,   177.760,   -31.116,   131.262,    60.160,   -31.116,   113.137,  -113.137,   -31.116,  -106.738,  -135.440,   -31.116,  -144.738,  -137.840,   -31.116,  -113.137,   113.137,   -31.116,  -126.738,   177.760,   -31.116,   131.262,    60.160,   -31.116,   846.738,    -1.160,    30.000,     1.000,     0.000,     0.000,     0.000,kLegUpDown,0,1
0110010001001111110001001111,   191.262,   -17.840,   -31.116,  -106.738,  -135.440,   -20.000,  -144.738,  -137.840,   -31.116,   -24.738,   160.160,   -31.116,  -126.738,   177.760,   -20.000,   131.262,    60.160,   -20.000,   191.262,   -17.840,   -31.116,    -0.000,  -160.000,   -31.116,  -144.738,  -137.840,   -31.116,   -24.738,   160.160,   -31.116,    -0.000,   160.000,   -31.116,   113.137,   113.137,   -31.116,   846.738,    -1.160,    30.000,     1.000,     0.000,     0.000,     0.000,kComUpDown,0,1
0110010001001111110001001111,   191.262,   -17.840,   -31.116,  -106.738,  -135.440,   -20.000,  -144.738,  -137.840,   -31.116,   -24.738,   160.160,   -31.116,  -126.738,   177.760,   -20.000,   131.262,    60.160,   -20.000,   191.262,   -17.840,   -31.116,    -0.000,  -160.000,   -31.116,  -144.738,  -137.840,   -31.116,   -24.738,   160.160,   -31.116,    -0.000,   160.000,   -31.116,   113.137,   113.137,   -31.116,   846.738,    -1.160,    30.000,     1.000,     0.000,     0.000,     0.000,kComMove,0,1
0111010001001100110001001100,   164.995,   -38.187,   -31.116,  -106.738,  -135.440,   -20.000,  -171.005,  -158.187,   -31.116,   -51.005,   139.813,   -31.116,  -126.738,   177.760,   -20.000,   131.262,    60.160,   -20.000,   164.995,   -38.187,   -31.116,    -0.000,  -160.000,   -31.116,  -171.005,  -158.187,   -31.116,   -51.005,   139.813,   -31.116,    -0.000,   160.000,   -31.116,   113.137,   113.137,   -31.116,   873.005,    19.187,    30.000,     1.000,     0.000,     0.000,     0.000,kLegHierarchyChange,0,1
0111011101111100110001001100,   164.995,   -38.187,   -31.116,  -106.738,  -135.440,   -20.000,  -171.005,  -158.187,   -31.116,   -51.005,   139.813,   -31.116,  -126.738,   177.760,   -20.000,   131.262,    60.160,   -20.000,   164.995,   -38.187,   -31.116,    -0.000,  -160.000,   -31.116,  -171.005,  -158.187,   -31.116,   -51.005,   139.813,   -31.116,    -0.000,   160.000,   -31.116,   113.137,   113.137,   -31.116,   873.005,    19.187,    30.000,     1.000,     0.000,     0.000,     0.000,kLegUpDown,0,1
0111111111111100010011000100,   164.995,   -38.187,   -20.000,     6.995,  -155.787,   -31.116,  -171.005,  -158.187,   -20.000,   -51.005,   139.813,   -31.116,   106.995,   137.413,   -31.116,   224.995,    19.813,   -31.116,   113.137,  -113.137,   -31.116,     6.995,  -155.787,   -31.116,  -113.137,  -113.137,   -31.116,   -51.005,   139.813,   -31.116,   106.995,   137.413,   -31.116,   224.995,    19.813,   -31.116,   873.005,    19.187,    30.000,     1.000,     0.000,     0.000,     0.000,kComUpDown,0,1
0111111111111100010011000100,   164.995,   -38.187,   -20.000,     6.995,  -155.787,   -31.116,  -171.005,  -158.187,   -20.000,   -51.005,   139.813,   -31.116,   106.995,   137.413,   -31.116,   224.995,    19.813,   -31.116,   113.137,  -113.137,   -31.116,     6.995,  -155.787,   -31.116,  -113.137,  -113.137,   -31.116,   -51.005,   139.813,   -31.116,   106.995,   137.413,   -31.116,   224.995,    19.813,   -31.116,   873.005,    19.187,    30.000,     1.000,     0.000,     0.000,     0.000,kComMove,0,1
0111110011001100010011000100,   164.995,   -38.187,   -20.000,   -81.721,  -127.040,   -31.116,  -171.005,  -158.187,   -20.000,  -139.721,   168.560,   -31.116,    18.279,   166.160,   -31.116,   136.279,    48.560,   -31.116,   113.137,  -113.137,   -31.116,   -81.721,  -127.040,   -31.116,  -113.137,  -113.137,   -31.116,  -139.721,   168.560,   -31.116,    18.279,   166.160,   -31.116,   136.279,    48.560,   -31.116,   961.721,    -9.560,    30.000,     1.000,     0.000,     0.000,     0.000,kLegHierarchyChange,0,1
0111110011001100010111000111,   164.995,   -38.187,   -20.000,   -81.721,  -127.040,   -31.116,  -171.005,  -158.187,   -20.000,  -139.721,   168.560,   -31.116,    18.279,   166.160,   -31.116,   136.279,    48.560,   -31.116,   113.137,  -113.137,   -31.116,   -81.721,  -127.040,   -31.116,  -113.137,  -113.137,   -31.116,  -139.721,   168.560,   -31.116,    18.279,   166.160,   -31.116,   136.279,    48.560,   -31.116,   961.721,    -9.560,    30.000,     1.000,     0.000,     0.000,     0.000,kLegUpDown,0,1
0111010011000100110101001111,   236.279,   -29.440,   -31.116,   -81.721,  -127.040,   -20.000,   -19.721,  -149.440,   -31.116,  -139.721,   168.560,   -20.000,    18.279,   166.160,   -31.116,   136.279,    48.560,   -20.000,   236.279,   -29.440,   -31.116,    -0.000,  -160.000,   -31.116,   -19.721,  -149.440,   -31.116,  -113.137,   113.137,   -31.116,    18.279,   166.160,   -31.116,   113.137,   113.137,   -31.116,   961.721,    -9.560,    30.000,     1.000,     0.000,     0.000,     0.000,kComUpDown,0,1
0111010011000100110101001111,   236.279,   -29.440,   -31.116,   -81.721,  -127.040,   -20.000,   -19.721,  -149.440,   -31.116,  -139.721,   168.560,   -20.000,    18.279,   166.160,   -31.116,   136.279,    48.560,   -20.000,   236.279,   -29.440,   -31.116,    -0.000,  -160.000,   -31.116,   -19.721,  -149.440,   -31.116,  -113.137,   113.137,   -31.116,    18.279,   166.160,   -31.116,   113.137,   113.137,   -31.116,   961.721,    -9.560,    30.000,     1.000,     0.000,     0.000,     0.000,kComMove,0,1
0111010011000100110001001100,   132.958,   -56.210,   -31.116,   -81.721,  -127.040,   -20.000,  -123.042,  -176.210,   -31.116,  -139.721,   168.560,   -20.000,   -85.042,   139.390,   -31.116,   136.279,    48.560,   -20.000,   132.958,   -56.210,   -31.116,    -0.000,  -160.000,   -31.116,  -123.042,  -176.210,   -31.116,  -113.137,   113.137,   -31.116,   -85.042,   139.390,   -31.116,   113.137,   113.137,   -31.116,  1065.042,    17.210,    30.000,     1.000,     0.000,     0.000,     0.000,kLegHierarchyChange,0,1
0111011111000001110001001100,   132.958,   -56.210,   -31.116,   -81.721,  -127.040,   -20.000,  -123.042,  -176.210,   -31.116,  -139.721,   168.560,   -20.000,   -85.042,   139.390,   -31.116,   136.279,    48.560,   -20.000,   132.958,   -56.210,   -31.116,    -0.000,  -160.000,   -31.116,  -123.042,  -176.210,   -31.116,  -113.137,   113.137,   -31.116,   -85.042,   139.390,   -31.116,   113.137,   113.137,   -31.116,  1065.042,    17.210,    30.000,     1.000,     0.000,     0.000,     0.000,kLegUpDown,0,1
0111111101001001010011000100,   132.958,   -56.210,   -20.000,    -5.042,  -153.810,   -31.116,  -123.042,  -176.210,   -20.000,  -143.042,    21.790,   -31.116,   -85.042,   139.390,   -20.000,   232.958,    21.790,   -31.116,   113.137,  -113.137,   -31.116,    -5.042,  -153.810,   -31.116,  -113.137,  -113.137,   -31.116,  -143.042,    21.790,   -31.116,    -0.000,   160.000,   -31.116,   232.958,    21.790,   -31.116,  1065.042,    17.210,    30.000,     1.000,     0.000,     0.000,     0.000,kComUpDown,0,1
0111111101001001010011000100,   132.958,   -56.210,   -20.000,    -5.042,  -153.810,   -31.116,  -123.042,  -176.210,   -20.000,  -143.042,    21.790,   -31.116,   -85.042,   139.390,   -20.000,   232.958,    21.790,   -31.116,   113.137,  -113.137,   -31.116,    -5.042,  -153.810,   -31.116,  -113.137,  -113.137,   -31.116,  -143.042,    21.790,   -31.116,    -0.000,   160.000,   -31.116,   232.958,    21.790,   -31.116,  1065.042,    17.210,    30.000,     1.000,     0.000,     0.000,     0.000,kComMove,0,1
0110110001001100010011000100,   132.958,   -56.210,   -20.000,  -101.197,  -139.617,   -31.116,  -123.042,  -176.210,   -20.000,  -239.197,    35.983,   -31.116,   -85.042,   139.390,   -20.000,   136.803,    35.983,   -31.116,   113.137,  -113.137,   -31.116,  -101.197,  -139.617,   -31.116,  -113.137,  -113.137,   -31.116,  -239.197,    35.983,   -31.116,    -0.000,   160.000,   -31.116,   136.803,    35.983,   -31.116,  1161.197,     3.017,    30.000,     1.000,     0.000,     0.000,     0.000,kLegHierarchyChange,0,1
0110110001001100010111000100,   132.958,   -56.210,   -20.000,  -101.197,  -139.617,   -31.116,  -123.042,  -176.210,   -20.000,  -239.197,    35.983,   -31.116,   -85.042,   139.390,   -20.000,   136.803,    35.983,   -31.116,   113.137,  -113.137,   -31.116,  -101.197,  -139.617,   -31.116,  -113.137,  -113.137,   -31.116,  -239.197,    35.983,   -31.116,    -0.000,   160.000,   -31.116,   136.803,    35.983,   -31.116,  1161.197,     3.017,    30.000,     1.000,     0.000,     0.000,     0.000,kLegUpDown,0,1
0110010011000100110101001100,   116.803,  -122.017,   -31.116,  -101.197,  -139.617,   -20.000,   -19.197,  -142.017,   -31.116,  -239.197,    35.983,   -20.000,    -1.197,   153.583,   -31.116,   136.803,    35.983,   -20.000,   116.803,  -122.017,   -31.116,    -0.000,  -160.000,   -31.116,   -19.197,  -142.017,   -31.116,  -113.137,   113.137,   -31.116,    -1.197,   153.583,   -31.116,   113.137,   113.137,   -31.116,  1161.197,     3.017,    30.000,     1.000,     0.000,     0.000,     0.000,kComUpDown,0,1
0110010011000100110101001100,   116.803,  -122.017,   -31.116,  -101.197,  -139.617,   -20.000,   -19.197,  -142.017,   -31.116,  -239.197,    35.983,   -20.000,    -1.197,   153.583,   -31.116,   136.803,    35.983,   -20.000,   116.803,  -122.017,   -31.116,    -0.000,  -160.000,   -31.116,   -19.197,  -142.017,   -31.116,  -113.137,   113.137,   -31.116,    -1.197,   153.583,   -31.116,   113.137,   113.137,   -31.116,  1161.197,     3.017,    30.000,     1.000,     0.000,     0.000,     0.000,kComMove,0,1
0110010011000100110001001100,    20.065,  -147.658,   -31.116,  -101.197,  -139.617,   -20.000,  -115.935,  -167.658,   -31.116,  -239.197,    35.983,   -20.000,   -97.935,   127.942,   -31.116,   136.803,    35.983,   -20.000,    20.065,  -147.658,   -31.116,    -0.000,  -160.000,   -31.116,  -115.935,  -167.658,   -31.116,  -113.137,   113.137,   -31.116,   -97.935,   127.942,   -31.116,   113.137,   113.137,   -31.116,  1257.935,    28.658,    30.000,     1.000,     0.000,     0.000,     0.000,kLegHierarchyChange,0,1
