1000110011001100110011001100,   113.137,  -113.137,   -30.000,    -0.000,  -160.000,   -30.000,  -113.137,  -113.137,   -30.000,  -113.137,   113.137,   -30.000,    -0.000,   160.000,   -30.000,   113.137,   113.137,   -30.000,   113.137,  -113.137,   -30.000,    -0.000,  -160.000,   -30.000,  -113.137,  -113.137,   -30.000,  -113.137,   113.137,   -30.000,    -0.000,   160.000,   -30.000,   113.137,   113.137,   -30.000,    21.222,    -1.855,    30.000,     1.000,     0.000,     0.000,     0.000,kLegHierarchyChange,-1,0
1000110011001100110011001100,   113.137,  -113.137,   -30.000,    -0.000,  -160.000,   -30.000,  -113.137,  -113.137,   -30.000,  -113.137,   113.137,   -30.000,    -0.000,   160.000,   -30.000,   113.137,   113.137,   -30.000,   113.137,  -113.137,   -30.000,    -0.000,  -160.000,   -30.000,  -113.137,  -113.137,   -30.000,  -113.137,   113.137,   -30.000,    -0.000,   160.000,   -30.000,   113.137,   113.137,   -30.000,    21.222,    -1.855,    30.000,     1.000,     0.000,     0.000,     0.000,kLegUpDown,0,1
1000010011001100010011001100,   113.137,  -113.137,   -30.000,    -0.000,  -160.000,   -30.000,  -113.137,  -113.137,   -20.000,  -113.137,   113.137,   -30.000,    -0.000,   160.000,   -30.000,   113.137,   113.137,   -20.000,   113.137,  -113.137,   -30.000,    -0.000,  -160.000,   -30.000,  -113.137,  -113.137,   -30.000,  -113.137,   113.137,   -30.000,    -0.000,   160.000,   -30.000,   113.137,   113.137,   -30.000,    21.222,    -1.855,    30.000,     1.000,     0.000,     0.000,     0.000,kComUpDown,0,1
1000010011001100010011001100,   113.137,  -113.137,   -30.000,    -0.000,  -160.000,   -30.000,  -113.137,  -113.137,   -20.000,  -113.137,   113.137,   -30.000,    -0.000,   160.000,   -30.000,   113.137,   113.137,   -20.000,   113.137,  -113.137,   -30.000,    -0.000,  -160.000,   -30.000,  -113.137,  -113.137,   -30.000,  -113.137,   113.137,   -30.000,    -0.000,   160.000,   -30.000,   113.137,   113.137,   -30.000,    21.222,    -1.855,    30.000,     1.000,     0.000,     0.000,     0.000,kComMove,0,1
0001010011001100010011001100,    14.049,  -143.132,   -30.000,   -99.088,  -189.995,   -30.000,  -113.137,  -113.137,   -20.000,  -212.225,    83.142,   -30.000,   -99.088,   130.005,   -30.000,   113.137,   113.137,   -20.000,    14.049,  -143.132,   -30.000,   -99.088,  -189.995,   -30.000,  -113.137,  -113.137,   -30.000,  -212.225,    83.142,   -30.000,   -99.088,   130.005,   -30.000,   113.137,   113.137,   -30.000,   120.310,    28.140,    30.000,     1.000,     0.000,     0.000,     0.000,kLegHierarchyChange,0,1
0001011111001100011111001100,    14.049,  -143.132,   -30.000,   -99.088,  -189.995,   -30.000,  -113.137,  -113.137,   -20.000,  -212.225,    83.142,   -30.000,   -99.088,   130.005,   -30.000,   113.137,   113.137,   -20.000,    14.049,  -143.132,   -30.000,   -99.088,  -189.995,   -30.000,  -113.137,  -113.137,   -30.000,  -212.225,    83.142,   -30.000,   -99.088,   130.005,   -30.000,   113.137,   113.137,   -30.000,   120.310,    28.140,    30.000,     1.000,     0.000,     0.000,     0.000,kLegUpDown,0,1
0001111101001100011101001100,    14.049,  -143.132,   -30.000,   -99.088,  -189.995,   -20.000,  -113.137,  -113.137,   -20.000,  -212.225,    83.142,   -30.000,   -99.088,   130.005,   -20.000,   157.690,    30.860,   -31.116,    14.049,  -143.132,   -30.000,    -0.000,  -160.000,   -30.000,  -113.137,  -113.137,   -30.000,  -212.225,    83.142,   -30.000,    -0.000,   160.000,   -30.000,   157.690,    30.860,   -31.116,   120.310,    28.140,    30.000,     1.000,     0.000,     0.000,     0.000,kComUpDown,0,1
0001111101001100011101001100,    14.049,  -143.132,   -30.000,   -99.088,  -189.995,   -20.000,  -113.137,  -113.137,   -20.000,  -212.225,    83.142,   -30.000,   -99.088,   130.005,   -20.000,   157.690,    30.860,   -31.116,    14.049,  -143.132,   -30.000,    -0.000,  -160.000,   -30.000,  -113.137,  -113.137,   -30.000,  -212.225,    83.142,   -30.000,    -0.000,   160.000,   -30.000,   157.690,    30.860,   -31.116,   120.310,    28.140,    30.000,     1.000,     0.000,     0.000,     0.000,kComMove,0,1
0110110001001100010001001100,    13.840,  -148.682,   -30.000,   -99.088,  -189.995,   -20.000,  -113.137,  -113.137,   -20.000,  -212.434,    77.592,   -30.000,   -99.088,   130.005,   -20.000,   157.481,    25.311,   -31.116,    13.840,  -148.682,   -30.000,    -0.000,  -160.000,   -30.000,  -113.137,  -113.137,   -30.000,  -212.434,    77.592,   -30.000,    -0.000,   160.000,   -30.000,   157.481,    25.311,   -31.116,   120.519,    33.689,    30.000,     1.000,     0.000,     0.000,     0.000,kLegHierarchyChange,0,1
0110110001001100010001111100,    13.840,  -148.682,   -30.000,   -99.088,  -189.995,   -20.000,  -113.137,  -113.137,   -20.000,  -212.434,    77.592,   -30.000,   -99.088,   130.005,   -20.000,   157.481,    25.311,   -31.116,    13.840,  -148.682,   -30.000,    -0.000,  -160.000,   -30.000,  -113.137,  -113.137,   -30.000,  -212.434,    77.592,   -30.000,    -0.000,   160.000,   -30.000,   157.481,    25.311,   -31.116,   120.519,    33.689,    30.000,     1.000,     0.000,     0.000,     0.000,kLegUpDown,0,1
0110010011000100110001111100,    13.840,  -148.682,   -30.000,   -99.088,  -189.995,   -20.000,  -118.519,  -112.689,   -31.116,  -212.434,    77.592,   -20.000,    -0.519,   162.911,   -31.116,   157.481,    25.311,   -20.000,    13.840,  -148.682,   -30.000,    -0.000,  -160.000,   -30.000,  -118.519,  -112.689,   -31.116,  -113.137,   113.137,   -30.000,    -0.519,   162.911,   -31.116,   113.137,   113.137,   -31.116,   120.519,    33.689,    30.000,     1.000,     0.000,     0.000,     0.000,kComUpDown,0,1
0110010011000100110001111100,    13.840,  -148.682,   -30.000,   -99.088,  -189.995,   -20.000,  -118.519,  -112.689,   -31.116,  -212.434,    77.592,   -20.000,    -0.519,   162.911,   -31.116,   157.481,    25.311,   -20.000,    13.840,  -148.682,   -30.000,    -0.000,  -160.000,   -30.000,  -118.519,  -112.689,   -31.116,  -113.137,   113.137,   -30.000,    -0.519,   162.911,   -31.116,   113.137,   113.137,   -31.116,   120.519,    33.689,    30.000,     1.000,     0.000,     0.000,     0.000,kComMove,0,1
0110010011000100110001001100,    17.338,  -166.983,   -30.000,   -99.088,  -189.995,   -20.000,  -115.021,  -130.991,   -31.116,  -212.434,    77.592,   -20.000,     2.979,   144.609,   -31.116,   157.481,    25.311,   -20.000,    17.338,  -166.983,   -30.000,    -0.000,  -160.000,   -30.000,  -115.021,  -130.991,   -31.116,  -113.137,   113.137,   -30.000,     2.979,   144.609,   -31.116,   113.137,   113.137,   -31.116,   117.021,    51.991,    30.000,     1.000,     0.000,     0.000,     0.000,kLegHierarchyChange,0,1
0110010011000111110001001100,    17.338,  -166.983,   -30.000,   -99.088,  -189.995,   -20.000,  -115.021,  -130.991,   -31.116,  -212.434,    77.592,   -20.000,     2.979,   144.609,   -31.116,   157.481,    25.311,   -20.000,    17.338,  -166.983,   -30.000,    -0.000,  -160.000,   -30.000,  -115.021,  -130.991,   -31.116,  -113.137,   113.137,   -30.000,     2.979,   144.609,   -31.116,   113.137,   113.137,   -31.116,   117.021,    51.991,    30.000,     1.000,     0.000,     0.000,     0.000,kLegUpDown,0,1
0110110001001111010011000100,    17.338,  -166.983,   -20.000,     2.979,  -168.591,   -31.116,  -115.021,  -130.991,   -20.000,   -15.021,   167.009,   -31.116,     2.979,   144.609,   -20.000,   120.979,   107.009,   -31.116,   113.137,  -113.137,   -30.000,     2.979,  -168.591,   -31.116,  -113.137,  -113.137,   -31.116,   -15.021,   167.009,   -31.116,    -0.000,   160.000,   -31.116,   120.979,   107.009,   -31.116,   117.021,    51.991,    30.000,     1.000,     0.000,     0.000,     0.000,kComUpDown,0,1
0110110001001111010011000100,    17.338,  -166.983,   -20.000,     2.979,  -168.591,   -31.116,  -115.021,  -130.991,   -20.000,   -15.021,   167.009,   -31.116,     2.979,   144.609,   -20.000,   120.979,   107.009,   -31.116,   113.137,  -113.137,   -30.000,     2.979,  -168.591,   -31.116,  -113.137,  -113.137,   -31.116,   -15.021,   167.009,   -31.116,    -0.000,   160.000,   -31.116,   120.979,   107.009,   -31.116,   117.021,    51.991,    30.000,     1.000,     0.000,     0.000,     0.000,kComMove,0,1
0110110001001100010011000100,    17.338,  -166.983,   -20.000,   -12.262,  -180.921,   -31.116,  -115.021,  -130.991,   -20.000,   -30.262,   154.679,   -31.116,     2.979,   144.609,   -20.000,   105.738,    94.679,   -31.116,   113.137,  -113.137,   -30.000,   -12.262,  -180.921,   -31.116,  -113.137,  -113.137,   -31.116,   -30.262,   154.679,   -31.116,    -0.000,   160.000,   -31.116,   105.738,    94.679,   -31.116,   132.262,    64.321,    30.000,     1.000,     0.000,     0.000,     0.000,kLegHierarchyChange,0,1
0110110001011100011111000111,    17.338,  -166.983,   -20.000,   -12.262,  -180.921,   -31.116,  -115.021,  -130.991,   -20.000,   -30.262,   154.679,   -31.116,     2.979,   144.609,   -20.000,   105.738,    94.679,   -31.116,   113.137,  -113.137,   -30.000,   -12.262,  -180.921,   -31.116,  -113.137,  -113.137,   -31.116,   -30.262,   154.679,   -31.116,    -0.000,   160.000,   -31.116,   105.738,    94.679,   -31.116,   132.262,    64.321,    30.000,     1.000,     0.000,     0.000,     0.000,kLegUpDown,0,1
0110110001011100011111000111,    17.338,  -166.983,   -20.000,   -12.262,  -180.921,   -31.116,  -115.021,  -130.991,   -20.000,   -30.262,   154.679,   -31.116,     2.979,   144.609,   -20.000,   105.738,    94.679,   -31.116,   113.137,  -113.137,   -30.000,   -12.262,  -180.921,   -31.116,  -113.137,  -113.137,   -31.116,   -30.262,   154.679,   -31.116,    -0.000,   160.000,   -31.116,   105.738,    94.679,   -31.116,   132.262,    64.321,    30.000,     1.000,     0.000,     0.000,     0.000,kComUpDown,0,1
0110110001011100011111000111,    17.338,  -166.983,   -20.000,   -12.262,  -180.921,   -31.116,  -115.021,  -130.991,   -20.000,   -30.262,   154.679,   -31.116,     2.979,   144.609,   -20.000,   105.738,    94.679,   -31.116,   113.137,  -113.137,   -30.000,   -12.262,  -180.921,   -31.116,  -113.137,  -113.137,   -31.116,   -30.262,   154.679,   -31.116,    -0.000,   160.000,   -31.116,   105.738,    94.679,   -31.116,   132.262,    64.321,    30.000,     1.000,     0.000,     0.000,     0.000,kComMove,0,1
0001110001001100010011000100,    17.338,  -166.983,   -20.000,   -80.492,  -133.934,   -31.116,  -115.021,  -130.991,   -20.000,   -98.492,   201.666,   -31.116,     2.979,   144.609,   -20.000,    37.508,   141.666,   -31.116,   113.137,  -113.137,   -30.000,   -80.492,  -133.934,   -31.116,  -113.137,  -113.137,   -31.116,   -98.492,   201.666,   -31.116,    -0.000,   160.000,   -31.116,    37.508,   141.666,   -31.116,   200.492,    17.334,    30.000,     1.000,     0.000,     0.000,     0.000,kLegHierarchyChange,0,1
0001110000011100000111000111,    17.338,  -166.983,   -20.000,   -80.492,  -133.934,   -31.116,  -115.021,  -130.991,   -20.000,   -98.492,   201.666,   -31.116,     2.979,   144.609,   -20.000,    37.508,   141.666,   -31.116,   113.137,  -113.137,   -30.000,   -80.492,  -133.934,   -31.116,  -113.137,  -113.137,   -31.116,   -98.492,   201.666,   -31.116,    -0.000,   160.000,   -31.116,    37.508,   141.666,   -31.116,   200.492,    17.334,    30.000,     1.000,     0.000,     0.000,     0.000,kLegUpDown,0,1
0001110010010100100111000111,    17.338,  -166.983,   -20.000,   -80.492,  -133.934,   -31.116,  -158.492,   -16.334,   -31.116,   -98.492,   201.666,   -20.000,   -80.492,   119.266,   -31.116,    37.508,   141.666,   -31.116,   113.137,  -113.137,   -30.000,   -80.492,  -133.934,   -31.116,  -158.492,   -16.334,   -31.116,  -113.137,   113.137,   -31.116,   -80.492,   119.266,   -31.116,    37.508,   141.666,   -31.116,   200.492,    17.334,    30.000,     1.000,     0.000,     0.000,     0.000,kComUpDown,0,1
0001110010010100100111000111,    17.338,  -166.983,   -20.000,   -80.492,  -133.934,   -31.116,  -158.492,   -16.334,   -31.116,   -98.492,   201.666,   -20.000,   -80.492,   119.266,   -31.116,    37.508,   141.666,   -31.116,   113.137,  -113.137,   -30.000,   -80.492,  -133.934,   -31.116,  -158.492,   -16.334,   -31.116,  -113.137,   113.137,   -31.116,   -80.492,   119.266,   -31.116,    37.508,   141.666,   -31.116,   200.492,    17.334,    30.000,     1.000,     0.000,     0.000,     0.000,kComMove,0,1
0001110011000100110011000100,    17.338,  -166.983,   -20.000,   -96.947,  -134.233,   -31.116,  -174.947,   -16.633,   -31.116,   -98.492,   201.666,   -20.000,   -96.947,   118.967,   -31.116,    21.053,   141.367,   -31.116,   113.137,  -113.137,   -30.000,   -96.947,  -134.233,   -31.116,  -174.947,   -16.633,   -31.116,  -113.137,   113.137,   -31.116,   -96.947,   118.967,   -31.116,    21.053,   141.367,   -31.116,   216.947,    17.633,    30.000,     1.000,     0.000,     0.000,     0.000,kLegHierarchyChange,0,1
0001110011000101110011000111,    17.338,  -166.983,   -20.000,   -96.947,  -134.233,   -31.116,  -174.947,   -16.633,   -31.116,   -98.492,   201.666,   -20.000,   -96.947,   118.967,   -31.116,    21.053,   141.367,   -31.116,   113.137,  -113.137,   -30.000,   -96.947,  -134.233,   -31.116,  -174.947,   -16.633,   -31.116,  -113.137,   113.137,   -31.116,   -96.947,   118.967,   -31.116,    21.053,   141.367,   -31.116,   216.947,    17.633,    30.000,     1.000,     0.000,     0.000,     0.000,kLegUpDown,0,1
0001110001001101010011000111,    17.338,  -166.983,   -20.000,   -96.947,  -134.233,   -31.116,  -174.947,   -16.633,   -20.000,   -34.947,   141.367,   -31.116,   -96.947,   118.967,   -20.000,    21.053,   141.367,   -31.116,   113.137,  -113.137,   -30.000,   -96.947,  -134.233,   -31.116,  -113.137,  -113.137,   -31.116,   -34.947,   141.367,   -31.116,    -0.000,   160.000,   -31.116,    21.053,   141.367,   -31.116,   216.947,    17.633,    30.000,     1.000,     0.000,     0.000,     0.000,kComUpDown,0,1
0001110001001101010011000111,    17.338,  -166.983,   -20.000,   -96.947,  -134.233,   -31.116,  -174.947,   -16.633,   -20.000,   -34.947,   141.367,   -31.116,   -96.947,   118.967,   -20.000,    21.053,   141.367,   -31.116,   113.137,  -113.137,   -30.000,   -96.947,  -134.233,   -31.116,  -113.137,  -113.137,   -31.116,   -34.947,   141.367,   -31.116,    -0.000,   160.000,   -31.116,    21.053,   141.367,   -31.116,   216.947,    17.633,    30.000,     1.000,     0.000,     0.000,     0.000,kComMove,0,1
0001110001001100010011000100,    17.338,  -166.983,   -20.000,  -104.693,  -133.564,   -31.116,  -174.947,   -16.633,   -20.000,   -42.693,   142.036,   -31.116,   -96.947,   118.967,   -20.000,    13.307,   142.036,   -31.116,   113.137,  -113.137,   -30.000,  -104.693,  -133.564,   -31.116,  -113.137,  -113.137,   -31.116,   -42.693,   142.036,   -31.116,    -0.000,   160.000,   -31.116,    13.307,   142.036,   -31.116,   224.693,    16.964,    30.000,     1.000,     0.000,     0.000,     0.000,kLegHierarchyChange,0,1
0001110001001100010011000101,    17.338,  -166.983,   -20.000,  -104.693,  -133.564,   -31.116,  -174.947,   -16.633,   -20.000,   -42.693,   142.036,   -31.116,   -96.947,   118.967,   -20.000,    13.307,   142.036,   -31.116,   113.137,  -113.137,   -30.000,  -104.693,  -133.564,   -31.116,  -113.137,  -113.137,   -31.116,   -42.693,   142.036,   -31.116,    -0.000,   160.000,   -31.116,    13.307,   142.036,   -31.116,   224.693,    16.964,    30.000,     1.000,     0.000,     0.000,     0.000,kLegUpDown,0,1
0001010011000100110001001101,   153.307,   -15.964,  -161.116,  -104.693,  -133.564,   -20.000,  -122.693,  -115.964,   -31.116,   -42.693,   142.036,   -20.000,    -4.693,   159.636,   -31.116,    13.307,   142.036,   -20.000,   153.307,   -15.964,  -161.116,    -0.000,  -160.000,   -31.116,  -122.693,  -115.964,   -31.116,  -113.137,   113.137,   -31.116,    -4.693,   159.636,   -31.116,   113.137,   113.137,   -31.116,   224.693,    16.964,    30.000,     1.000,     0.000,     0.000,     0.000,kComUpDown,0,1
0001010011000100110001001101,   153.307,   -15.964,  -161.116,  -104.693,  -133.564,   -20.000,  -122.693,  -115.964,   -31.116,   -42.693,   142.036,   -20.000,    -4.693,   159.636,   -31.116,    13.307,   142.036,   -20.000,   153.307,   -15.964,  -161.116,    -0.000,  -160.000,   -31.116,  -122.693,  -115.964,   -31.116,  -113.137,   113.137,   -31.116,    -4.693,   159.636,   -31.116,   113.137,   113.137,   -31.116,   224.693,    16.964,    30.000,     1.000,     0.000,     0.000,     0.000,kComMove,0,1
0010010011000100110001001100,   138.686,   -32.453,  -161.116,  -104.693,  -133.564,   -20.000,  -137.314,  -132.453,   -31.116,   -42.693,   142.036,   -20.000,   -19.314,   143.147,   -31.116,    13.307,   142.036,   -20.000,   138.686,   -32.453,  -161.116,    -0.000,  -160.000,   -31.116,  -137.314,  -132.453,   -31.116,  -113.137,   113.137,   -31.116,   -19.314,   143.147,   -31.116,   113.137,   113.137,   -31.116,   239.314,    33.453,    30.000,     1.000,     0.000,     0.000,     0.000,kLegHierarchyChange,0,1
0010010011000101110001001100,   138.686,   -32.453,  -161.116,  -104.693,  -133.564,   -20.000,  -137.314,  -132.453,   -31.116,   -42.693,   142.036,   -20.000,   -19.314,   143.147,   -31.116,    13.307,   142.036,   -20.000,   138.686,   -32.453,  -161.116,    -0.000,  -160.000,   -31.116,  -137.314,  -132.453,   -31.116,  -113.137,   113.137,   -31.116,   -19.314,   143.147,   -31.116,   113.137,   113.137,   -31.116,   239.314,    33.453,    30.000,     1.000,     0.000,     0.000,     0.000,kLegUpDown,0,1
0010010011000101110001001100,   138.686,   -32.453,  -161.116,  -104.693,  -133.564,   -20.000,  -137.314,  -132.453,   -31.116,   -42.693,   142.036,   -20.000,   -19.314,   143.147,   -31.116,    13.307,   142.036,   -20.000,   138.686,   -32.453,  -161.116,    -0.000,  -160.000,   -31.116,  -137.314,  -132.453,   -31.116,  -113.137,   113.137,   -31.116,   -19.314,   143.147,   -31.116,   113.137,   113.137,   -31.116,   239.314,    33.453,    30.000,     1.000,     0.000,     0.000,     0.000,kComUpDown,0,1
0010010011000101110001001100,   138.686,   -32.453,  -161.116,  -104.693,  -133.564,   -20.000,  -137.314,  -132.453,   -31.116,   -42.693,   142.036,   -20.000,   -19.314,   143.147,   -31.116,    13.307,   142.036,   -20.000,   138.686,   -32.453,  -161.116,    -0.000,  -160.000,   -31.116,  -137.314,  -132.453,   -31.116,  -113.137,   113.137,   -31.116,   -19.314,   143.147,   -31.116,   113.137,   113.137,   -31.116,   239.314,    33.453,    30.000,     1.000,     0.000,     0.000,     0.000,kComMove,0,1
0010010011000100110001001100,   143.606,   -15.743,  -161.116,  -104.693,  -133.564,   -20.000,  -132.394,  -115.743,   -31.116,   -42.693,   142.036,   -20.000,   -14.394,   159.857,   -31.116,    13.307,   142.036,   -20.000,   143.606,   -15.743,  -161.116,    -0.000,  -160.000,   -31.116,  -132.394,  -115.743,   -31.116,  -113.137,   113.137,   -31.116,   -14.394,   159.857,   -31.116,   113.137,   113.137,   -31.116,   234.394,    16.743,    30.000,     1.000,     0.000,     0.000,     0.000,kLegHierarchyChange,0,1
0010011111000100110001101100,   143.606,   -15.743,  -161.116,  -104.693,  -133.564,   -20.000,  -132.394,  -115.743,   -31.116,   -42.693,   142.036,   -20.000,   -14.394,   159.857,   -31.116,    13.307,   142.036,   -20.000,   143.606,   -15.743,  -161.116,    -0.000,  -160.000,   -31.116,  -132.394,  -115.743,   -31.116,  -113.137,   113.137,   -31.116,   -14.394,   159.857,   -31.116,   113.137,   113.137,   -31.116,   234.394,    16.743,    30.000,     1.000,     0.000,     0.000,     0.000,kLegUpDown,0,1
0010111101001100010011100100,   143.606,   -15.743,   -20.000,    45.606,  -153.343,   -31.116,  -132.394,  -115.743,   -20.000,  -112.394,   122.257,   -31.116,   -14.394,   159.857,   -20.000,   123.606,   102.257,  -161.116,   113.137,  -113.137,  -161.116,    45.606,  -153.343,   -31.116,  -113.137,  -113.137,   -31.116,  -112.394,   122.257,   -31.116,    -0.000,   160.000,   -31.116,   123.606,   102.257,  -161.116,   234.394,    16.743,    30.000,     1.000,     0.000,     0.000,     0.000,kComUpDown,0,1
0010111101001100010011100100,   143.606,   -15.743,   -20.000,    45.606,  -153.343,   -31.116,  -132.394,  -115.743,   -20.000,  -112.394,   122.257,   -31.116,   -14.394,   159.857,   -20.000,   123.606,   102.257,  -161.116,   113.137,  -113.137,  -161.116,    45.606,  -153.343,   -31.116,  -113.137,  -113.137,   -31.116,  -112.394,   122.257,   -31.116,    -0.000,   160.000,   -31.116,   123.606,   102.257,  -161.116,   234.394,    16.743,    30.000,     1.000,     0.000,     0.000,     0.000,kComMove,0,1
0100110001001100010011000100,   143.606,   -15.743,   -20.000,    45.850,  -179.989,   -31.116,  -132.394,  -115.743,   -20.000,  -112.150,    95.611,   -31.116,   -14.394,   159.857,   -20.000,   123.850,    75.611,  -161.116,   113.137,  -113.137,  -161.116,    45.850,  -179.989,   -31.116,  -113.137,  -113.137,   -31.116,  -112.150,    95.611,   -31.116,    -0.000,   160.000,   -31.116,   123.850,    75.611,  -161.116,   234.150,    43.389,    30.000,     1.000,     0.000,     0.000,     0.000,kLegHierarchyChange,0,1
0100110001001100010111000111,   143.606,   -15.743,   -20.000,    45.850,  -179.989,   -31.116,  -132.394,  -115.743,   -20.000,  -112.150,    95.611,   -31.116,   -14.394,   159.857,   -20.000,   123.850,    75.611,  -161.116,   113.137,  -113.137,  -161.116,    45.850,  -179.989,   -31.116,  -113.137,  -113.137,   -31.116,  -112.150,    95.611,   -31.116,    -0.000,   160.000,   -31.116,   123.850,    75.611,  -161.116,   234.150,    43.389,    30.000,     1.000,     0.000,     0.000,     0.000,kLegUpDown,0,1
0100010011000100110101001111,   123.850,  -102.389,  -161.116,    45.850,  -179.989,   -20.000,   -32.150,  -142.389,   -31.116,  -112.150,    95.611,   -20.000,     5.850,   153.211,   -31.116,   123.850,    75.611,   -20.000,   123.850,  -102.389,  -161.116,    -0.000,  -160.000,   -31.116,   -32.150,  -142.389,   -31.116,  -113.137,   113.137,   -31.116,     5.850,   153.211,   -31.116,   113.137,   113.137,  -161.116,   234.150,    43.389,    30.000,     1.000,     0.000,     0.000,     0.000,kComUpDown,0,1
0100010011000100110101001111,   123.850,  -102.389,  -161.116,    45.850,  -179.989,   -20.000,   -32.150,  -142.389,   -31.116,  -112.150,    95.611,   -20.000,     5.850,   153.211,   -31.116,   123.850,    75.611,   -20.000,   123.850,  -102.389,  -161.116,    -0.000,  -160.000,   -31.116,   -32.150,  -142.389,   -31.116,  -113.137,   113.137,   -31.116,     5.850,   153.211,   -31.116,   113.137,   113.137,  -161.116,   234.150,    43.389,    30.000,     1.000,     0.000,     0.000,     0.000,kComMove,0,1
0110010011000100110001001100,    28.317,  -141.985,  -161.116,    45.850,  -179.989,   -20.000,  -127.683,  -181.985,   -31.116,  -112.150,    95.611,   -20.000,   -89.683,   113.615,   -31.116,   123.850,    75.611,   -20.000,    28.317,  -141.985,  -161.116,    -0.000,  -160.000,   -31.116,  -127.683,  -181.985,   -31.116,  -113.137,   113.137,   -31.116,   -89.683,   113.615,   -31.116,   113.137,   113.137,  -161.116,   329.683,    82.985,    30.000,     1.000,     0.000,     0.000,     0.000,kLegHierarchyChange,0,1
0110010011000011110001001100,    28.317,  -141.985,  -161.116,    45.850,  -179.989,   -20.000,  -127.683,  -181.985,   -31.116,  -112.150,    95.611,   -20.000,   -89.683,   113.615,   -31.116,   123.850,    75.611,   -20.000,    28.317,  -141.985,  -161.116,    -0.000,  -160.000,   -31.116,  -127.683,  -181.985,   -31.116,  -113.137,   113.137,   -31.116,   -89.683,   113.615,   -31.116,   113.137,   113.137,  -161.116,   329.683,    82.985,    30.000,     1.000,     0.000,     0.000,     0.000,kLegUpDown,0,1
0110110001001011010011000100,    28.317,  -141.985,   -20.000,    -9.683,  -159.585,   -31.116,  -127.683,  -181.985,   -20.000,  -167.683,    16.015,   -31.116,   -89.683,   113.615,   -20.000,   108.317,   116.015,  -161.116,   113.137,  -113.137,  -161.116,    -9.683,  -159.585,   -31.116,  -113.137,  -113.137,   -31.116,  -167.683,    16.015,   -31.116,    -0.000,   160.000,   -31.116,   108.317,   116.015,  -161.116,   329.683,    82.985,    30.000,     1.000,     0.000,     0.000,     0.000,kComUpDown,0,1
0110110001001011010011000100,    28.317,  -141.985,   -20.000,    -9.683,  -159.585,   -31.116,  -127.683,  -181.985,   -20.000,  -167.683,    16.015,   -31.116,   -89.683,   113.615,   -20.000,   108.317,   116.015,  -161.116,   113.137,  -113.137,  -161.116,    -9.683,  -159.585,   -31.116,  -113.137,  -113.137,   -31.116,  -167.683,    16.015,   -31.116,    -0.000,   160.000,   -31.116,   108.317,   116.015,  -161.116,   329.683,    82.985,    30.000,     1.000,     0.000,     0.000,     0.000,kComMove,0,1
0001110001001100010011000100,    28.317,  -141.985,   -20.000,   -43.548,  -133.958,   -31.116,  -127.683,  -181.985,   -20.000,  -201.548,    41.642,   -31.116,   -89.683,   113.615,   -20.000,    74.452,   141.642,  -161.116,   113.137,  -113.137,  -161.116,   -43.548,  -133.958,   -31.116,  -113.137,  -113.137,   -31.116,  -201.548,    41.642,   -31.116,    -0.000,   160.000,   -31.116,    74.452,   141.642,  -161.116,   363.548,    57.358,    30.000,     1.000,     0.000,     0.000,     0.000,kLegHierarchyChange,0,1
0001110001111100010111000111,    28.317,  -141.985,   -20.000,   -43.548,  -133.958,   -31.116,  -127.683,  -181.985,   -20.000,  -201.548,    41.642,   -31.116,   -89.683,   113.615,   -20.000,    74.452,   141.642,  -161.116,   113.137,  -113.137,  -161.116,   -43.548,  -133.958,   -31.116,  -113.137,  -113.137,   -31.116,  -201.548,    41.642,   -31.116,    -0.000,   160.000,   -31.116,    74.452,   141.642,  -161.116,   363.548,    57.358,    30.000,     1.000,     0.000,     0.000,     0.000,kLegUpDown,0,1
0001110011110100110111000111,    28.317,  -141.985,   -20.000,   -43.548,  -133.958,   -31.116,   -21.548,  -156.358,   -31.116,  -201.548,    41.642,   -20.000,    36.452,   159.242,   -31.116,    74.452,   141.642,  -161.116,   113.137,  -113.137,  -161.116,   -43.548,  -133.958,   -31.116,   -21.548,  -156.358,   -31.116,  -113.137,   113.137,   -31.116,    36.452,   159.242,   -31.116,    74.452,   141.642,  -161.116,   363.548,    57.358,    30.000,     1.000,     0.000,     0.000,     0.000,kComUpDown,0,1
0001110011110100110111000111,    28.317,  -141.985,   -20.000,   -43.548,  -133.958,   -31.116,   -21.548,  -156.358,   -31.116,  -201.548,    41.642,   -20.000,    36.452,   159.242,   -31.116,    74.452,   141.642,  -161.116,   113.137,  -113.137,  -161.116,   -43.548,  -133.958,   -31.116,   -21.548,  -156.358,   -31.116,  -113.137,   113.137,   -31.116,    36.452,   159.242,   -31.116,    74.452,   141.642,  -161.116,   363.548,    57.358,    30.000,     1.000,     0.000,     0.000,     0.000,kComMove,0,1
0001110011000100110011000100,    28.317,  -141.985,   -20.000,  -104.697,  -125.046,   -31.116,   -82.697,  -147.446,   -31.116,  -201.548,    41.642,   -20.000,   -24.697,   168.154,   -31.116,    13.303,   150.554,  -161.116,   113.137,  -113.137,  -161.116,  -104.697,  -125.046,   -31.116,   -82.697,  -147.446,   -31.116,  -113.137,   113.137,   -31.116,   -24.697,   168.154,   -31.116,    13.303,   150.554,  -161.116,   424.697,    48.446,    30.000,     1.000,     0.000,     0.000,     0.000,kLegHierarchyChange,0,1
0001110011000111110011000101,    28.317,  -141.985,   -20.000,  -104.697,  -125.046,   -31.116,   -82.697,  -147.446,   -31.116,  -201.548,    41.642,   -20.000,   -24.697,   168.154,   -31.116,    13.303,   150.554,  -161.116,   113.137,  -113.137,  -161.116,  -104.697,  -125.046,   -31.116,   -82.697,  -147.446,   -31.116,  -113.137,   113.137,   -31.116,   -24.697,   168.154,   -31.116,    13.303,   150.554,  -161.116,   424.697,    48.446,    30.000,     1.000,     0.000,     0.000,     0.000,kLegUpDown,0,1
0001010011000111110001001101,   153.303,   -27.446,  -161.116,  -104.697,  -125.046,   -20.000,   -82.697,  -147.446,   -31.116,  -201.548,    41.642,   -20.000,   -24.697,   168.154,   -31.116,    13.303,   150.554,   -20.000,   153.303,   -27.446,  -161.116,    -0.000,  -160.000,   -31.116,   -82.697,  -147.446,   -31.116,  -113.137,   113.137,   -31.116,   -24.697,   168.154,   -31.116,   113.137,   113.137,  -161.116,   424.697,    48.446,    30.000,     1.000,     0.000,     0.000,     0.000,kComUpDown,0,1
0001010011000111110001001101,   153.303,   -27.446,  -161.116,  -104.697,  -125.046,   -20.000,   -82.697,  -147.446,   -31.116,  -201.548,    41.642,   -20.000,   -24.697,   168.154,   -31.116,    13.303,   150.554,   -20.000,   153.303,   -27.446,  -161.116,    -0.000,  -160.000,   -31.116,   -82.697,  -147.446,   -31.116,  -113.137,   113.137,   -31.116,   -24.697,   168.154,   -31.116,   113.137,   113.137,  -161.116,   424.697,    48.446,    30.000,     1.000,     0.000,     0.000,     0.000,kComMove,0,1
0001010011000100110001001100,   133.964,   -51.628,  -161.116,  -104.697,  -125.046,   -20.000,  -102.036,  -171.628,   -31.116,  -201.548,    41.642,   -20.000,   -44.036,   143.972,   -31.116,    13.303,   150.554,   -20.000,   133.964,   -51.628,  -161.116,    -0.000,  -160.000,   -31.116,  -102.036,  -171.628,   -31.116,  -113.137,   113.137,   -31.116,   -44.036,   143.972,   -31.116,   113.137,   113.137,  -161.116,   444.036,    72.628,    30.000,     1.000,     0.000,     0.000,     0.000,kLegHierarchyChange,0,1
0001011111000101110000011100,   133.964,   -51.628,  -161.116,  -104.697,  -125.046,   -20.000,  -102.036,  -171.628,   -31.116,  -201.548,    41.642,   -20.000,   -44.036,   143.972,   -31.116,    13.303,   150.554,   -20.000,   133.964,   -51.628,  -161.116,    -0.000,  -160.000,   -31.116,  -102.036,  -171.628,   -31.116,  -113.137,   113.137,   -31.116,   -44.036,   143.972,   -31.116,   113.137,   113.137,  -161.116,   444.036,    72.628,    30.000,     1.000,     0.000,     0.000,     0.000,kLegUpDown,0,1
0001111101001101010010010100,   133.964,   -51.628,   -20.000,   -84.036,  -129.228,   -31.116,  -102.036,  -171.628,   -20.000,   -22.036,   146.372,   -31.116,   -44.036,   143.972,   -20.000,   153.964,    46.372,  -161.116,   113.137,  -113.137,  -161.116,   -84.036,  -129.228,   -31.116,  -113.137,  -113.137,   -31.116,   -22.036,   146.372,   -31.116,    -0.000,   160.000,   -31.116,   153.964,    46.372,  -161.116,   444.036,    72.628,    30.000,     1.000,     0.000,     0.000,     0.000,kComUpDown,0,1
0001111101001101010010010100,   133.964,   -51.628,   -20.000,   -84.036,  -129.228,   -31.116,  -102.036,  -171.628,   -20.000,   -22.036,   146.372,   -31.116,   -44.036,   143.972,   -20.000,   153.964,    46.372,  -161.116,   113.137,  -113.137,  -161.116,   -84.036,  -129.228,   -31.116,  -113.137,  -113.137,   -31.116,   -22.036,   146.372,   -31.116,    -0.000,   160.000,   -31.116,   153.964,    46.372,  -161.116,   444.036,    72.628,    30.000,     1.000,     0.000,     0.000,     0.000,kComMove,0,1
0111110001001100010011000100,   133.964,   -51.628,   -20.000,  -104.475,  -130.809,   -31.116,  -102.036,  -171.628,   -20.000,   -42.475,   144.791,   -31.116,   -44.036,   143.972,   -20.000,   133.525,    44.791,  -161.116,   113.137,  -113.137,  -161.116,  -104.475,  -130.809,   -31.116,  -113.137,  -113.137,   -31.116,   -42.475,   144.791,   -31.116,    -0.000,   160.000,   -31.116,   133.525,    44.791,  -161.116,   464.475,    74.209,    30.000,     1.000,     0.000,     0.000,     0.000,kLegHierarchyChange,0,1
0111110001011100010011000100,   133.964,   -51.628,   -20.000,  -104.475,  -130.809,   -31.116,  -102.036,  -171.628,   -20.000,   -42.475,   144.791,   -31.116,   -44.036,   143.972,   -20.000,   133.525,    44.791,  -161.116,   113.137,  -113.137,  -161.116,  -104.475,  -130.809,   -31.116,  -113.137,  -113.137,   -31.116,   -42.475,   144.791,   -31.116,    -0.000,   160.000,   -31.116,   133.525,    44.791,  -161.116,   464.475,    74.209,    30.000,     1.000,     0.000,     0.000,     0.000,kLegUpDown,0,1
0111010011010100110001001100,   113.525,  -113.209,  -161.116,  -104.475,  -130.809,   -20.000,  -122.475,  -113.209,   -31.116,   -42.475,   144.791,   -20.000,    95.525,   122.391,  -161.116,   133.525,    44.791,   -20.000,   113.525,  -113.209,  -161.116,    -0.000,  -160.000,   -31.116,  -122.475,  -113.209,   -31.116,  -113.137,   113.137,   -31.116,    95.525,   122.391,  -161.116,   113.137,   113.137,  -161.116,   464.475,    74.209,    30.000,     1.000,     0.000,     0.000,     0.000,kComUpDown,0,1
0111010011010100110001001100,   113.525,  -113.209,  -161.116,  -104.475,  -130.809,   -20.000,  -122.475,  -113.209,   -31.116,   -42.475,   144.791,   -20.000,    95.525,   122.391,  -161.116,   133.525,    44.791,   -20.000,   113.525,  -113.209,  -161.116,    -0.000,  -160.000,   -31.116,  -122.475,  -113.209,   -31.116,  -113.137,   113.137,   -31.116,    95.525,   122.391,  -161.116,   113.137,   113.137,  -161.116,   464.475,    74.209,    30.000,     1.000,     0.000,     0.000,     0.000,kComMove,0,1
0111010011000100110001001100,    88.992,  -114.805,  -161.116,  -104.475,  -130.809,   -20.000,  -147.008,  -114.805,   -31.116,   -42.475,   144.791,   -20.000,    70.992,   120.795,  -161.116,   133.525,    44.791,   -20.000,    88.992,  -114.805,  -161.116,    -0.000,  -160.000,   -31.116,  -147.008,  -114.805,   -31.116,  -113.137,   113.137,   -31.116,    70.992,   120.795,  -161.116,   113.137,   113.137,  -161.116,   489.008,    75.805,    30.000,     1.000,     0.000,     0.000,     0.000,kLegHierarchyChange,0,1
0111000111000111110001111100,    88.992,  -114.805,  -161.116,  -104.475,  -130.809,   -20.000,  -147.008,  -114.805,   -31.116,   -42.475,   144.791,   -20.000,    70.992,   120.795,  -161.116,   133.525,    44.791,   -20.000,    88.992,  -114.805,  -161.116,    -0.000,  -160.000,   -31.116,  -147.008,  -114.805,   -31.116,  -113.137,   113.137,   -31.116,    70.992,   120.795,  -161.116,   113.137,   113.137,  -161.116,   489.008,    75.805,    30.000,     1.000,     0.000,     0.000,     0.000,kLegUpDown,0,1
0111100101001111010011110100,    88.992,  -114.805,   -20.000,    90.992,  -132.405,  -161.116,  -147.008,  -114.805,   -20.000,   -27.008,   203.195,   -31.116,    70.992,   120.795,   -20.000,    28.992,   143.195,  -161.116,   113.137,  -113.137,  -161.116,    90.992,  -132.405,  -161.116,  -113.137,  -113.137,   -31.116,   -27.008,   203.195,   -31.116,    -0.000,   160.000,  -161.116,    28.992,   143.195,  -161.116,   489.008,    75.805,    30.000,     1.000,     0.000,     0.000,     0.000,kComUpDown,0,1
0111100101001111010011110100,    88.992,  -114.805,   -20.000,    90.992,  -132.405,  -161.116,  -147.008,  -114.805,   -20.000,   -27.008,   203.195,   -31.116,    70.992,   120.795,   -20.000,    28.992,   143.195,  -161.116,   113.137,  -113.137,  -161.116,    90.992,  -132.405,  -161.116,  -113.137,  -113.137,   -31.116,   -27.008,   203.195,   -31.116,    -0.000,   160.000,  -161.116,    28.992,   143.195,  -161.116,   489.008,    75.805,    30.000,     1.000,     0.000,     0.000,     0.000,kComMove,0,1
0011110001001100010011000100,    88.992,  -114.805,   -20.000,    78.494,  -131.287,  -161.116,  -147.008,  -114.805,   -20.000,   -39.506,   204.313,   -31.116,    70.992,   120.795,   -20.000,    16.494,   144.313,  -161.116,   113.137,  -113.137,  -161.116,    78.494,  -131.287,  -161.116,  -113.137,  -113.137,   -31.116,   -39.506,   204.313,   -31.116,    -0.000,   160.000,  -161.116,    16.494,   144.313,  -161.116,   501.506,    74.687,    30.000,     1.000,     0.000,     0.000,     0.000,kLegHierarchyChange,0,1
0011110000111100010011000111,    88.992,  -114.805,   -20.000,    78.494,  -131.287,  -161.116,  -147.008,  -114.805,   -20.000,   -39.506,   204.313,   -31.116,    70.992,   120.795,   -20.000,    16.494,   144.313,  -161.116,   113.137,  -113.137,  -161.116,    78.494,  -131.287,  -161.116,  -113.137,  -113.137,   -31.116,   -39.506,   204.313,   -31.116,    -0.000,   160.000,  -161.116,    16.494,   144.313,  -161.116,   501.506,    74.687,    30.000,     1.000,     0.000,     0.000,     0.000,kLegUpDown,0,1
0011010010110100110001001111,   156.494,   -33.687,  -161.116,    78.494,  -131.287,   -20.000,  -119.506,  -113.687,   -31.116,   -39.506,   204.313,   -20.000,  -101.506,   141.913,   -31.116,    16.494,   144.313,   -20.000,   156.494,   -33.687,  -161.116,    -0.000,  -160.000,  -161.116,  -119.506,  -113.687,   -31.116,  -113.137,   113.137,   -31.116,  -101.506,   141.913,   -31.116,   113.137,   113.137,  -161.116,   501.506,    74.687,    30.000,     1.000,     0.000,     0.000,     0.000,kComUpDown,0,1
0011010010110100110001001111,   156.494,   -33.687,  -161.116,    78.494,  -131.287,   -20.000,  -119.506,  -113.687,   -31.116,   -39.506,   204.313,   -20.000,  -101.506,   141.913,   -31.116,    16.494,   144.313,   -20.000,   156.494,   -33.687,  -161.116,    -0.000,  -160.000,  -161.116,  -119.506,  -113.687,   -31.116,  -113.137,   113.137,   -31.116,  -101.506,   141.913,   -31.116,   113.137,   113.137,  -161.116,   501.506,    74.687,    30.000,     1.000,     0.000,     0.000,     0.000,kComMove,0,1
0010010011000100110001001100,   139.371,   -19.636,  -161.116,    78.494,  -131.287,   -20.000,  -136.629,   -99.636,   -31.116,   -39.506,   204.313,   -20.000,  -118.629,   155.964,   -31.116,    16.494,   144.313,   -20.000,   139.371,   -19.636,  -161.116,    -0.000,  -160.000,  -161.116,  -136.629,   -99.636,   -31.116,  -113.137,   113.137,   -31.116,  -118.629,   155.964,   -31.116,   113.137,   113.137,  -161.116,   518.629,    60.636,    30.000,     1.000,     0.000,     0.000,     0.000,kLegHierarchyChange,0,1
0010011111000111110001111100,   139.371,   -19.636,  -161.116,    78.494,  -131.287,   -20.000,  -136.629,   -99.636,   -31.116,   -39.506,   204.313,   -20.000,  -118.629,   155.964,   -31.116,    16.494,   144.313,   -20.000,   139.371,   -19.636,  -161.116,    -0.000,  -160.000,  -161.116,  -136.629,   -99.636,   -31.116,  -113.137,   113.137,   -31.116,  -118.629,   155.964,   -31.116,   113.137,   113.137,  -161.116,   518.629,    60.636,    30.000,     1.000,     0.000,     0.000,     0.000,kLegUpDown,0,1
0010011111000111110001111100,   139.371,   -19.636,  -161.116,    78.494,  -131.287,   -20.000,  -136.629,   -99.636,   -31.116,   -39.506,   204.313,   -20.000,  -118.629,   155.964,   -31.116,    16.494,   144.313,   -20.000,   139.371,   -19.636,  -161.116,    -0.000,  -160.000,  -161.116,  -136.629,   -99.636,   -31.116,  -113.137,   113.137,   -31.116,  -118.629,   155.964,   -31.116,   113.137,   113.137,  -161.116,   518.629,    60.636,    30.000,     1.000,     0.000,     0.000,     0.000,kComUpDown,0,1
0010011111000111110001111100,   139.371,   -19.636,  -161.116,    78.494,  -131.287,   -20.000,  -136.629,   -99.636,   -31.116,   -39.506,   204.313,   -20.000,  -118.629,   155.964,   -31.116,    16.494,   144.313,   -20.000,   139.371,   -19.636,  -161.116,    -0.000,  -160.000,  -161.116,  -136.629,   -99.636,   -31.116,  -113.137,   113.137,   -31.116,  -118.629,   155.964,   -31.116,   113.137,   113.137,  -161.116,   518.629,    60.636,    30.000,     1.000,     0.000,     0.000,     0.000,kComMove,0,1
0010010011000100110001001100,   143.212,   -37.468,  -161.116,    78.494,  -131.287,   -20.000,  -132.788,  -117.468,   -31.116,   -39.506,   204.313,   -20.000,  -114.788,   138.132,   -31.116,    16.494,   144.313,   -20.000,   143.212,   -37.468,  -161.116,    -0.000,  -160.000,  -161.116,  -132.788,  -117.468,   -31.116,  -113.137,   113.137,   -31.116,  -114.788,   138.132,   -31.116,   113.137,   113.137,  -161.116,   514.788,    78.468,    30.000,     1.000,     0.000,     0.000,     0.000,kLegHierarchyChange,0,1
0010010111000001110001111100,   143.212,   -37.468,  -161.116,    78.494,  -131.287,   -20.000,  -132.788,  -117.468,   -31.116,   -39.506,   204.313,   -20.000,  -114.788,   138.132,   -31.116,    16.494,   144.313,   -20.000,   143.212,   -37.468,  -161.116,    -0.000,  -160.000,  -161.116,  -132.788,  -117.468,   -31.116,  -113.137,   113.137,   -31.116,  -114.788,   138.132,   -31.116,   113.137,   113.137,  -161.116,   514.788,    78.468,    30.000,     1.000,     0.000,     0.000,     0.000,kLegUpDown,0,1
0010110101001001110001110100,   143.212,   -37.468,   -20.000,    78.494,  -131.287,   -20.000,  -132.788,  -117.468,   -31.116,  -152.788,    20.532,   -31.116,  -114.788,   138.132,   -20.000,   143.212,    20.532,  -161.116,   113.137,  -113.137,  -161.116,    -0.000,  -160.000,  -161.116,  -132.788,  -117.468,   -31.116,  -152.788,    20.532,   -31.116,    -0.000,   160.000,   -31.116,   143.212,    20.532,  -161.116,   514.788,    78.468,    30.000,     1.000,     0.000,     0.000,     0.000,kComUpDown,0,1
0010110101001001110001110100,   143.212,   -37.468,   -20.000,    78.494,  -131.287,   -20.000,  -132.788,  -117.468,   -31.116,  -152.788,    20.532,   -31.116,  -114.788,   138.132,   -20.000,   143.212,    20.532,  -161.116,   113.137,  -113.137,  -161.116,    -0.000,  -160.000,  -161.116,  -132.788,  -117.468,   -31.116,  -152.788,    20.532,   -31.116,    -0.000,   160.000,   -31.116,   143.212,    20.532,  -161.116,   514.788,    78.468,    30.000,     1.000,     0.000,     0.000,     0.000,kComMove,0,1
0111110001001100110001000100,   143.212,   -37.468,   -20.000,    78.494,  -131.287,   -20.000,  -143.679,   -90.167,   -31.116,  -163.679,    47.833,   -31.116,  -114.788,   138.132,   -20.000,   132.321,    47.833,  -161.116,   113.137,  -113.137,  -161.116,    -0.000,  -160.000,  -161.116,  -143.679,   -90.167,   -31.116,  -163.679,    47.833,   -31.116,    -0.000,   160.000,   -31.116,   132.321,    47.833,  -161.116,   525.679,    51.167,    30.000,     1.000,     0.000,     0.000,     0.000,kLegHierarchyChange,0,1
0111110001011100110001010100,   143.212,   -37.468,   -20.000,    78.494,  -131.287,   -20.000,  -143.679,   -90.167,   -31.116,  -163.679,    47.833,   -31.116,  -114.788,   138.132,   -20.000,   132.321,    47.833,  -161.116,   113.137,  -113.137,  -161.116,    -0.000,  -160.000,  -161.116,  -143.679,   -90.167,   -31.116,  -163.679,    47.833,   -31.116,    -0.000,   160.000,   -31.116,   132.321,    47.833,  -161.116,   525.679,    51.167,    30.000,     1.000,     0.000,     0.000,     0.000,kLegUpDown,0,1
0111010011010100110001011100,   112.321,  -110.167,  -161.116,    78.494,  -131.287,   -20.000,  -143.679,   -90.167,   -31.116,  -163.679,    47.833,   -20.000,    94.321,   125.433,  -161.116,   132.321,    47.833,   -20.000,   112.321,  -110.167,  -161.116,    -0.000,  -160.000,  -161.116,  -143.679,   -90.167,   -31.116,  -113.137,   113.137,   -31.116,    94.321,   125.433,  -161.116,   113.137,   113.137,  -161.116,   525.679,    51.167,    30.000,     1.000,     0.000,     0.000,     0.000,kComUpDown,0,1
0111010011010100110001011100,   112.321,  -110.167,  -161.116,    78.494,  -131.287,   -20.000,  -143.679,   -90.167,   -31.116,  -163.679,    47.833,   -20.000,    94.321,   125.433,  -161.116,   132.321,    47.833,   -20.000,   112.321,  -110.167,  -161.116,    -0.000,  -160.000,  -161.116,  -143.679,   -90.167,   -31.116,  -113.137,   113.137,   -31.116,    94.321,   125.433,  -161.116,   113.137,   113.137,  -161.116,   525.679,    51.167,    30.000,     1.000,     0.000,     0.000,     0.000,kComMove,0,1
0101010011000100110001001100,   101.917,  -121.000,  -161.116,    78.494,  -131.287,   -20.000,  -154.083,  -101.000,   -31.116,  -163.679,    47.833,   -20.000,    83.917,   114.600,  -161.116,   132.321,    47.833,   -20.000,   101.917,  -121.000,  -161.116,    -0.000,  -160.000,  -161.116,  -154.083,  -101.000,   -31.116,  -113.137,   113.137,   -31.116,    83.917,   114.600,  -161.116,   113.137,   113.137,  -161.116,   536.083,    62.000,    30.000,     1.000,     0.000,     0.000,     0.000,kLegHierarchyChange,0,1
0101011111000111110001011100,   101.917,  -121.000,  -161.116,    78.494,  -131.287,   -20.000,  -154.083,  -101.000,   -31.116,  -163.679,    47.833,   -20.000,    83.917,   114.600,  -161.116,   132.321,    47.833,   -20.000,   101.917,  -121.000,  -161.116,    -0.000,  -160.000,  -161.116,  -154.083,  -101.000,   -31.116,  -113.137,   113.137,   -31.116,    83.917,   114.600,  -161.116,   113.137,   113.137,  -161.116,   536.083,    62.000,    30.000,     1.000,     0.000,     0.000,     0.000,kLegUpDown,0,1
0101011101001111010011011100,   101.917,  -121.000,  -161.116,    83.917,  -118.600,  -161.116,  -154.083,  -101.000,   -20.000,   -34.083,   217.000,   -31.116,    83.917,   114.600,   -20.000,   132.321,    47.833,   -20.000,   101.917,  -121.000,  -161.116,    83.917,  -118.600,  -161.116,  -113.137,  -113.137,   -31.116,   -34.083,   217.000,   -31.116,    -0.000,   160.000,  -161.116,   113.137,   113.137,  -161.116,   536.083,    62.000,    30.000,     1.000,     0.000,     0.000,     0.000,kComUpDown,0,1
0101011101001111010011011100,   101.917,  -121.000,  -161.116,    83.917,  -118.600,  -161.116,  -154.083,  -101.000,   -20.000,   -34.083,   217.000,   -31.116,    83.917,   114.600,   -20.000,   132.321,    47.833,   -20.000,   101.917,  -121.000,  -161.116,    83.917,  -118.600,  -161.116,  -113.137,  -113.137,   -31.116,   -34.083,   217.000,   -31.116,    -0.000,   160.000,  -161.116,   113.137,   113.137,  -161.116,   536.083,    62.000,    30.000,     1.000,     0.000,     0.000,     0.000,kComMove,0,1
0100010001001100010011001100,    62.001,  -135.864,  -161.116,    44.001,  -133.464,  -161.116,  -154.083,  -101.000,   -20.000,   -73.999,   202.136,   -31.116,    83.917,   114.600,   -20.000,   132.321,    47.833,   -20.000,    62.001,  -135.864,  -161.116,    44.001,  -133.464,  -161.116,  -113.137,  -113.137,   -31.116,   -73.999,   202.136,   -31.116,    -0.000,   160.000,  -161.116,   113.137,   113.137,  -161.116,   575.999,    76.864,    30.000,     1.000,     0.000,     0.000,     0.000,kLegHierarchyChange,0,1
0100011101001100000111001100,    62.001,  -135.864,  -161.116,    44.001,  -133.464,  -161.116,  -154.083,  -101.000,   -20.000,   -73.999,   202.136,   -31.116,    83.917,   114.600,   -20.000,   132.321,    47.833,   -20.000,    62.001,  -135.864,  -161.116,    44.001,  -133.464,  -161.116,  -113.137,  -113.137,   -31.116,   -73.999,   202.136,   -31.116,    -0.000,   160.000,  -161.116,   113.137,   113.137,  -161.116,   575.999,    76.864,    30.000,     1.000,     0.000,     0.000,     0.000,kLegUpDown,0,1
0100011111000100100101001100,    62.001,  -135.864,  -161.116,    44.001,  -133.464,   -20.000,  -153.999,   -15.864,   -31.116,   -73.999,   202.136,   -20.000,     4.001,   159.736,  -161.116,   132.321,    47.833,   -20.000,    62.001,  -135.864,  -161.116,    -0.000,  -160.000,  -161.116,  -153.999,   -15.864,   -31.116,  -113.137,   113.137,   -31.116,     4.001,   159.736,  -161.116,   113.137,   113.137,  -161.116,   575.999,    76.864,    30.000,     1.000,     0.000,     0.000,     0.000,kComUpDown,0,1
0100011111000100100101001100,    62.001,  -135.864,  -161.116,    44.001,  -133.464,   -20.000,  -153.999,   -15.864,   -31.116,   -73.999,   202.136,   -20.000,     4.001,   159.736,  -161.116,   132.321,    47.833,   -20.000,    62.001,  -135.864,  -161.116,    -0.000,  -160.000,  -161.116,  -153.999,   -15.864,   -31.116,  -113.137,   113.137,   -31.116,     4.001,   159.736,  -161.116,   113.137,   113.137,  -161.116,   575.999,    76.864,    30.000,     1.000,     0.000,     0.000,     0.000,kComMove,0,1
0011010011000100110001001100,    66.469,  -139.025,  -161.116,    44.001,  -133.464,   -20.000,  -149.531,   -19.025,   -31.116,   -73.999,   202.136,   -20.000,     8.469,   156.575,  -161.116,   132.321,    47.833,   -20.000,    66.469,  -139.025,  -161.116,    -0.000,  -160.000,  -161.116,  -149.531,   -19.025,   -31.116,  -113.137,   113.137,   -31.116,     8.469,   156.575,  -161.116,   113.137,   113.137,  -161.116,   571.531,    80.025,    30.000,     1.000,     0.000,     0.000,     0.000,kLegHierarchyChange,0,1
0011010011000100110001001100,    66.469,  -139.025,  -161.116,    44.001,  -133.464,   -20.000,  -149.531,   -19.025,   -31.116,   -73.999,   202.136,   -20.000,     8.469,   156.575,  -161.116,   132.321,    47.833,   -20.000,    66.469,  -139.025,  -161.116,    -0.000,  -160.000,  -161.116,  -149.531,   -19.025,   -31.116,  -113.137,   113.137,   -31.116,     8.469,   156.575,  -161.116,   113.137,   113.137,  -161.116,   571.531,    80.025,    30.000,     1.000,     0.000,     0.000,     0.000,kLegUpDown,0,1
0011010011001100010001001100,    66.469,  -139.025,  -161.116,    44.001,  -133.464,   -20.000,  -149.531,   -19.025,   -20.000,  -109.531,   118.975,   -31.116,     8.469,   156.575,  -161.116,   132.321,    47.833,   -20.000,    66.469,  -139.025,  -161.116,    -0.000,  -160.000,  -161.116,  -113.137,  -113.137,   -31.116,  -109.531,   118.975,   -31.116,     8.469,   156.575,  -161.116,   113.137,   113.137,  -161.116,   571.531,    80.025,    30.000,     1.000,     0.000,     0.000,     0.000,kComUpDown,0,1
0011010011001100010001001100,    66.469,  -139.025,  -161.116,    44.001,  -133.464,   -20.000,  -149.531,   -19.025,   -20.000,  -109.531,   118.975,   -31.116,     8.469,   156.575,  -161.116,   132.321,    47.833,   -20.000,    66.469,  -139.025,  -161.116,    -0.000,  -160.000,  -161.116,  -113.137,  -113.137,   -31.116,  -109.531,   118.975,   -31.116,     8.469,   156.575,  -161.116,   113.137,   113.137,  -161.116,   571.531,    80.025,    30.000,     1.000,     0.000,     0.000,     0.000,kComMove,0,1
0001010011001100010001001100,    18.199,  -153.297,  -161.116,    44.001,  -133.464,   -20.000,  -149.531,   -19.025,   -20.000,  -157.801,   104.703,   -31.116,   -39.801,   142.303,  -161.116,   132.321,    47.833,   -20.000,    18.199,  -153.297,  -161.116,    -0.000,  -160.000,  -161.116,  -113.137,  -113.137,   -31.116,  -157.801,   104.703,   -31.116,   -39.801,   142.303,  -161.116,   113.137,   113.137,  -161.116,   619.801,    94.297,    30.000,     1.000,     0.000,     0.000,     0.000,kLegHierarchyChange,0,1
0001010011001100011101001100,    18.199,  -153.297,  -161.116,    44.001,  -133.464,   -20.000,  -149.531,   -19.025,   -20.000,  -157.801,   104.703,   -31.116,   -39.801,   142.303,  -161.116,   132.321,    47.833,   -20.000,    18.199,  -153.297,  -161.116,    -0.000,  -160.000,  -161.116,  -113.137,  -113.137,   -31.116,  -157.801,   104.703,   -31.116,   -39.801,   142.303,  -161.116,   113.137,   113.137,  -161.116,   619.801,    94.297,    30.000,     1.000,     0.000,     0.000,     0.000,kLegUpDown,0,1
0001110011000100011111000100,    18.199,  -153.297,   -20.000,     0.199,  -150.897,  -161.116,  -149.531,   -19.025,   -20.000,  -157.801,   104.703,   -20.000,   -39.801,   142.303,  -161.116,   118.199,   104.703,  -161.116,   113.137,  -113.137,  -161.116,     0.199,  -150.897,  -161.116,  -113.137,  -113.137,   -31.116,  -113.137,   113.137,   -31.116,   -39.801,   142.303,  -161.116,   118.199,   104.703,  -161.116,   619.801,    94.297,    30.000,     1.000,     0.000,     0.000,     0.000,kComUpDown,0,1
0001110011000100011111000100,    18.199,  -153.297,   -20.000,     0.199,  -150.897,   -52.783,  -149.531,   -19.025,   -20.000,  -157.801,   104.703,   -20.000,   -39.801,   142.303,   -52.783,   118.199,   104.703,   -52.783,   113.137,  -113.137,   -52.783,     0.199,  -150.897,   -52.783,  -113.137,  -113.137,    77.217,  -113.137,   113.137,    77.217,   -39.801,   142.303,   -52.783,   118.199,   104.703,   -52.783,   619.801,    94.297,   -78.333,     1.000,     0.000,     0.000,     0.000,kComMove,0,1
0001110011000100010011000100,    18.199,  -153.297,   -20.000,   -46.041,  -132.227,   -52.783,  -149.531,   -19.025,   -20.000,  -157.801,   104.703,   -20.000,   -86.041,   160.973,   -52.783,    71.959,   123.373,   -52.783,   113.137,  -113.137,   -52.783,   -46.041,  -132.227,   -52.783,  -113.137,  -113.137,    77.217,  -113.137,   113.137,    77.217,   -86.041,   160.973,   -52.783,    71.959,   123.373,   -52.783,   666.041,    75.627,   -78.333,     1.000,     0.000,     0.000,     0.000,kLegHierarchyChange,0,1
0001110011000111010011000111,    18.199,  -153.297,   -20.000,   -46.041,  -132.227,   -52.783,  -149.531,   -19.025,   -20.000,  -157.801,   104.703,   -20.000,   -86.041,   160.973,   -52.783,    71.959,   123.373,   -52.783,   113.137,  -113.137,   -52.783,   -46.041,  -132.227,   -52.783,  -113.137,  -113.137,    77.217,  -113.137,   113.137,    77.217,   -86.041,   160.973,   -52.783,    71.959,   123.373,   -52.783,   666.041,    75.627,   -78.333,     1.000,     0.000,     0.000,     0.000,kLegUpDown,0,1
0001010011000111110001001111,   231.959,   -34.627,   -52.783,   -46.041,  -132.227,   -20.000,  -104.041,  -114.627,   -52.783,  -157.801,   104.703,   -20.000,   -86.041,   160.973,   -52.783,    71.959,   123.373,   -20.000,   231.959,   -34.627,   -52.783,    -0.000,  -160.000,   -52.783,  -104.041,  -114.627,   -52.783,  -113.137,   113.137,    77.217,   -86.041,   160.973,   -52.783,   113.137,   113.137,   -52.783,   666.041,    75.627,   -78.333,     1.000,     0.000,     0.000,     0.000,kComUpDown,0,1
0001010011000111110001001111,   231.959,   -34.627,   -52.783,   -46.041,  -132.227,   -20.000,  -104.041,  -114.627,   -52.783,  -157.801,   104.703,   -20.000,   -86.041,   160.973,   -52.783,    71.959,   123.373,   -20.000,   231.959,   -34.627,   -52.783,    -0.000,  -160.000,   -52.783,  -104.041,  -114.627,   -52.783,  -113.137,   113.137,    77.217,   -86.041,   160.973,   -52.783,   113.137,   113.137,   -52.783,   666.041,    75.627,   -78.333,     1.000,     0.000,     0.000,     0.000,kComMove,0,1
0010010011000100110001001100,   168.391,   -17.016,   -52.783,   -46.041,  -132.227,   -20.000,  -167.609,   -97.016,   -52.783,  -157.801,   104.703,   -20.000,  -149.609,   178.584,   -52.783,    71.959,   123.373,   -20.000,   168.391,   -17.016,   -52.783,    -0.000,  -160.000,   -52.783,  -167.609,   -97.016,   -52.783,  -113.137,   113.137,    77.217,  -149.609,   178.584,   -52.783,   113.137,   113.137,   -52.783,   729.609,    58.016,   -78.333,     1.000,     0.000,     0.000,     0.000,kLegHierarchyChange,0,1
0010011111000001110001111100,   168.391,   -17.016,   -52.783,   -46.041,  -132.227,   -20.000,  -167.609,   -97.016,   -52.783,  -157.801,   104.703,   -20.000,  -149.609,   178.584,   -52.783,    71.959,   123.373,   -20.000,   168.391,   -17.016,   -52.783,    -0.000,  -160.000,   -52.783,  -167.609,   -97.016,   -52.783,  -113.137,   113.137,    77.217,  -149.609,   178.584,   -52.783,   113.137,   113.137,   -52.783,   729.609,    58.016,   -78.333,     1.000,     0.000,     0.000,     0.000,kLegUpDown,0,1
0010111101001001010011110100,   168.391,   -17.016,   -20.000,   110.391,  -134.616,   -52.783,  -167.609,   -97.016,   -20.000,  -147.609,    20.984,   -52.783,  -149.609,   178.584,   -20.000,   228.391,    20.984,   -52.783,   113.137,  -113.137,   -52.783,   110.391,  -134.616,   -52.783,  -113.137,  -113.137,   -52.783,  -147.609,    20.984,   -52.783,    -0.000,   160.000,   -52.783,   228.391,    20.984,   -52.783,   729.609,    58.016,   -78.333,     1.000,     0.000,     0.000,     0.000,kComUpDown,0,1
0010111101001001010011110100,   168.391,   -17.016,   -20.000,   110.391,  -134.616,   -39.837,  -167.609,   -97.016,   -20.000,  -147.609,    20.984,   -39.837,  -149.609,   178.584,   -20.000,   228.391,    20.984,   -39.837,   113.137,  -113.137,   -39.837,   110.391,  -134.616,   -39.837,  -113.137,  -113.137,   -39.837,  -147.609,    20.984,   -39.837,    -0.000,   160.000,   -39.837,   228.391,    20.984,   -39.837,   729.609,    58.016,   -91.279,     1.000,     0.000,     0.000,     0.000,kComMove,0,1
0110110001001100010011000100,   168.391,   -17.016,   -20.000,    47.619,  -136.168,   -39.837,  -167.609,   -97.016,   -20.000,  -210.381,    19.432,   -39.837,  -149.609,   178.584,   -20.000,   165.619,    19.432,   -39.837,   113.137,  -113.137,   -39.837,    47.619,  -136.168,   -39.837,  -113.137,  -113.137,   -39.837,  -210.381,    19.432,   -39.837,    -0.000,   160.000,   -39.837,   165.619,    19.432,   -39.837,   792.381,    59.568,   -91.279,     1.000,     0.000,     0.000,     0.000,kLegHierarchyChange,0,1
0110110001001100010111000100,   168.391,   -17.016,   -20.000,    47.619,  -136.168,   -39.837,  -167.609,   -97.016,   -20.000,  -210.381,    19.432,   -39.837,  -149.609,   178.584,   -20.000,   165.619,    19.432,   -39.837,   113.137,  -113.137,   -39.837,    47.619,  -136.168,   -39.837,  -113.137,  -113.137,   -39.837,  -210.381,    19.432,   -39.837,    -0.000,   160.000,   -39.837,   165.619,    19.432,   -39.837,   792.381,    59.568,   -91.279,     1.000,     0.000,     0.000,     0.000,kLegUpDown,0,1
0110010011000100110101001100,   105.619,  -118.568,   -39.837,    47.619,  -136.168,   -20.000,   -30.381,  -138.568,   -39.837,  -210.381,    19.432,   -20.000,     7.619,   157.032,   -39.837,   165.619,    19.432,   -20.000,   105.619,  -118.568,   -39.837,    -0.000,  -160.000,   -39.837,   -30.381,  -138.568,   -39.837,  -113.137,   113.137,   -39.837,     7.619,   157.032,   -39.837,   113.137,   113.137,   -39.837,   792.381,    59.568,   -91.279,     1.000,     0.000,     0.000,     0.000,kComUpDown,0,1
0110010011000100110101001100,   105.619,  -118.568,   -39.837,    47.619,  -136.168,   -20.000,   -30.381,  -138.568,   -39.837,  -210.381,    19.432,   -20.000,     7.619,   157.032,   -39.837,   165.619,    19.432,   -20.000,   105.619,  -118.568,   -39.837,    -0.000,  -160.000,   -39.837,   -30.381,  -138.568,   -39.837,  -113.137,   113.137,   -39.837,     7.619,   157.032,   -39.837,   113.137,   113.137,   -39.837,   792.381,    59.568,   -91.279,     1.000,     0.000,     0.000,     0.000,kComMove,0,1
0110010011000100110001001100,    22.869,  -150.751,   -39.837,    47.619,  -136.168,   -20.000,  -113.131,  -170.751,   -39.837,  -210.381,    19.432,   -20.000,   -75.131,   124.849,   -39.837,   165.619,    19.432,   -20.000,    22.869,  -150.751,   -39.837,    -0.000,  -160.000,   -39.837,  -113.131,  -170.751,   -39.837,  -113.137,   113.137,   -39.837,   -75.131,   124.849,   -39.837,   113.137,   113.137,   -39.837,   875.131,    91.751,   -91.279,     1.000,     0.000,     0.000,     0.000,kLegHierarchyChange,0,1
0110001111000011110001111100,    22.869,  -150.751,   -39.837,    47.619,  -136.168,   -20.000,  -113.131,  -170.751,   -39.837,  -210.381,    19.432,   -20.000,   -75.131,   124.849,   -39.837,   165.619,    19.432,   -20.000,    22.869,  -150.751,   -39.837,    -0.000,  -160.000,   -39.837,  -113.131,  -170.751,   -39.837,  -113.137,   113.137,   -39.837,   -75.131,   124.849,   -39.837,   113.137,   113.137,   -39.837,   875.131,    91.751,   -91.279,     1.000,     0.000,     0.000,     0.000,kLegUpDown,0,1
0110101101001011010011110100,    22.869,  -150.751,   -20.000,   104.869,  -148.351,   -39.837,  -113.131,  -170.751,   -20.000,  -233.131,    27.249,   -39.837,   -75.131,   124.849,   -20.000,    22.869,   207.249,   -39.837,   113.137,  -113.137,   -39.837,   104.869,  -148.351,   -39.837,  -113.137,  -113.137,   -39.837,  -233.131,    27.249,   -39.837,    -0.000,   160.000,   -39.837,    22.869,   207.249,   -39.837,   875.131,    91.751,   -91.279,     1.000,     0.000,     0.000,     0.000,kComUpDown,0,1
0110101101001011010011110100,    22.869,  -150.751,   -20.000,   104.869,  -148.351,   -39.837,  -113.131,  -170.751,   -20.000,  -233.131,    27.249,   -39.837,   -75.131,   124.849,   -20.000,    22.869,   207.249,   -39.837,   113.137,  -113.137,   -39.837,   104.869,  -148.351,   -39.837,  -113.137,  -113.137,   -39.837,  -233.131,    27.249,   -39.837,    -0.000,   160.000,   -39.837,    22.869,   207.249,   -39.837,   875.131,    91.751,   -91.279,     1.000,     0.000,     0.000,     0.000,kComMove,0,1
1000110001001100010011000100,    22.869,  -150.751,   -20.000,   102.800,  -140.440,   -39.837,  -113.131,  -170.751,   -20.000,  -235.200,    35.160,   -39.837,   -75.131,   124.849,   -20.000,    20.800,   215.160,   -39.837,   113.137,  -113.137,   -39.837,   102.800,  -140.440,   -39.837,  -113.137,  -113.137,   -39.837,  -235.200,    35.160,   -39.837,    -0.000,   160.000,   -39.837,    20.800,   215.160,   -39.837,   877.200,    83.840,   -91.279,     1.000,     0.000,     0.000,     0.000,kLegHierarchyChange,0,1
1000110001111100010111000101,    22.869,  -150.751,   -20.000,   102.800,  -140.440,   -39.837,  -113.131,  -170.751,   -20.000,  -235.200,    35.160,   -39.837,   -75.131,   124.849,   -20.000,    20.800,   215.160,   -39.837,   113.137,  -113.137,   -39.837,   102.800,  -140.440,   -39.837,  -113.137,  -113.137,   -39.837,  -235.200,    35.160,   -39.837,    -0.000,   160.000,   -39.837,    20.800,   215.160,   -39.837,   877.200,    83.840,   -91.279,     1.000,     0.000,     0.000,     0.000,kLegUpDown,0,1
1000010011110100110101001101,   140.800,   -22.840,   -39.837,   102.800,  -140.440,   -20.000,   -15.200,  -142.840,   -39.837,  -235.200,    35.160,   -20.000,   102.800,   132.760,   -39.837,    20.800,   215.160,   -20.000,   140.800,   -22.840,   -39.837,    -0.000,  -160.000,   -39.837,   -15.200,  -142.840,   -39.837,  -113.137,   113.137,   -39.837,   102.800,   132.760,   -39.837,   113.137,   113.137,   -39.837,   877.200,    83.840,   -91.279,     1.000,     0.000,     0.000,     0.000,kComUpDown,0,1
1000010011110100110101001101,   140.800,   -22.840,   -39.837,   102.800,  -140.440,   -20.000,   -15.200,  -142.840,   -39.837,  -235.200,    35.160,   -20.000,   102.800,   132.760,   -39.837,    20.800,   215.160,   -20.000,   140.800,   -22.840,   -39.837,    -0.000,  -160.000,   -39.837,   -15.200,  -142.840,   -39.837,  -113.137,   113.137,   -39.837,   102.800,   132.760,   -39.837,   113.137,   113.137,   -39.837,   877.200,    83.840,   -91.279,     1.000,     0.000,     0.000,     0.000,kComMove,0,1
1000010011000100110001001100,   135.766,   -34.447,   -39.837,   102.800,  -140.440,   -20.000,   -20.234,  -154.447,   -39.837,  -235.200,    35.160,   -20.000,    97.766,   121.153,   -39.837,    20.800,   215.160,   -20.000,   135.766,   -34.447,   -39.837,    -0.000,  -160.000,   -39.837,   -20.234,  -154.447,   -39.837,  -113.137,   113.137,   -39.837,    97.766,   121.153,   -39.837,   113.137,   113.137,   -39.837,   882.234,    95.447,   -91.279,     1.000,     0.000,     0.000,     0.000,kLegHierarchyChange,0,1
1000011111000101110001001100,   135.766,   -34.447,   -39.837,   102.800,  -140.440,   -20.000,   -20.234,  -154.447,   -39.837,  -235.200,    35.160,   -20.000,    97.766,   121.153,   -39.837,    20.800,   215.160,   -20.000,   135.766,   -34.447,   -39.837,    -0.000,  -160.000,   -39.837,   -20.234,  -154.447,   -39.837,  -113.137,   113.137,   -39.837,    97.766,   121.153,   -39.837,   113.137,   113.137,   -39.837,   882.234,    95.447,   -91.279,     1.000,     0.000,     0.000,     0.000,kLegUpDown,0,1
1000111101001101010011000100,   135.766,   -34.447,   -20.000,    -2.234,  -152.047,   -39.837,   -20.234,  -154.447,   -20.000,   -20.234,   143.553,   -39.837,    97.766,   121.153,   -20.000,   235.766,    23.553,   -39.837,   113.137,  -113.137,   -39.837,    -2.234,  -152.047,   -39.837,  -113.137,  -113.137,   -39.837,   -20.234,   143.553,   -39.837,    -0.000,   160.000,   -39.837,   235.766,    23.553,   -39.837,   882.234,    95.447,   -91.279,     1.000,     0.000,     0.000,     0.000,kComUpDown,0,1
1000111101001101010011000100,   135.766,   -34.447,   -20.000,    -2.234,  -152.047,   -39.837,   -20.234,  -154.447,   -20.000,   -20.234,   143.553,   -39.837,    97.766,   121.153,   -20.000,   235.766,    23.553,   -39.837,   113.137,  -113.137,   -39.837,    -2.234,  -152.047,   -39.837,  -113.137,  -113.137,   -39.837,   -20.234,   143.553,   -39.837,    -0.000,   160.000,   -39.837,   235.766,    23.553,   -39.837,   882.234,    95.447,   -91.279,     1.000,     0.000,     0.000,     0.000,kComMove,0,1
0100110001001100010011000100,   135.766,   -34.447,   -20.000,   -39.581,  -141.380,   -39.837,   -20.234,  -154.447,   -20.000,   -57.581,   154.220,   -39.837,    97.766,   121.153,   -20.000,   198.419,    34.220,   -39.837,   113.137,  -113.137,   -39.837,   -39.581,  -141.380,   -39.837,  -113.137,  -113.137,   -39.837,   -57.581,   154.220,   -39.837,    -0.000,   160.000,   -39.837,   198.419,    34.220,   -39.837,   919.581,    84.780,   -91.279,     1.000,     0.000,     0.000,     0.000,kLegHierarchyChange,0,1
0100110001001100011111000111,   135.766,   -34.447,   -20.000,   -39.581,  -141.380,   -39.837,   -20.234,  -154.447,   -20.000,   -57.581,   154.220,   -39.837,    97.766,   121.153,   -20.000,   198.419,    34.220,   -39.837,   113.137,  -113.137,   -39.837,   -39.581,  -141.380,   -39.837,  -113.137,  -113.137,   -39.837,   -57.581,   154.220,   -39.837,    -0.000,   160.000,   -39.837,   198.419,    34.220,   -39.837,   919.581,    84.780,   -91.279,     1.000,     0.000,     0.000,     0.000,kLegUpDown,0,1
0100010001001100011111001111,   218.419,   -23.780,   -39.837,   -39.581,  -141.380,   -39.837,   -20.234,  -154.447,   -20.000,   -57.581,   154.220,   -39.837,    97.766,   121.153,   -20.000,   198.419,    34.220,   -20.000,   218.419,   -23.780,   -39.837,   -39.581,  -141.380,   -39.837,  -113.137,  -113.137,   -39.837,   -57.581,   154.220,   -39.837,    -0.000,   160.000,   -39.837,   113.137,   113.137,   -39.837,   919.581,    84.780,   -91.279,     1.000,     0.000,     0.000,     0.000,kComUpDown,0,1
0100010001001100011111001111,   218.419,   -23.780,   -39.837,   -39.581,  -141.380,   -39.837,   -20.234,  -154.447,   -20.000,   -57.581,   154.220,   -39.837,    97.766,   121.153,   -20.000,   198.419,    34.220,   -20.000,   218.419,   -23.780,   -39.837,   -39.581,  -141.380,   -39.837,  -113.137,  -113.137,   -39.837,   -57.581,   154.220,   -39.837,    -0.000,   160.000,   -39.837,   113.137,   113.137,   -39.837,   919.581,    84.780,   -91.279,     1.000,     0.000,     0.000,     0.000,kComMove,0,1
0111010001001100010011001100,   127.576,   -63.022,   -39.837,  -130.424,  -180.622,   -39.837,   -20.234,  -154.447,   -20.000,  -148.424,   114.978,   -39.837,    97.766,   121.153,   -20.000,   198.419,    34.220,   -20.000,   127.576,   -63.022,   -39.837,  -130.424,  -180.622,   -39.837,  -113.137,  -113.137,   -39.837,  -148.424,   114.978,   -39.837,    -0.000,   160.000,   -39.837,   113.137,   113.137,   -39.837,  1010.424,   124.022,   -91.279,     1.000,     0.000,     0.000,     0.000,kLegHierarchyChange,0,1
0111010001111100000111001100,   127.576,   -63.022,   -39.837,  -130.424,  -180.622,   -39.837,   -20.234,  -154.447,   -20.000,  -148.424,   114.978,   -39.837,    97.766,   121.153,   -20.000,   198.419,    34.220,   -20.000,   127.576,   -63.022,   -39.837,  -130.424,  -180.622,   -39.837,  -113.137,  -113.137,   -39.837,  -148.424,   114.978,   -39.837,    -0.000,   160.000,   -39.837,   113.137,   113.137,   -39.837,  1010.424,   124.022,   -91.279,     1.000,     0.000,     0.000,     0.000,kLegUpDown,0,1
0111110001111100000111000100,   127.576,   -63.022,   -20.000,  -130.424,  -180.622,   -39.837,   -20.234,  -154.447,   -20.000,  -148.424,   114.978,   -39.837,    97.766,   121.153,   -20.000,   107.576,   114.978,   -39.837,   113.137,  -113.137,   -39.837,  -130.424,  -180.622,   -39.837,  -113.137,  -113.137,   -39.837,  -148.424,   114.978,   -39.837,    -0.000,   160.000,   -39.837,   107.576,   114.978,   -39.837,  1010.424,   124.022,   -91.279,     1.000,     0.000,     0.000,     0.000,kComUpDown,0,1
0111110001111100000111000100,   127.576,   -63.022,   -20.000,  -130.424,  -180.622,   -39.837,   -20.234,  -154.447,   -20.000,  -148.424,   114.978,   -39.837,    97.766,   121.153,   -20.000,   107.576,   114.978,   -39.837,   113.137,  -113.137,   -39.837,  -130.424,  -180.622,   -39.837,  -113.137,  -113.137,   -39.837,  -148.424,   114.978,   -39.837,    -0.000,   160.000,   -39.837,   107.576,   114.978,   -39.837,  1010.424,   124.022,   -91.279,     1.000,     0.000,     0.000,     0.000,kComMove,0,1
0111110001001100010011000100,   127.576,   -63.022,   -20.000,  -137.351,  -168.306,   -39.837,   -20.234,  -154.447,   -20.000,  -155.351,   127.294,   -39.837,    97.766,   121.153,   -20.000,   100.649,   127.294,   -39.837,   113.137,  -113.137,   -39.837,  -137.351,  -168.306,   -39.837,  -113.137,  -113.137,   -39.837,  -155.351,   127.294,   -39.837,    -0.000,   160.000,   -39.837,   100.649,   127.294,   -39.837,  1017.351,   111.706,   -91.279,     1.000,     0.000,     0.000,     0.000,kLegHierarchyChange,0,1
0111110001001100010011000100,   127.576,   -63.022,   -20.000,  -137.351,  -168.306,   -39.837,   -20.234,  -154.447,   -20.000,  -155.351,   127.294,   -39.837,    97.766,   121.153,   -20.000,   100.649,   127.294,   -39.837,   113.137,  -113.137,   -39.837,  -137.351,  -168.306,   -39.837,  -113.137,  -113.137,   -39.837,  -155.351,   127.294,   -39.837,    -0.000,   160.000,   -39.837,   100.649,   127.294,   -39.837,  1017.351,   111.706,   -91.279,     1.000,     0.000,     0.000,     0.000,kLegUpDown,0,1
0111010011000100110001001100,   120.649,  -110.706,   -39.837,  -137.351,  -168.306,   -20.000,  -115.351,  -110.706,   -39.837,  -155.351,   127.294,   -20.000,     2.649,   164.894,   -39.837,   100.649,   127.294,   -20.000,   120.649,  -110.706,   -39.837,    -0.000,  -160.000,   -39.837,  -115.351,  -110.706,   -39.837,  -113.137,   113.137,   -39.837,     2.649,   164.894,   -39.837,   113.137,   113.137,   -39.837,  1017.351,   111.706,   -91.279,     1.000,     0.000,     0.000,     0.000,kComUpDown,0,1
0111010011000100110001001100,   120.649,  -110.706,   -39.837,  -137.351,  -168.306,   -20.000,  -115.351,  -110.706,   -39.837,  -155.351,   127.294,   -20.000,     2.649,   164.894,   -39.837,   100.649,   127.294,   -20.000,   120.649,  -110.706,   -39.837,    -0.000,  -160.000,   -39.837,  -115.351,  -110.706,   -39.837,  -113.137,   113.137,   -39.837,     2.649,   164.894,   -39.837,   113.137,   113.137,   -39.837,  1017.351,   111.706,   -91.279,     1.000,     0.000,     0.000,     0.000,kComMove,0,1
0001010011000100110001001100,    41.158,  -138.378,   -39.837,  -137.351,  -168.306,   -20.000,  -194.842,  -138.378,   -39.837,  -155.351,   127.294,   -20.000,   -76.842,   137.222,   -39.837,   100.649,   127.294,   -20.000,    41.158,  -138.378,   -39.837,    -0.000,  -160.000,   -39.837,  -194.842,  -138.378,   -39.837,  -113.137,   113.137,   -39.837,   -76.842,   137.222,   -39.837,   113.137,   113.137,   -39.837,  1096.842,   139.378,   -91.279,     1.000,     0.000,     0.000,     0.000,kLegHierarchyChange,0,1
0001011111000011110001001100,    41.158,  -138.378,   -39.837,  -137.351,  -168.306,   -20.000,  -194.842,  -138.378,   -39.837,  -155.351,   127.294,   -20.000,   -76.842,   137.222,   -39.837,   100.649,   127.294,   -20.000,    41.158,  -138.378,   -39.837,    -0.000,  -160.000,   -39.837,  -194.842,  -138.378,   -39.837,  -113.137,   113.137,   -39.837,   -76.842,   137.222,   -39.837,   113.137,   113.137,   -39.837,  1096.842,   139.378,   -91.279,     1.000,     0.000,     0.000,     0.000,kLegUpDown,0,1
0001111101001011110011000100,    41.158,  -138.378,   -20.000,     3.158,  -155.978,   -39.837,  -194.842,  -138.378,   -39.837,  -214.842,    19.622,   -39.837,   -76.842,   137.222,   -20.000,   221.158,    19.622,   -39.837,   113.137,  -113.137,   -39.837,     3.158,  -155.978,   -39.837,  -194.842,  -138.378,   -39.837,  -214.842,    19.622,   -39.837,    -0.000,   160.000,   -39.837,   221.158,    19.622,   -39.837,  1096.842,   139.378,   -91.279,     1.000,     0.000,     0.000,     0.000,kComUpDown,0,1
0001111101001011110011000100,    41.158,  -138.378,   -20.000,     3.158,  -155.978,   -39.837,  -194.842,  -138.378,   -39.837,  -214.842,    19.622,   -39.837,   -76.842,   137.222,   -20.000,   221.158,    19.622,   -39.837,   113.137,  -113.137,   -39.837,     3.158,  -155.978,   -39.837,  -194.842,  -138.378,   -39.837,  -214.842,    19.622,   -39.837,    -0.000,   160.000,   -39.837,   221.158,    19.622,   -39.837,  1096.842,   139.378,   -91.279,     1.000,     0.000,     0.000,     0.000,kComMove,0,1
0110110001001100110011000100,    41.158,  -138.378,   -20.000,    -7.699,  -142.589,   -39.837,  -205.699,  -124.989,   -39.837,  -225.699,    33.011,   -39.837,   -76.842,   137.222,   -20.000,   210.301,    33.011,   -39.837,   113.137,  -113.137,   -39.837,    -7.699,  -142.589,   -39.837,  -205.699,  -124.989,   -39.837,  -225.699,    33.011,   -39.837,    -0.000,   160.000,   -39.837,   210.301,    33.011,   -39.837,  1107.699,   125.989,   -91.279,     1.000,     0.000,     0.000,     0.000,kLegHierarchyChange,0,1
0110110001111100110011000011,    41.158,  -138.378,   -20.000,    -7.699,  -142.589,   -39.837,  -205.699,  -124.989,   -39.837,  -225.699,    33.011,   -39.837,   -76.842,   137.222,   -20.000,   210.301,    33.011,   -39.837,   113.137,  -113.137,   -39.837,    -7.699,  -142.589,   -39.837,  -205.699,  -124.989,   -39.837,  -225.699,    33.011,   -39.837,    -0.000,   160.000,   -39.837,   210.301,    33.011,   -39.837,  1107.699,   125.989,   -91.279,     1.000,     0.000,     0.000,     0.000,kLegUpDown,0,1
0110010011110100110001001011,    30.301,  -224.989,   -39.837,    -7.699,  -142.589,   -20.000,  -205.699,  -124.989,   -39.837,  -225.699,    33.011,   -20.000,   112.301,   150.611,   -39.837,   210.301,    33.011,   -20.000,    30.301,  -224.989,   -39.837,    -0.000,  -160.000,   -39.837,  -205.699,  -124.989,   -39.837,  -113.137,   113.137,   -39.837,   112.301,   150.611,   -39.837,   113.137,   113.137,   -39.837,  1107.699,   125.989,   -91.279,     1.000,     0.000,     0.000,     0.000,kComUpDown,0,1
0110010011110100110001001011,    30.301,  -224.989,   -34.765,    -7.699,  -142.589,   -20.000,  -205.699,  -124.989,   -34.765,  -225.699,    33.011,   -20.000,   112.301,   150.611,   -34.765,   210.301,    33.011,   -20.000,    30.301,  -224.989,   -34.765,    -0.000,  -160.000,   -34.765,  -205.699,  -124.989,   -34.765,  -113.137,   113.137,   -34.765,   112.301,   150.611,   -34.765,   113.137,   113.137,   -34.765,  1107.699,   125.989,   -96.351,     1.000,     0.000,     0.000,     0.000,kComMove,0,1
1000010011000100110001001100,    15.433,  -167.161,   -34.765,    -7.699,  -142.589,   -20.000,  -220.567,   -67.161,   -34.765,  -225.699,    33.011,   -20.000,    97.433,   208.439,   -34.765,   210.301,    33.011,   -20.000,    15.433,  -167.161,   -34.765,    -0.000,  -160.000,   -34.765,  -220.567,   -67.161,   -34.765,  -113.137,   113.137,   -34.765,    97.433,   208.439,   -34.765,   113.137,   113.137,   -34.765,  1122.567,    68.161,   -96.351,     1.000,     0.000,     0.000,     0.000,kLegHierarchyChange,0,1
1000010011000101110001001100,    15.433,  -167.161,   -34.765,    -7.699,  -142.589,   -20.000,  -220.567,   -67.161,   -34.765,  -225.699,    33.011,   -20.000,    97.433,   208.439,   -34.765,   210.301,    33.011,   -20.000,    15.433,  -167.161,   -34.765,    -0.000,  -160.000,   -34.765,  -220.567,   -67.161,   -34.765,  -113.137,   113.137,   -34.765,    97.433,   208.439,   -34.765,   113.137,   113.137,   -34.765,  1122.567,    68.161,   -96.351,     1.000,     0.000,     0.000,     0.000,kLegUpDown,0,1
1000110001001101010011000100,    15.433,  -167.161,   -20.000,    -2.567,  -164.761,   -34.765,  -220.567,   -67.161,   -20.000,   -20.567,   150.839,   -34.765,    97.433,   208.439,   -20.000,   115.433,   110.839,   -34.765,   113.137,  -113.137,   -34.765,    -2.567,  -164.761,   -34.765,  -113.137,  -113.137,   -34.765,   -20.567,   150.839,   -34.765,    -0.000,   160.000,   -34.765,   115.433,   110.839,   -34.765,  1122.567,    68.161,   -96.351,     1.000,     0.000,     0.000,     0.000,kComUpDown,0,1
1000110001001101010011000100,    15.433,  -167.161,   -20.000,    -2.567,  -164.761,   -34.765,  -220.567,   -67.161,   -20.000,   -20.567,   150.839,   -34.765,    97.433,   208.439,   -20.000,   115.433,   110.839,   -34.765,   113.137,  -113.137,   -34.765,    -2.567,  -164.761,   -34.765,  -113.137,  -113.137,   -34.765,   -20.567,   150.839,   -34.765,    -0.000,   160.000,   -34.765,   115.433,   110.839,   -34.765,  1122.567,    68.161,   -96.351,     1.000,     0.000,     0.000,     0.000,kComMove,0,1
0001110001001100010011000100,    15.433,  -167.161,   -20.000,   -98.690,  -130.770,   -34.765,  -220.567,   -67.161,   -20.000,  -116.690,   184.830,   -34.765,    97.433,   208.439,   -20.000,    19.310,   144.830,   -34.765,   113.137,  -113.137,   -34.765,   -98.690,  -130.770,   -34.765,  -113.137,  -113.137,   -34.765,  -116.690,   184.830,   -34.765,    -0.000,   160.000,   -34.765,    19.310,   144.830,   -34.765,  1218.690,    34.170,   -96.351,     1.000,     0.000,     0.000,     0.000,kLegHierarchyChange,0,1
