1000110011001100110011001100,   113.137,  -113.137,   -30.000,    -0.000,  -160.000,   -30.000,  -113.137,  -113.137,   -30.000,  -113.137,   113.137,   -30.000,    -0.000,   160.000,   -30.000,   113.137,   113.137,   -30.000,   113.137,  -113.137,   -30.000,    -0.000,  -160.000,   -30.000,  -113.137,  -113.137,   -30.000,  -113.137,   113.137,   -30.000,    -0.000,   160.000,   -30.000,   113.137,   113.137,   -30.000,    -4.356,    -7.224,    30.000,     1.000,     0.000,     0.000,     0.000,kLegHierarchyChange,-1,0
1000110011001100110011001100,   113.137,  -113.137,   -30.000,    -0.000,  -160.000,   -30.000,  -113.137,  -113.137,   -30.000,  -113.137,   113.137,   -30.000,    -0.000,   160.000,   -30.000,   113.137,   113.137,   -30.000,   113.137,  -113.137,   -30.000,    -0.000,  -160.000,   -30.000,  -113.137,  -113.137,   -30.000,  -113.137,   113.137,   -30.000,    -0.000,   160.000,   -30.000,   113.137,   113.137,   -30.000,    -4.356,    -7.224,    30.000,     1.000,     0.000,     0.000,     0.000,kLegUpDown,0,1
1000110011000100110011000100,   113.137,  -113.137,   -20.000,    -0.000,  -160.000,   -30.000,  -113.137,  -113.137,   -30.000,  -113.137,   113.137,   -20.000,    -0.000,   160.000,   -30.000,   113.137,   113.137,   -30.000,   113.137,  -113.137,   -30.000,    -0.000,  -160.000,   -30.000,  -113.137,  -113.137,   -30.000,  -113.137,   113.137,   -30.000,    -0.000,   160.000,   -30.000,   113.137,   113.137,   -30.000,    -4.356,    -7.224,    30.000,     1.000,     0.000,     0.000,     0.000,kComUpDown,0,1
1000110011000100110011000100,   113.137,  -113.137,   -20.000,    -0.000,  -160.000,   -30.000,  -113.137,  -113.137,   -30.000,  -113.137,   113.137,   -20.000,    -0.000,   160.000,   -30.000,   113.137,   113.137,   -30.000,   113.137,  -113.137,   -30.000,    -0.000,  -160.000,   -30.000,  -113.137,  -113.137,   -30.000,  -113.137,   113.137,   -30.000,    -0.000,   160.000,   -30.000,   113.137,   113.137,   -30.000,    -4.356,    -7.224,    30.000,     1.000,     0.000,     0.000,     0.000,kComMove,0,1
0001110011000100110011000100,   113.137,  -113.137,   -20.000,   -99.088,  -130.005,   -30.000,  -212.225,   -83.142,   -30.000,  -113.137,   113.137,   -20.000,   -99.088,   189.995,   -30.000,    14.049,   143.132,   -30.000,   113.137,  -113.137,   -30.000,   -99.088,  -130.005,   -30.000,  -212.225,   -83.142,   -30.000,  -113.137,   113.137,   -30.000,   -99.088,   189.995,   -30.000,    14.049,   143.132,   -30.000,    94.732,   -37.219,    30.000,     1.000,     0.000,     0.000,     0.000,kLegHierarchyChange,0,1
0001110011000111110011000111,   113.137,  -113.137,   -20.000,   -99.088,  -130.005,   -30.000,  -212.225,   -83.142,   -30.000,  -113.137,   113.137,   -20.000,   -99.088,   189.995,   -30.000,    14.049,   143.132,   -30.000,   113.137,  -113.137,   -30.000,   -99.088,  -130.005,   -30.000,  -212.225,   -83.142,   -30.000,  -113.137,   113.137,   -30.000,   -99.088,   189.995,   -30.000,    14.049,   143.132,   -30.000,    94.732,   -37.219,    30.000,     1.000,     0.000,     0.000,     0.000,kLegUpDown,0,1
0001010011001111010011001111,   183.268,   -21.781,   -31.116,   -99.088,  -130.005,   -30.000,  -212.225,   -83.142,   -20.000,   -32.732,   216.219,   -31.116,   -99.088,   189.995,   -30.000,    14.049,   143.132,   -20.000,   183.268,   -21.781,   -31.116,   -99.088,  -130.005,   -30.000,  -113.137,  -113.137,   -30.000,   -32.732,   216.219,   -31.116,   -99.088,   189.995,   -30.000,   113.137,   113.137,   -30.000,    94.732,   -37.219,    30.000,     1.000,     0.000,     0.000,     0.000,kComUpDown,0,1
0001010011001111010011001111,   183.268,   -21.781,   -31.116,   -99.088,  -130.005,   -30.000,  -212.225,   -83.142,   -20.000,   -32.732,   216.219,   -31.116,   -99.088,   189.995,   -30.000,    14.049,   143.132,   -20.000,   183.268,   -21.781,   -31.116,   -99.088,  -130.005,   -30.000,  -113.137,  -113.137,   -30.000,   -32.732,   216.219,   -31.116,   -99.088,   189.995,   -30.000,   113.137,   113.137,   -30.000,    94.732,   -37.219,    30.000,     1.000,     0.000,     0.000,     0.000,kComMove,0,1
0010010011001100010011001100,   158.668,   -50.563,   -31.116,  -123.688,  -158.787,   -30.000,  -212.225,   -83.142,   -20.000,   -57.332,   187.437,   -31.116,  -123.688,   161.213,   -30.000,    14.049,   143.132,   -20.000,   158.668,   -50.563,   -31.116,  -123.688,  -158.787,   -30.000,  -113.137,  -113.137,   -30.000,   -57.332,   187.437,   -31.116,  -123.688,   161.213,   -30.000,   113.137,   113.137,   -30.000,   119.332,    -8.437,    30.000,     1.000,     0.000,     0.000,     0.000,kLegHierarchyChange,0,1
0010010011001100011111001100,   158.668,   -50.563,   -31.116,  -123.688,  -158.787,   -30.000,  -212.225,   -83.142,   -20.000,   -57.332,   187.437,   -31.116,  -123.688,   161.213,   -30.000,    14.049,   143.132,   -20.000,   158.668,   -50.563,   -31.116,  -123.688,  -158.787,   -30.000,  -113.137,  -113.137,   -30.000,   -57.332,   187.437,   -31.116,  -123.688,   161.213,   -30.000,   113.137,   113.137,   -30.000,   119.332,    -8.437,    30.000,     1.000,     0.000,     0.000,     0.000,kLegUpDown,0,1
0010110001001100111101000100,   158.668,   -50.563,   -20.000,  -123.688,  -158.787,   -20.000,   -57.332,  -230.563,   -31.116,   -57.332,   187.437,   -31.116,  -123.688,   161.213,   -20.000,   118.668,   107.437,   -31.116,   113.137,  -113.137,   -31.116,    -0.000,  -160.000,   -30.000,   -57.332,  -230.563,   -31.116,   -57.332,   187.437,   -31.116,    -0.000,   160.000,   -30.000,   118.668,   107.437,   -31.116,   119.332,    -8.437,    30.000,     1.000,     0.000,     0.000,     0.000,kComUpDown,0,1
0010110001001100111101000100,   158.668,   -50.563,   -20.000,  -123.688,  -158.787,   -20.000,   -57.332,  -230.563,   -31.116,   -57.332,   187.437,   -31.116,  -123.688,   161.213,   -20.000,   118.668,   107.437,   -31.116,   113.137,  -113.137,   -31.116,    -0.000,  -160.000,   -30.000,   -57.332,  -230.563,   -31.116,   -57.332,   187.437,   -31.116,    -0.000,   160.000,   -30.000,   118.668,   107.437,   -31.116,   119.332,    -8.437,    30.000,     1.000,     0.000,     0.000,     0.000,kComMove,0,1
0111110001001100110001000100,   158.668,   -50.563,   -20.000,  -123.688,  -158.787,   -20.000,   -95.988,  -217.698,   -31.116,   -95.988,   200.302,   -31.116,  -123.688,   161.213,   -20.000,    80.012,   120.302,   -31.116,   113.137,  -113.137,   -31.116,    -0.000,  -160.000,   -30.000,   -95.988,  -217.698,   -31.116,   -95.988,   200.302,   -31.116,    -0.000,   160.000,   -30.000,    80.012,   120.302,   -31.116,   157.988,   -21.302,    30.000,     1.000,     0.000,     0.000,     0.000,kLegHierarchyChange,0,1
0111110001011100110001000111,   158.668,   -50.563,   -20.000,  -123.688,  -158.787,   -20.000,   -95.988,  -217.698,   -31.116,   -95.988,   200.302,   -31.116,  -123.688,   161.213,   -20.000,    80.012,   120.302,   -31.116,   113.137,  -113.137,   -31.116,    -0.000,  -160.000,   -30.000,   -95.988,  -217.698,   -31.116,   -95.988,   200.302,   -31.116,    -0.000,   160.000,   -30.000,    80.012,   120.302,   -31.116,   157.988,   -21.302,    30.000,     1.000,     0.000,     0.000,     0.000,kLegUpDown,0,1
0111110011010100110011000111,   158.668,   -50.563,   -20.000,     2.012,  -155.298,   -31.116,   -95.988,  -217.698,   -31.116,   -95.988,   200.302,   -20.000,    82.012,   117.902,   -31.116,    80.012,   120.302,   -31.116,   113.137,  -113.137,   -31.116,     2.012,  -155.298,   -31.116,   -95.988,  -217.698,   -31.116,  -113.137,   113.137,   -31.116,    82.012,   117.902,   -31.116,    80.012,   120.302,   -31.116,   157.988,   -21.302,    30.000,     1.000,     0.000,     0.000,     0.000,kComUpDown,0,1
0111110011010100110011000111,   158.668,   -50.563,   -20.000,     2.012,  -155.298,   -31.116,   -95.988,  -217.698,   -31.116,   -95.988,   200.302,   -20.000,    82.012,   117.902,   -31.116,    80.012,   120.302,   -31.116,   113.137,  -113.137,   -31.116,     2.012,  -155.298,   -31.116,   -95.988,  -217.698,   -31.116,  -113.137,   113.137,   -31.116,    82.012,   117.902,   -31.116,    80.012,   120.302,   -31.116,   157.988,   -21.302,    30.000,     1.000,     0.000,     0.000,     0.000,kComMove,0,1
0010110011000100110011000100,   158.668,   -50.563,   -20.000,   -53.932,  -124.312,   -31.116,  -151.932,  -186.712,   -31.116,   -95.988,   200.302,   -20.000,    26.068,   148.888,   -31.116,    24.068,   151.288,   -31.116,   113.137,  -113.137,   -31.116,   -53.932,  -124.312,   -31.116,  -151.932,  -186.712,   -31.116,  -113.137,   113.137,   -31.116,    26.068,   148.888,   -31.116,    24.068,   151.288,   -31.116,   213.932,   -52.288,    30.000,     1.000,     0.000,     0.000,     0.000,kLegHierarchyChange,0,1
0010110011000111110011000101,   158.668,   -50.563,   -20.000,   -53.932,  -124.312,   -31.116,  -151.932,  -186.712,   -31.116,   -95.988,   200.302,   -20.000,    26.068,   148.888,   -31.116,    24.068,   151.288,   -31.116,   113.137,  -113.137,   -31.116,   -53.932,  -124.312,   -31.116,  -151.932,  -186.712,   -31.116,  -113.137,   113.137,   -31.116,    26.068,   148.888,   -31.116,    24.068,   151.288,   -31.116,   213.932,   -52.288,    30.000,     1.000,     0.000,     0.000,     0.000,kLegUpDown,0,1
0010010011001111010011001101,   144.068,   -26.712,  -161.116,   -53.932,  -124.312,   -31.116,  -151.932,  -186.712,   -20.000,   -31.932,   211.288,   -31.116,    26.068,   148.888,   -31.116,    24.068,   151.288,   -20.000,   144.068,   -26.712,  -161.116,   -53.932,  -124.312,   -31.116,  -113.137,  -113.137,   -31.116,   -31.932,   211.288,   -31.116,    26.068,   148.888,   -31.116,   113.137,   113.137,   -31.116,   213.932,   -52.288,    30.000,     1.000,     0.000,     0.000,     0.000,kComUpDown,0,1
0010010011001111010011001101,   144.068,   -26.712,  -161.116,   -53.932,  -124.312,   -31.116,  -151.932,  -186.712,   -20.000,   -31.932,   211.288,   -31.116,    26.068,   148.888,   -31.116,    24.068,   151.288,   -20.000,   144.068,   -26.712,  -161.116,   -53.932,  -124.312,   -31.116,  -113.137,  -113.137,   -31.116,   -31.932,   211.288,   -31.116,    26.068,   148.888,   -31.116,   113.137,   113.137,   -31.116,   213.932,   -52.288,    30.000,     1.000,     0.000,     0.000,     0.000,kComMove,0,1
0010010011001100010011001100,   126.282,   -43.845,  -161.116,   -71.718,  -141.445,   -31.116,  -151.932,  -186.712,   -20.000,   -49.718,   194.155,   -31.116,     8.282,   131.755,   -31.116,    24.068,   151.288,   -20.000,   126.282,   -43.845,  -161.116,   -71.718,  -141.445,   -31.116,  -113.137,  -113.137,   -31.116,   -49.718,   194.155,   -31.116,     8.282,   131.755,   -31.116,   113.137,   113.137,   -31.116,   231.718,   -35.155,    30.000,     1.000,     0.000,     0.000,     0.000,kLegHierarchyChange,0,1
0010010111001100011111001100,   126.282,   -43.845,  -161.116,   -71.718,  -141.445,   -31.116,  -151.932,  -186.712,   -20.000,   -49.718,   194.155,   -31.116,     8.282,   131.755,   -31.116,    24.068,   151.288,   -20.000,   126.282,   -43.845,  -161.116,   -71.718,  -141.445,   -31.116,  -113.137,  -113.137,   -31.116,   -49.718,   194.155,   -31.116,     8.282,   131.755,   -31.116,   113.137,   113.137,   -31.116,   231.718,   -35.155,    30.000,     1.000,     0.000,     0.000,     0.000,kLegUpDown,0,1
0010110111000100111101000100,   126.282,   -43.845,   -20.000,   -71.718,  -141.445,   -20.000,   -29.718,  -223.845,   -31.116,   -49.718,   194.155,   -20.000,     8.282,   131.755,   -31.116,   146.282,    14.155,  -161.116,   113.137,  -113.137,  -161.116,    -0.000,  -160.000,   -31.116,   -29.718,  -223.845,   -31.116,  -113.137,   113.137,   -31.116,     8.282,   131.755,   -31.116,   146.282,    14.155,  -161.116,   231.718,   -35.155,    30.000,     1.000,     0.000,     0.000,     0.000,kComUpDown,0,1
0010110111000100111101000100,   126.282,   -43.845,   -20.000,   -71.718,  -141.445,   -20.000,   -29.718,  -223.845,   -31.116,   -49.718,   194.155,   -20.000,     8.282,   131.755,   -31.116,   146.282,    14.155,  -161.116,   113.137,  -113.137,  -161.116,    -0.000,  -160.000,   -31.116,   -29.718,  -223.845,   -31.116,  -113.137,   113.137,   -31.116,     8.282,   131.755,   -31.116,   146.282,    14.155,  -161.116,   231.718,   -35.155,    30.000,     1.000,     0.000,     0.000,     0.000,kComMove,0,1
0111110011000100110001000100,   126.282,   -43.845,   -20.000,   -71.718,  -141.445,   -20.000,   -51.333,  -144.000,   -31.116,   -49.718,   194.155,   -20.000,   -13.333,   211.600,   -31.116,   124.667,    94.000,  -161.116,   113.137,  -113.137,  -161.116,    -0.000,  -160.000,   -31.116,   -51.333,  -144.000,   -31.116,  -113.137,   113.137,   -31.116,   -13.333,   211.600,   -31.116,   124.667,    94.000,  -161.116,   253.333,  -115.000,    30.000,     1.000,     0.000,     0.000,     0.000,kLegHierarchyChange,0,1
0111110011000100110001110101,   126.282,   -43.845,   -20.000,   -71.718,  -141.445,   -20.000,   -51.333,  -144.000,   -31.116,   -49.718,   194.155,   -20.000,   -13.333,   211.600,   -31.116,   124.667,    94.000,  -161.116,   113.137,  -113.137,  -161.116,    -0.000,  -160.000,   -31.116,   -51.333,  -144.000,   -31.116,  -113.137,   113.137,   -31.116,   -13.333,   211.600,   -31.116,   124.667,    94.000,  -161.116,   253.333,  -115.000,    30.000,     1.000,     0.000,     0.000,     0.000,kLegUpDown,0,1
0111010011001100010011111101,   144.667,   -24.000,  -161.116,   106.667,  -141.600,   -31.116,   -51.333,  -144.000,   -20.000,  -111.333,   114.000,   -31.116,   -13.333,   211.600,   -31.116,   124.667,    94.000,   -20.000,   144.667,   -24.000,  -161.116,   106.667,  -141.600,   -31.116,  -113.137,  -113.137,   -31.116,  -111.333,   114.000,   -31.116,   -13.333,   211.600,   -31.116,   113.137,   113.137,  -161.116,   253.333,  -115.000,    30.000,     1.000,     0.000,     0.000,     0.000,kComUpDown,0,1
0111010011001100010011111101,   144.667,   -24.000,  -161.116,   106.667,  -141.600,   -31.116,   -51.333,  -144.000,   -20.000,  -111.333,   114.000,   -31.116,   -13.333,   211.600,   -31.116,   124.667,    94.000,   -20.000,   144.667,   -24.000,  -161.116,   106.667,  -141.600,   -31.116,  -113.137,  -113.137,   -31.116,  -111.333,   114.000,   -31.116,   -13.333,   211.600,   -31.116,   113.137,   113.137,  -161.116,   253.333,  -115.000,    30.000,     1.000,     0.000,     0.000,     0.000,kComMove,0,1
0110010011001100010011001100,    71.649,  -112.292,  -161.116,    33.649,  -229.892,   -31.116,   -51.333,  -144.000,   -20.000,  -184.351,    25.708,   -31.116,   -86.351,   123.308,   -31.116,   124.667,    94.000,   -20.000,    71.649,  -112.292,  -161.116,    33.649,  -229.892,   -31.116,  -113.137,  -113.137,   -31.116,  -184.351,    25.708,   -31.116,   -86.351,   123.308,   -31.116,   113.137,   113.137,  -161.116,   326.351,   -26.708,    30.000,     1.000,     0.000,     0.000,     0.000,kLegHierarchyChange,0,1
0110010011001100011111001100,    71.649,  -112.292,  -161.116,    33.649,  -229.892,   -31.116,   -51.333,  -144.000,   -20.000,  -184.351,    25.708,   -31.116,   -86.351,   123.308,   -31.116,   124.667,    94.000,   -20.000,    71.649,  -112.292,  -161.116,    33.649,  -229.892,   -31.116,  -113.137,  -113.137,   -31.116,  -184.351,    25.708,   -31.116,   -86.351,   123.308,   -31.116,   113.137,   113.137,  -161.116,   326.351,   -26.708,    30.000,     1.000,     0.000,     0.000,     0.000,kLegUpDown,0,1
0110110011001100011111000100,    71.649,  -112.292,   -20.000,    33.649,  -229.892,   -31.116,   -51.333,  -144.000,   -20.000,  -184.351,    25.708,   -31.116,   -86.351,   123.308,   -31.116,   111.649,   105.708,  -161.116,   113.137,  -113.137,  -161.116,    33.649,  -229.892,   -31.116,  -113.137,  -113.137,   -31.116,  -184.351,    25.708,   -31.116,   -86.351,   123.308,   -31.116,   111.649,   105.708,  -161.116,   326.351,   -26.708,    30.000,     1.000,     0.000,     0.000,     0.000,kComUpDown,0,1
0110110011001100011111000100,    71.649,  -112.292,   -20.000,    33.649,  -229.892,   -31.116,   -51.333,  -144.000,   -20.000,  -184.351,    25.708,   -31.116,   -86.351,   123.308,   -31.116,   111.649,   105.708,  -161.116,   113.137,  -113.137,  -161.116,    33.649,  -229.892,   -31.116,  -113.137,  -113.137,   -31.116,  -184.351,    25.708,   -31.116,   -86.351,   123.308,   -31.116,   111.649,   105.708,  -161.116,   326.351,   -26.708,    30.000,     1.000,     0.000,     0.000,     0.000,kComMove,0,1
0001110011001100010011000100,    71.649,  -112.292,   -20.000,    -8.530,  -198.579,   -31.116,   -51.333,  -144.000,   -20.000,  -226.530,    57.021,   -31.116,  -128.530,   154.621,   -31.116,    69.470,   137.021,  -161.116,   113.137,  -113.137,  -161.116,    -8.530,  -198.579,   -31.116,  -113.137,  -113.137,   -31.116,  -226.530,    57.021,   -31.116,  -128.530,   154.621,   -31.116,    69.470,   137.021,  -161.116,   368.530,   -58.021,    30.000,     1.000,     0.000,     0.000,     0.000,kLegHierarchyChange,0,1
0001110011001100000111000111,    71.649,  -112.292,   -20.000,    -8.530,  -198.579,   -31.116,   -51.333,  -144.000,   -20.000,  -226.530,    57.021,   -31.116,  -128.530,   154.621,   -31.116,    69.470,   137.021,  -161.116,   113.137,  -113.137,  -161.116,    -8.530,  -198.579,   -31.116,  -113.137,  -113.137,   -31.116,  -226.530,    57.021,   -31.116,  -128.530,   154.621,   -31.116,    69.470,   137.021,  -161.116,   368.530,   -58.021,    30.000,     1.000,     0.000,     0.000,     0.000,kLegUpDown,0,1
0001110001000100100111000111,    71.649,  -112.292,   -20.000,    -8.530,  -198.579,   -31.116,  -146.530,   -20.979,   -31.116,  -226.530,    57.021,   -20.000,  -128.530,   154.621,   -20.000,    69.470,   137.021,  -161.116,   113.137,  -113.137,  -161.116,    -8.530,  -198.579,   -31.116,  -146.530,   -20.979,   -31.116,  -113.137,   113.137,   -31.116,    -0.000,   160.000,   -31.116,    69.470,   137.021,  -161.116,   368.530,   -58.021,    30.000,     1.000,     0.000,     0.000,     0.000,kComUpDown,0,1
0001110001000100100111000111,    71.649,  -112.292,   -20.000,    -8.530,  -198.579,   -31.116,  -146.530,   -20.979,   -31.116,  -226.530,    57.021,   -20.000,  -128.530,   154.621,   -20.000,    69.470,   137.021,  -161.116,   113.137,  -113.137,  -161.116,    -8.530,  -198.579,   -31.116,  -146.530,   -20.979,   -31.116,  -113.137,   113.137,   -31.116,    -0.000,   160.000,   -31.116,    69.470,   137.021,  -161.116,   368.530,   -58.021,    30.000,     1.000,     0.000,     0.000,     0.000,kComMove,0,1
0001110001000100110011000100,    71.649,  -112.292,   -20.000,   -16.164,  -205.646,   -31.116,  -154.164,   -28.046,   -31.116,  -226.530,    57.021,   -20.000,  -128.530,   154.621,   -20.000,    61.836,   129.954,  -161.116,   113.137,  -113.137,  -161.116,   -16.164,  -205.646,   -31.116,  -154.164,   -28.046,   -31.116,  -113.137,   113.137,   -31.116,    -0.000,   160.000,   -31.116,    61.836,   129.954,  -161.116,   376.164,   -50.954,    30.000,     1.000,     0.000,     0.000,     0.000,kLegHierarchyChange,0,1
0001110001000001110011000011,    71.649,  -112.292,   -20.000,   -16.164,  -205.646,   -31.116,  -154.164,   -28.046,   -31.116,  -226.530,    57.021,   -20.000,  -128.530,   154.621,   -20.000,    61.836,   129.954,  -161.116,   113.137,  -113.137,  -161.116,   -16.164,  -205.646,   -31.116,  -154.164,   -28.046,   -31.116,  -113.137,   113.137,   -31.116,    -0.000,   160.000,   -31.116,    61.836,   129.954,  -161.116,   376.164,   -50.954,    30.000,     1.000,     0.000,     0.000,     0.000,kLegUpDown,0,1
0001010011001001110011001011,    61.836,  -148.046,  -161.116,   -16.164,  -205.646,   -31.116,  -154.164,   -28.046,   -31.116,  -154.164,    29.954,   -31.116,     3.836,   167.554,   -31.116,    61.836,   129.954,   -20.000,    61.836,  -148.046,  -161.116,   -16.164,  -205.646,   -31.116,  -154.164,   -28.046,   -31.116,  -154.164,    29.954,   -31.116,     3.836,   167.554,   -31.116,   113.137,   113.137,  -161.116,   376.164,   -50.954,    30.000,     1.000,     0.000,     0.000,     0.000,kComUpDown,0,1
0001010011001001110011001011,    61.836,  -148.046,  -161.116,   -16.164,  -205.646,   -31.116,  -154.164,   -28.046,   -31.116,  -154.164,    29.954,   -31.116,     3.836,   167.554,   -31.116,    61.836,   129.954,   -20.000,    61.836,  -148.046,  -161.116,   -16.164,  -205.646,   -31.116,  -154.164,   -28.046,   -31.116,  -154.164,    29.954,   -31.116,     3.836,   167.554,   -31.116,   113.137,   113.137,  -161.116,   376.164,   -50.954,    30.000,     1.000,     0.000,     0.000,     0.000,kComMove,0,1
0001010011001100110011001100,    12.824,  -143.211,  -161.116,   -65.176,  -200.811,   -31.116,  -203.176,   -23.211,   -31.116,  -203.176,    34.789,   -31.116,   -45.176,   172.389,   -31.116,    61.836,   129.954,   -20.000,    12.824,  -143.211,  -161.116,   -65.176,  -200.811,   -31.116,  -203.176,   -23.211,   -31.116,  -203.176,    34.789,   -31.116,   -45.176,   172.389,   -31.116,   113.137,   113.137,  -161.116,   425.176,   -55.789,    30.000,     1.000,     0.000,     0.000,     0.000,kLegHierarchyChange,0,1
0001010011001100110011001100,    12.824,  -143.211,  -161.116,   -65.176,  -200.811,   -31.116,  -203.176,   -23.211,   -31.116,  -203.176,    34.789,   -31.116,   -45.176,   172.389,   -31.116,    61.836,   129.954,   -20.000,    12.824,  -143.211,  -161.116,   -65.176,  -200.811,   -31.116,  -203.176,   -23.211,   -31.116,  -203.176,    34.789,   -31.116,   -45.176,   172.389,   -31.116,   113.137,   113.137,  -161.116,   425.176,   -55.789,    30.000,     1.000,     0.000,     0.000,     0.000,kLegUpDown,0,1
0001110011000100010011000100,    12.824,  -143.211,   -20.000,   -65.176,  -200.811,   -31.116,  -203.176,   -23.211,   -20.000,  -203.176,    34.789,   -20.000,   -45.176,   172.389,   -31.116,   112.824,   114.789,  -161.116,   113.137,  -113.137,  -161.116,   -65.176,  -200.811,   -31.116,  -113.137,  -113.137,   -31.116,  -113.137,   113.137,   -31.116,   -45.176,   172.389,   -31.116,   112.824,   114.789,  -161.116,   425.176,   -55.789,    30.000,     1.000,     0.000,     0.000,     0.000,kComUpDown,0,1
0001110011000100010011000100,    12.824,  -143.211,   -20.000,   -65.176,  -200.811,   -31.116,  -203.176,   -23.211,   -20.000,  -203.176,    34.789,   -20.000,   -45.176,   172.389,   -31.116,   112.824,   114.789,  -161.116,   113.137,  -113.137,  -161.116,   -65.176,  -200.811,   -31.116,  -113.137,  -113.137,   -31.116,  -113.137,   113.137,   -31.116,   -45.176,   172.389,   -31.116,   112.824,   114.789,  -161.116,   425.176,   -55.789,    30.000,     1.000,     0.000,     0.000,     0.000,kComMove,0,1
0001110011000100010011000100,    12.824,  -143.211,   -20.000,  -120.304,  -170.507,   -31.116,  -203.176,   -23.211,   -20.000,  -203.176,    34.789,   -20.000,  -100.304,   202.693,   -31.116,    57.696,   145.093,  -161.116,   113.137,  -113.137,  -161.116,  -120.304,  -170.507,   -31.116,  -113.137,  -113.137,   -31.116,  -113.137,   113.137,   -31.116,  -100.304,   202.693,   -31.116,    57.696,   145.093,  -161.116,   480.304,   -86.093,    30.000,     1.000,     0.000,     0.000,     0.000,kLegHierarchyChange,0,1
0001110011000101010011000111,    12.824,  -143.211,   -20.000,  -120.304,  -170.507,   -31.116,  -203.176,   -23.211,   -20.000,  -203.176,    34.789,   -20.000,  -100.304,   202.693,   -31.116,    57.696,   145.093,  -161.116,   113.137,  -113.137,  -161.116,  -120.304,  -170.507,   -31.116,  -113.137,  -113.137,   -31.116,  -113.137,   113.137,   -31.116,  -100.304,   202.693,   -31.116,    57.696,   145.093,  -161.116,   480.304,   -86.093,    30.000,     1.000,     0.000,     0.000,     0.000,kLegUpDown,0,1
0001110011001101110011000111,    12.824,  -143.211,   -20.000,  -120.304,  -170.507,   -31.116,  -118.304,  -112.907,   -31.116,   -18.304,   145.093,   -31.116,  -100.304,   202.693,   -31.116,    57.696,   145.093,  -161.116,   113.137,  -113.137,  -161.116,  -120.304,  -170.507,   -31.116,  -118.304,  -112.907,   -31.116,   -18.304,   145.093,   -31.116,  -100.304,   202.693,   -31.116,    57.696,   145.093,  -161.116,   480.304,   -86.093,    30.000,     1.000,     0.000,     0.000,     0.000,kComUpDown,0,1
0001110011001101110011000111,    12.824,  -143.211,   -20.000,  -120.304,  -170.507,   -31.116,  -118.304,  -112.907,   -31.116,   -18.304,   145.093,   -31.116,  -100.304,   202.693,   -31.116,    57.696,   145.093,  -161.116,   113.137,  -113.137,  -161.116,  -120.304,  -170.507,   -31.116,  -118.304,  -112.907,   -31.116,   -18.304,   145.093,   -31.116,  -100.304,   202.693,   -31.116,    57.696,   145.093,  -161.116,   480.304,   -86.093,    30.000,     1.000,     0.000,     0.000,     0.000,kComMove,0,1
0001110011001100110011000100,    12.824,  -143.211,   -20.000,  -145.992,  -178.413,   -31.116,  -143.992,  -120.813,   -31.116,   -43.992,   137.187,   -31.116,  -125.992,   194.787,   -31.116,    32.008,   137.187,  -161.116,   113.137,  -113.137,  -161.116,  -145.992,  -178.413,   -31.116,  -143.992,  -120.813,   -31.116,   -43.992,   137.187,   -31.116,  -125.992,   194.787,   -31.116,    32.008,   137.187,  -161.116,   505.992,   -78.187,    30.000,     1.000,     0.000,     0.000,     0.000,kLegHierarchyChange,0,1
0001110011001100110011000101,    12.824,  -143.211,   -20.000,  -145.992,  -178.413,   -31.116,  -143.992,  -120.813,   -31.116,   -43.992,   137.187,   -31.116,  -125.992,   194.787,   -31.116,    32.008,   137.187,  -161.116,   113.137,  -113.137,  -161.116,  -145.992,  -178.413,   -31.116,  -143.992,  -120.813,   -31.116,   -43.992,   137.187,   -31.116,  -125.992,   194.787,   -31.116,    32.008,   137.187,  -161.116,   505.992,   -78.187,    30.000,     1.000,     0.000,     0.000,     0.000,kLegUpDown,0,1
0001010011001100110001001101,   152.008,   -20.813,  -161.116,  -145.992,  -178.413,   -20.000,  -143.992,  -120.813,   -31.116,   -43.992,   137.187,   -31.116,  -125.992,   194.787,   -31.116,    32.008,   137.187,   -20.000,   152.008,   -20.813,  -161.116,    -0.000,  -160.000,   -31.116,  -143.992,  -120.813,   -31.116,   -43.992,   137.187,   -31.116,  -125.992,   194.787,   -31.116,   113.137,   113.137,  -161.116,   505.992,   -78.187,    30.000,     1.000,     0.000,     0.000,     0.000,kComUpDown,0,1
0001010011001100110001001101,   152.008,   -20.813,  -161.116,  -145.992,  -178.413,   -20.000,  -143.992,  -120.813,   -31.116,   -43.992,   137.187,   -31.116,  -125.992,   194.787,   -31.116,    32.008,   137.187,   -20.000,   152.008,   -20.813,  -161.116,    -0.000,  -160.000,   -31.116,  -143.992,  -120.813,   -31.116,   -43.992,   137.187,   -31.116,  -125.992,   194.787,   -31.116,   113.137,   113.137,  -161.116,   505.992,   -78.187,    30.000,     1.000,     0.000,     0.000,     0.000,kComMove,0,1
0010010011001100110001001100,   129.997,   -28.217,  -161.116,  -145.992,  -178.413,   -20.000,  -166.003,  -128.217,   -31.116,   -66.003,   129.783,   -31.116,  -148.003,   187.383,   -31.116,    32.008,   137.187,   -20.000,   129.997,   -28.217,  -161.116,    -0.000,  -160.000,   -31.116,  -166.003,  -128.217,   -31.116,   -66.003,   129.783,   -31.116,  -148.003,   187.383,   -31.116,   113.137,   113.137,  -161.116,   528.003,   -70.783,    30.000,     1.000,     0.000,     0.000,     0.000,kLegHierarchyChange,0,1
0010010011001100110001011100,   129.997,   -28.217,  -161.116,  -145.992,  -178.413,   -20.000,  -166.003,  -128.217,   -31.116,   -66.003,   129.783,   -31.116,  -148.003,   187.383,   -31.116,    32.008,   137.187,   -20.000,   129.997,   -28.217,  -161.116,    -0.000,  -160.000,   -31.116,  -166.003,  -128.217,   -31.116,   -66.003,   129.783,   -31.116,  -148.003,   187.383,   -31.116,   113.137,   113.137,  -161.116,   528.003,   -70.783,    30.000,     1.000,     0.000,     0.000,     0.000,kLegUpDown,0,1
0010110001001100010011010100,   129.997,   -28.217,   -20.000,    91.997,  -125.817,  -161.116,  -166.003,  -128.217,   -20.000,   -66.003,   129.783,   -31.116,  -148.003,   187.383,   -20.000,   109.997,   109.783,  -161.116,   113.137,  -113.137,  -161.116,    91.997,  -125.817,  -161.116,  -113.137,  -113.137,   -31.116,   -66.003,   129.783,   -31.116,    -0.000,   160.000,   -31.116,   109.997,   109.783,  -161.116,   528.003,   -70.783,    30.000,     1.000,     0.000,     0.000,     0.000,kComUpDown,0,1
0010110001001100010011010100,   129.997,   -28.217,   -20.000,    91.997,  -125.817,  -161.116,  -166.003,  -128.217,   -20.000,   -66.003,   129.783,   -31.116,  -148.003,   187.383,   -20.000,   109.997,   109.783,  -161.116,   113.137,  -113.137,  -161.116,    91.997,  -125.817,  -161.116,  -113.137,  -113.137,   -31.116,   -66.003,   129.783,   -31.116,    -0.000,   160.000,   -31.116,   109.997,   109.783,  -161.116,   528.003,   -70.783,    30.000,     1.000,     0.000,     0.000,     0.000,kComMove,0,1
0010110001001100010011000100,   129.997,   -28.217,   -20.000,    88.486,  -116.914,  -161.116,  -166.003,  -128.217,   -20.000,   -69.514,   138.686,   -31.116,  -148.003,   187.383,   -20.000,   106.486,   118.686,  -161.116,   113.137,  -113.137,  -161.116,    88.486,  -116.914,  -161.116,  -113.137,  -113.137,   -31.116,   -69.514,   138.686,   -31.116,    -0.000,   160.000,   -31.116,   106.486,   118.686,  -161.116,   531.514,   -79.686,    30.000,     1.000,     0.000,     0.000,     0.000,kLegHierarchyChange,0,1
0010110001001100011111000111,   129.997,   -28.217,   -20.000,    88.486,  -116.914,  -161.116,  -166.003,  -128.217,   -20.000,   -69.514,   138.686,   -31.116,  -148.003,   187.383,   -20.000,   106.486,   118.686,  -161.116,   113.137,  -113.137,  -161.116,    88.486,  -116.914,  -161.116,  -113.137,  -113.137,   -31.116,   -69.514,   138.686,   -31.116,    -0.000,   160.000,   -31.116,   106.486,   118.686,  -161.116,   531.514,   -79.686,    30.000,     1.000,     0.000,     0.000,     0.000,kLegUpDown,0,1
0010010011001100011111001111,   126.486,   -99.314,  -161.116,    88.486,  -116.914,  -161.116,  -166.003,  -128.217,   -20.000,   -69.514,   138.686,   -31.116,     8.486,   156.286,  -161.116,   106.486,   118.686,   -20.000,   126.486,   -99.314,  -161.116,    88.486,  -116.914,  -161.116,  -113.137,  -113.137,   -31.116,   -69.514,   138.686,   -31.116,     8.486,   156.286,  -161.116,   113.137,   113.137,  -161.116,   531.514,   -79.686,    30.000,     1.000,     0.000,     0.000,     0.000,kComUpDown,0,1
0010010011001100011111001111,   126.486,   -99.314,  -161.116,    88.486,  -116.914,  -161.116,  -166.003,  -128.217,   -20.000,   -69.514,   138.686,   -31.116,     8.486,   156.286,  -161.116,   106.486,   118.686,   -20.000,   126.486,   -99.314,  -161.116,    88.486,  -116.914,  -161.116,  -113.137,  -113.137,   -31.116,   -69.514,   138.686,   -31.116,     8.486,   156.286,  -161.116,   113.137,   113.137,  -161.116,   531.514,   -79.686,    30.000,     1.000,     0.000,     0.000,     0.000,kComMove,0,1
0001010011001100010011001100,    23.442,  -141.641,  -161.116,   -14.558,  -159.241,  -161.116,  -166.003,  -128.217,   -20.000,  -172.558,    96.359,   -31.116,   -94.558,   113.959,  -161.116,   106.486,   118.686,   -20.000,    23.442,  -141.641,  -161.116,   -14.558,  -159.241,  -161.116,  -113.137,  -113.137,   -31.116,  -172.558,    96.359,   -31.116,   -94.558,   113.959,  -161.116,   113.137,   113.137,  -161.116,   634.558,   -37.359,    30.000,     1.000,     0.000,     0.000,     0.000,kLegHierarchyChange,0,1
0001010111001100010111001100,    23.442,  -141.641,  -161.116,   -14.558,  -159.241,  -161.116,  -166.003,  -128.217,   -20.000,  -172.558,    96.359,   -31.116,   -94.558,   113.959,  -161.116,   106.486,   118.686,   -20.000,    23.442,  -141.641,  -161.116,   -14.558,  -159.241,  -161.116,  -113.137,  -113.137,   -31.116,  -172.558,    96.359,   -31.116,   -94.558,   113.959,  -161.116,   113.137,   113.137,  -161.116,   634.558,   -37.359,    30.000,     1.000,     0.000,     0.000,     0.000,kLegUpDown,0,1
0001110111000100110111000100,    23.442,  -141.641,   -20.000,   -14.558,  -159.241,  -161.116,   -12.558,  -141.641,  -161.116,  -172.558,    96.359,   -20.000,   -94.558,   113.959,  -161.116,   143.442,    16.359,  -161.116,   113.137,  -113.137,  -161.116,   -14.558,  -159.241,  -161.116,   -12.558,  -141.641,  -161.116,  -113.137,   113.137,   -31.116,   -94.558,   113.959,  -161.116,   143.442,    16.359,  -161.116,   634.558,   -37.359,    30.000,     1.000,     0.000,     0.000,     0.000,kComUpDown,0,1
0001110111000100110111000100,    23.442,  -141.641,   -20.000,   -14.558,  -159.241,   -31.116,   -12.558,  -141.641,   -31.116,  -172.558,    96.359,   -20.000,   -94.558,   113.959,   -31.116,   143.442,    16.359,   -31.116,   113.137,  -113.137,   -31.116,   -14.558,  -159.241,   -31.116,   -12.558,  -141.641,   -31.116,  -113.137,   113.137,    98.884,   -94.558,   113.959,   -31.116,   143.442,    16.359,   -31.116,   634.558,   -37.359,  -100.000,     1.000,     0.000,     0.000,     0.000,kComMove,0,1
0001110111000100110111000100,    23.442,  -141.641,   -20.000,   -14.558,  -159.241,   -31.116,   -12.558,  -141.641,   -31.116,  -172.558,    96.359,   -20.000,   -94.558,   113.959,   -31.116,   143.442,    16.359,   -31.116,   113.137,  -113.137,   -31.116,   -14.558,  -159.241,   -31.116,   -12.558,  -141.641,   -31.116,  -113.137,   113.137,    98.884,   -94.558,   113.959,   -31.116,   143.442,    16.359,   -31.116,   634.558,   -37.359,  -100.000,     1.000,     0.000,     0.000,     0.000,kLegHierarchyChange,0,1
0001110111000111110111000111,    23.442,  -141.641,   -20.000,   -14.558,  -159.241,   -31.116,   -12.558,  -141.641,   -31.116,  -172.558,    96.359,   -20.000,   -94.558,   113.959,   -31.116,   143.442,    16.359,   -31.116,   113.137,  -113.137,   -31.116,   -14.558,  -159.241,   -31.116,   -12.558,  -141.641,   -31.116,  -113.137,   113.137,    98.884,   -94.558,   113.959,   -31.116,   143.442,    16.359,   -31.116,   634.558,   -37.359,  -100.000,     1.000,     0.000,     0.000,     0.000,kLegUpDown,0,1
0001110101001111110101001111,   223.442,   -21.641,   -31.116,   -14.558,  -159.241,   -20.000,   -12.558,  -141.641,   -31.116,   -32.558,   216.359,   -31.116,   -94.558,   113.959,   -20.000,   143.442,    16.359,   -31.116,   223.442,   -21.641,   -31.116,    -0.000,  -160.000,   -31.116,   -12.558,  -141.641,   -31.116,   -32.558,   216.359,   -31.116,    -0.000,   160.000,   -31.116,   143.442,    16.359,   -31.116,   634.558,   -37.359,  -100.000,     1.000,     0.000,     0.000,     0.000,kComUpDown,0,1
0001110101001111110101001111,   223.442,   -21.641,   -31.116,   -14.558,  -159.241,   -20.000,   -12.558,  -141.641,   -31.116,   -32.558,   216.359,   -31.116,   -94.558,   113.959,   -20.000,   143.442,    16.359,   -31.116,   223.442,   -21.641,   -31.116,    -0.000,  -160.000,   -31.116,   -12.558,  -141.641,   -31.116,   -32.558,   216.359,   -31.116,    -0.000,   160.000,   -31.116,   143.442,    16.359,   -31.116,   634.558,   -37.359,  -100.000,     1.000,     0.000,     0.000,     0.000,kComMove,0,1
0001110101001111110101001111,   223.442,   -21.641,   -31.116,   -14.558,  -159.241,   -20.000,   -12.558,  -141.641,   -31.116,   -32.558,   216.359,   -31.116,   -94.558,   113.959,   -20.000,   143.442,    16.359,   -31.116,   223.442,   -21.641,   -31.116,    -0.000,  -160.000,   -31.116,   -12.558,  -141.641,   -31.116,   -32.558,   216.359,   -31.116,    -0.000,   160.000,   -31.116,   143.442,    16.359,   -31.116,   634.558,   -37.359,  -100.000,     1.000,     0.000,     0.000,     0.000,kLegHierarchyChange,0,1
0001110101001111110101001111,   223.442,   -21.641,   -31.116,   -14.558,  -159.241,   -20.000,   -12.558,  -141.641,   -31.116,   -32.558,   216.359,   -31.116,   -94.558,   113.959,   -20.000,   143.442,    16.359,   -31.116,   223.442,   -21.641,   -31.116,    -0.000,  -160.000,   -31.116,   -12.558,  -141.641,   -31.116,   -32.558,   216.359,   -31.116,    -0.000,   160.000,   -31.116,   143.442,    16.359,   -31.116,   634.558,   -37.359,  -100.000,     1.000,     0.000,     0.000,     0.000,kLegUpDown,0,1
0001010111001111110111001111,   223.442,   -21.641,   -31.116,     5.442,  -159.241,   -31.116,   -12.558,  -141.641,   -31.116,   -32.558,   216.359,   -31.116,     5.442,   153.959,   -31.116,   143.442,    16.359,   -20.000,   223.442,   -21.641,   -31.116,     5.442,  -159.241,   -31.116,   -12.558,  -141.641,   -31.116,   -32.558,   216.359,   -31.116,     5.442,   153.959,   -31.116,   113.137,   113.137,   -31.116,   634.558,   -37.359,  -100.000,     1.000,     0.000,     0.000,     0.000,kComUpDown,0,1
0001010111001111110111001111,   223.442,   -21.641,   -31.116,     5.442,  -159.241,   -31.116,   -12.558,  -141.641,   -31.116,   -32.558,   216.359,   -31.116,     5.442,   153.959,   -31.116,   143.442,    16.359,   -20.000,   223.442,   -21.641,   -31.116,     5.442,  -159.241,   -31.116,   -12.558,  -141.641,   -31.116,   -32.558,   216.359,   -31.116,     5.442,   153.959,   -31.116,   113.137,   113.137,   -31.116,   634.558,   -37.359,  -100.000,     1.000,     0.000,     0.000,     0.000,kComMove,0,1
0111010011001100110011001100,   124.056,   -50.400,   -31.116,   -93.944,  -188.000,   -31.116,  -111.944,  -170.400,   -31.116,  -131.944,   187.600,   -31.116,   -93.944,   125.200,   -31.116,   143.442,    16.359,   -20.000,   124.056,   -50.400,   -31.116,   -93.944,  -188.000,   -31.116,  -111.944,  -170.400,   -31.116,  -131.944,   187.600,   -31.116,   -93.944,   125.200,   -31.116,   113.137,   113.137,   -31.116,   733.944,    -8.600,  -100.000,     1.000,     0.000,     0.000,     0.000,kLegHierarchyChange,0,1
0111011111001100110011001100,   124.056,   -50.400,   -31.116,   -93.944,  -188.000,   -31.116,  -111.944,  -170.400,   -31.116,  -131.944,   187.600,   -31.116,   -93.944,   125.200,   -31.116,   143.442,    16.359,   -20.000,   124.056,   -50.400,   -31.116,   -93.944,  -188.000,   -31.116,  -111.944,  -170.400,   -31.116,  -131.944,   187.600,   -31.116,   -93.944,   125.200,   -31.116,   113.137,   113.137,   -31.116,   733.944,    -8.600,  -100.000,     1.000,     0.000,     0.000,     0.000,kLegUpDown,0,1
0111111111000100110001000100,   124.056,   -50.400,   -20.000,   -93.944,  -188.000,   -20.000,  -111.944,  -170.400,   -31.116,  -131.944,   187.600,   -20.000,   -93.944,   125.200,   -31.116,   224.056,    27.600,   -31.116,   113.137,  -113.137,   -31.116,    -0.000,  -160.000,   -31.116,  -111.944,  -170.400,   -31.116,  -113.137,   113.137,   -31.116,   -93.944,   125.200,   -31.116,   224.056,    27.600,   -31.116,   733.944,    -8.600,  -100.000,     1.000,     0.000,     0.000,     0.000,kComUpDown,0,1
0111111111000100110001000100,   124.056,   -50.400,   -20.000,   -93.944,  -188.000,   -20.000,  -111.944,  -170.400,   -31.116,  -131.944,   187.600,   -20.000,   -93.944,   125.200,   -31.116,   224.056,    27.600,   -31.116,   113.137,  -113.137,   -31.116,    -0.000,  -160.000,   -31.116,  -111.944,  -170.400,   -31.116,  -113.137,   113.137,   -31.116,   -93.944,   125.200,   -31.116,   224.056,    27.600,   -31.116,   733.944,    -8.600,  -100.000,     1.000,     0.000,     0.000,     0.000,kComMove,0,1
0111110011000100110001000100,   124.056,   -50.400,   -20.000,   -93.944,  -188.000,   -20.000,  -153.670,  -131.265,   -31.116,  -131.944,   187.600,   -20.000,  -135.670,   164.335,   -31.116,   182.330,    66.735,   -31.116,   113.137,  -113.137,   -31.116,    -0.000,  -160.000,   -31.116,  -153.670,  -131.265,   -31.116,  -113.137,   113.137,   -31.116,  -135.670,   164.335,   -31.116,   182.330,    66.735,   -31.116,   775.670,   -47.735,  -100.000,     1.000,     0.000,     0.000,     0.000,kLegHierarchyChange,0,1
0111110011000101110001110111,   124.056,   -50.400,   -20.000,   -93.944,  -188.000,   -20.000,  -153.670,  -131.265,   -31.116,  -131.944,   187.600,   -20.000,  -135.670,   164.335,   -31.116,   182.330,    66.735,   -31.116,   113.137,  -113.137,   -31.116,    -0.000,  -160.000,   -31.116,  -153.670,  -131.265,   -31.116,  -113.137,   113.137,   -31.116,  -135.670,   164.335,   -31.116,   182.330,    66.735,   -31.116,   775.670,   -47.735,  -100.000,     1.000,     0.000,     0.000,     0.000,kLegUpDown,0,1
0111010001001101010011111111,   222.330,   -31.265,   -31.116,   104.330,  -128.865,   -31.116,  -153.670,  -131.265,   -20.000,   -13.670,   146.735,   -31.116,  -135.670,   164.335,   -20.000,   182.330,    66.735,   -20.000,   222.330,   -31.265,   -31.116,   104.330,  -128.865,   -31.116,  -113.137,  -113.137,   -31.116,   -13.670,   146.735,   -31.116,    -0.000,   160.000,   -31.116,   113.137,   113.137,   -31.116,   775.670,   -47.735,  -100.000,     1.000,     0.000,     0.000,     0.000,kComUpDown,0,1
0111010001001101010011111111,   222.330,   -31.265,   -31.116,   104.330,  -128.865,   -31.116,  -153.670,  -131.265,   -20.000,   -13.670,   146.735,   -31.116,  -135.670,   164.335,   -20.000,   182.330,    66.735,   -20.000,   222.330,   -31.265,   -31.116,   104.330,  -128.865,   -31.116,  -113.137,  -113.137,   -31.116,   -13.670,   146.735,   -31.116,    -0.000,   160.000,   -31.116,   113.137,   113.137,   -31.116,   775.670,   -47.735,  -100.000,     1.000,     0.000,     0.000,     0.000,kComMove,0,1
0111010001001100010011001100,   130.343,   -61.454,   -31.116,    12.343,  -159.054,   -31.116,  -153.670,  -131.265,   -20.000,  -105.657,   116.546,   -31.116,  -135.670,   164.335,   -20.000,   182.330,    66.735,   -20.000,   130.343,   -61.454,   -31.116,    12.343,  -159.054,   -31.116,  -113.137,  -113.137,   -31.116,  -105.657,   116.546,   -31.116,    -0.000,   160.000,   -31.116,   113.137,   113.137,   -31.116,   867.657,   -17.546,  -100.000,     1.000,     0.000,     0.000,     0.000,kLegHierarchyChange,0,1
0111010001111100010111001100,   130.343,   -61.454,   -31.116,    12.343,  -159.054,   -31.116,  -153.670,  -131.265,   -20.000,  -105.657,   116.546,   -31.116,  -135.670,   164.335,   -20.000,   182.330,    66.735,   -20.000,   130.343,   -61.454,   -31.116,    12.343,  -159.054,   -31.116,  -113.137,  -113.137,   -31.116,  -105.657,   116.546,   -31.116,    -0.000,   160.000,   -31.116,   113.137,   113.137,   -31.116,   867.657,   -17.546,  -100.000,     1.000,     0.000,     0.000,     0.000,kLegUpDown,0,1
0111110011110100110111000100,   130.343,   -61.454,   -20.000,    12.343,  -159.054,   -31.116,   -25.657,  -141.454,   -31.116,  -105.657,   116.546,   -20.000,   112.343,   134.146,   -31.116,   110.343,   116.546,   -31.116,   113.137,  -113.137,   -31.116,    12.343,  -159.054,   -31.116,   -25.657,  -141.454,   -31.116,  -113.137,   113.137,   -31.116,   112.343,   134.146,   -31.116,   110.343,   116.546,   -31.116,   867.657,   -17.546,  -100.000,     1.000,     0.000,     0.000,     0.000,kComUpDown,0,1
0111110011110100110111000100,   130.343,   -61.454,   -20.000,    12.343,  -159.054,   -31.116,   -25.657,  -141.454,   -31.116,  -105.657,   116.546,   -20.000,   112.343,   134.146,   -31.116,   110.343,   116.546,   -31.116,   113.137,  -113.137,   -31.116,    12.343,  -159.054,   -31.116,   -25.657,  -141.454,   -31.116,  -113.137,   113.137,   -31.116,   112.343,   134.146,   -31.116,   110.343,   116.546,   -31.116,   867.657,   -17.546,  -100.000,     1.000,     0.000,     0.000,     0.000,kComMove,0,1
0010110011000100110011000100,   130.343,   -61.454,   -20.000,   -83.083,  -105.794,   -31.116,  -121.083,   -88.194,   -31.116,  -105.657,   116.546,   -20.000,    16.917,   187.406,   -31.116,    14.917,   169.806,   -31.116,   113.137,  -113.137,   -31.116,   -83.083,  -105.794,   -31.116,  -121.083,   -88.194,   -31.116,  -113.137,   113.137,   -31.116,    16.917,   187.406,   -31.116,    14.917,   169.806,   -31.116,   963.083,   -70.806,  -100.000,     1.000,     0.000,     0.000,     0.000,kLegHierarchyChange,0,1
0010110011000111110011000111,   130.343,   -61.454,   -20.000,   -83.083,  -105.794,   -31.116,  -121.083,   -88.194,   -31.116,  -105.657,   116.546,   -20.000,    16.917,   187.406,   -31.116,    14.917,   169.806,   -31.116,   113.137,  -113.137,   -31.116,   -83.083,  -105.794,   -31.116,  -121.083,   -88.194,   -31.116,  -113.137,   113.137,   -31.116,    16.917,   187.406,   -31.116,    14.917,   169.806,   -31.116,   963.083,   -70.806,  -100.000,     1.000,     0.000,     0.000,     0.000,kLegUpDown,0,1
0010010011001111110011001111,   234.917,   -28.194,   -31.116,   -83.083,  -105.794,   -31.116,  -121.083,   -88.194,   -31.116,   -21.083,   209.806,   -31.116,    16.917,   187.406,   -31.116,    14.917,   169.806,   -20.000,   234.917,   -28.194,   -31.116,   -83.083,  -105.794,   -31.116,  -121.083,   -88.194,   -31.116,   -21.083,   209.806,   -31.116,    16.917,   187.406,   -31.116,   113.137,   113.137,   -31.116,   963.083,   -70.806,  -100.000,     1.000,     0.000,     0.000,     0.000,kComUpDown,0,1
0010010011001111110011001111,   234.917,   -28.194,   -31.116,   -83.083,  -105.794,   -31.116,  -121.083,   -88.194,   -31.116,   -21.083,   209.806,   -31.116,    16.917,   187.406,   -31.116,    14.917,   169.806,   -20.000,   234.917,   -28.194,   -31.116,   -83.083,  -105.794,   -31.116,  -121.083,   -88.194,   -31.116,   -21.083,   209.806,   -31.116,    16.917,   187.406,   -31.116,   113.137,   113.137,   -31.116,   963.083,   -70.806,  -100.000,     1.000,     0.000,     0.000,     0.000,kComMove,0,1
0010010011001100110011001100,   200.935,   -84.498,   -31.116,  -117.065,  -162.098,   -31.116,  -155.065,  -144.498,   -31.116,   -55.065,   153.502,   -31.116,   -17.065,   131.102,   -31.116,    14.917,   169.806,   -20.000,   200.935,   -84.498,   -31.116,  -117.065,  -162.098,   -31.116,  -155.065,  -144.498,   -31.116,   -55.065,   153.502,   -31.116,   -17.065,   131.102,   -31.116,   113.137,   113.137,   -31.116,   997.065,   -14.502,  -100.000,     1.000,     0.000,     0.000,     0.000,kLegHierarchyChange,0,1
0010011111001100110011001100,   200.935,   -84.498,   -31.116,  -117.065,  -162.098,   -31.116,  -155.065,  -144.498,   -31.116,   -55.065,   153.502,   -31.116,   -17.065,   131.102,   -31.116,    14.917,   169.806,   -20.000,   200.935,   -84.498,   -31.116,  -117.065,  -162.098,   -31.116,  -155.065,  -144.498,   -31.116,   -55.065,   153.502,   -31.116,   -17.065,   131.102,   -31.116,   113.137,   113.137,   -31.116,   997.065,   -14.502,  -100.000,     1.000,     0.000,     0.000,     0.000,kLegUpDown,0,1
0010111111000100110001001100,   200.935,   -84.498,   -31.116,  -117.065,  -162.098,   -20.000,  -155.065,  -144.498,   -31.116,   -55.065,   153.502,   -20.000,   -17.065,   131.102,   -31.116,   220.935,    33.502,   -31.116,   200.935,   -84.498,   -31.116,    -0.000,  -160.000,   -31.116,  -155.065,  -144.498,   -31.116,  -113.137,   113.137,   -31.116,   -17.065,   131.102,   -31.116,   220.935,    33.502,   -31.116,   997.065,   -14.502,  -100.000,     1.000,     0.000,     0.000,     0.000,kComUpDown,0,1
0010111111000100110001001100,   200.935,   -84.498,   -31.116,  -117.065,  -162.098,   -20.000,  -155.065,  -144.498,   -31.116,   -55.065,   153.502,   -20.000,   -17.065,   131.102,   -31.116,   220.935,    33.502,   -31.116,   200.935,   -84.498,   -31.116,    -0.000,  -160.000,   -31.116,  -155.065,  -144.498,   -31.116,  -113.137,   113.137,   -31.116,   -17.065,   131.102,   -31.116,   220.935,    33.502,   -31.116,   997.065,   -14.502,  -100.000,     1.000,     0.000,     0.000,     0.000,kComMove,0,1
0010110011000100110001001100,   137.379,   -22.690,   -31.116,  -117.065,  -162.098,   -20.000,  -218.621,   -82.690,   -31.116,   -55.065,   153.502,   -20.000,   -80.621,   192.910,   -31.116,   157.379,    95.310,   -31.116,   137.379,   -22.690,   -31.116,    -0.000,  -160.000,   -31.116,  -218.621,   -82.690,   -31.116,  -113.137,   113.137,   -31.116,   -80.621,   192.910,   -31.116,   157.379,    95.310,   -31.116,  1060.621,   -76.310,  -100.000,     1.000,     0.000,     0.000,     0.000,kLegHierarchyChange,0,1
0010110011000101110001001100,   137.379,   -22.690,   -31.116,  -117.065,  -162.098,   -20.000,  -218.621,   -82.690,   -31.116,   -55.065,   153.502,   -20.000,   -80.621,   192.910,   -31.116,   157.379,    95.310,   -31.116,   137.379,   -22.690,   -31.116,    -0.000,  -160.000,   -31.116,  -218.621,   -82.690,   -31.116,  -113.137,   113.137,   -31.116,   -80.621,   192.910,   -31.116,   157.379,    95.310,   -31.116,  1060.621,   -76.310,  -100.000,     1.000,     0.000,     0.000,     0.000,kLegUpDown,0,1
0010110001001101010011000100,   137.379,   -22.690,   -20.000,    -0.621,  -160.290,   -31.116,  -218.621,   -82.690,   -20.000,   -18.621,   155.310,   -31.116,   -80.621,   192.910,   -20.000,   157.379,    95.310,   -31.116,   113.137,  -113.137,   -31.116,    -0.621,  -160.290,   -31.116,  -113.137,  -113.137,   -31.116,   -18.621,   155.310,   -31.116,    -0.000,   160.000,   -31.116,   157.379,    95.310,   -31.116,  1060.621,   -76.310,  -100.000,     1.000,     0.000,     0.000,     0.000,kComUpDown,0,1
0010110001001101010011000100,   137.379,   -22.690,   -20.000,    -0.621,  -160.290,   -31.116,  -218.621,   -82.690,   -20.000,   -18.621,   155.310,   -31.116,   -80.621,   192.910,   -20.000,   157.379,    95.310,   -31.116,   113.137,  -113.137,   -31.116,    -0.621,  -160.290,   -31.116,  -113.137,  -113.137,   -31.116,   -18.621,   155.310,   -31.116,    -0.000,   160.000,   -31.116,   157.379,    95.310,   -31.116,  1060.621,   -76.310,  -100.000,     1.000,     0.000,     0.000,     0.000,kComMove,0,1
0010110001001100010011000100,   137.379,   -22.690,   -20.000,   -84.793,  -115.699,   -31.116,  -218.621,   -82.690,   -20.000,  -102.793,   199.901,   -31.116,   -80.621,   192.910,   -20.000,    73.207,   139.901,   -31.116,   113.137,  -113.137,   -31.116,   -84.793,  -115.699,   -31.116,  -113.137,  -113.137,   -31.116,  -102.793,   199.901,   -31.116,    -0.000,   160.000,   -31.116,    73.207,   139.901,   -31.116,  1144.793,  -120.901,  -100.000,     1.000,     0.000,     0.000,     0.000,kLegHierarchyChange,0,1
0010110001001100000111000100,   137.379,   -22.690,   -20.000,   -84.793,  -115.699,   -31.116,  -218.621,   -82.690,   -20.000,  -102.793,   199.901,   -31.116,   -80.621,   192.910,   -20.000,    73.207,   139.901,   -31.116,   113.137,  -113.137,   -31.116,   -84.793,  -115.699,   -31.116,  -113.137,  -113.137,   -31.116,  -102.793,   199.901,   -31.116,    -0.000,   160.000,   -31.116,    73.207,   139.901,   -31.116,  1144.793,  -120.901,  -100.000,     1.000,     0.000,     0.000,     0.000,kLegUpDown,0,1
0010010011001100100101001100,   113.207,  -118.099,   -31.116,   -84.793,  -115.699,   -20.000,  -142.793,   -18.099,   -31.116,  -102.793,   199.901,   -31.116,    -4.793,   157.501,   -31.116,    73.207,   139.901,   -20.000,   113.207,  -118.099,   -31.116,    -0.000,  -160.000,   -31.116,  -142.793,   -18.099,   -31.116,  -102.793,   199.901,   -31.116,    -4.793,   157.501,   -31.116,   113.137,   113.137,   -31.116,  1144.793,  -120.901,  -100.000,     1.000,     0.000,     0.000,     0.000,kComUpDown,0,1
0010010011001100100101001100,   113.207,  -118.099,   -31.116,   -84.793,  -115.699,   -20.000,  -142.793,   -18.099,   -31.116,  -102.793,   199.901,   -31.116,    -4.793,   157.501,   -31.116,    73.207,   139.901,   -20.000,   113.207,  -118.099,   -31.116,    -0.000,  -160.000,   -31.116,  -142.793,   -18.099,   -31.116,  -102.793,   199.901,   -31.116,    -4.793,   157.501,   -31.116,   113.137,   113.137,   -31.116,  1144.793,  -120.901,  -100.000,     1.000,     0.000,     0.000,     0.000,kComMove,0,1
0001010011001100110001001100,    35.267,  -163.221,   -31.116,   -84.793,  -115.699,   -20.000,  -220.733,   -63.221,   -31.116,  -180.733,   154.779,   -31.116,   -82.733,   112.379,   -31.116,    73.207,   139.901,   -20.000,    35.267,  -163.221,   -31.116,    -0.000,  -160.000,   -31.116,  -220.733,   -63.221,   -31.116,  -180.733,   154.779,   -31.116,   -82.733,   112.379,   -31.116,   113.137,   113.137,   -31.116,  1222.733,   -75.779,  -100.000,     1.000,     0.000,     0.000,     0.000,kLegHierarchyChange,0,1
