1000110011001100110011001100,   113.137,  -113.137,   -30.000,    -0.000,  -160.000,   -30.000,  -113.137,  -113.137,   -30.000,  -113.137,   113.137,   -30.000,    -0.000,   160.000,   -30.000,   113.137,   113.137,   -30.000,   113.137,  -113.137,   -30.000,    -0.000,  -160.000,   -30.000,  -113.137,  -113.137,   -30.000,  -113.137,   113.137,   -30.000,    -0.000,   160.000,   -30.000,   113.137,   113.137,   -30.000,   -24.988,    29.716,    30.000,     1.000,     0.000,     0.000,     0.000,kLegHierarchyChange,-1,0
1000110011001100110011001100,   113.137,  -113.137,   -30.000,    -0.000,  -160.000,   -30.000,  -113.137,  -113.137,   -30.000,  -113.137,   113.137,   -30.000,    -0.000,   160.000,   -30.000,   113.137,   113.137,   -30.000,   113.137,  -113.137,   -30.000,    -0.000,  -160.000,   -30.000,  -113.137,  -113.137,   -30.000,  -113.137,   113.137,   -30.000,    -0.000,   160.000,   -30.000,   113.137,   113.137,   -30.000,   -24.988,    29.716,    30.000,     1.000,     0.000,     0.000,     0.000,kLegUpDown,0,1
1000110011000100110011000100,   113.137,  -113.137,   -20.000,    -0.000,  -160.000,   -30.000,  -113.137,  -113.137,   -30.000,  -113.137,   113.137,   -20.000,    -0.000,   160.000,   -30.000,   113.137,   113.137,   -30.000,   113.137,  -113.137,   -30.000,    -0.000,  -160.000,   -30.000,  -113.137,  -113.137,   -30.000,  -113.137,   113.137,   -30.000,    -0.000,   160.000,   -30.000,   113.137,   113.137,   -30.000,   -24.988,    29.716,    30.000,     1.000,     0.000,     0.000,     0.000,kComUpDown,0,1
1000110011000100110011000100,   113.137,  -113.137,   -20.000,    -0.000,  -160.000,   -30.000,  -113.137,  -113.137,   -30.000,  -113.137,   113.137,   -20.000,    -0.000,   160.000,   -30.000,   113.137,   113.137,   -30.000,   113.137,  -113.137,   -30.000,    -0.000,  -160.000,   -30.000,  -113.137,  -113.137,   -30.000,  -113.137,   113.137,   -30.000,    -0.000,   160.000,   -30.000,   113.137,   113.137,   -30.000,   -24.988,    29.716,    30.000,     1.000,     0.000,     0.000,     0.000,kComMove,0,1
0001110011000100110011000100,   113.137,  -113.137,   -20.000,   -99.088,  -130.005,   -30.000,  -212.225,   -83.142,   -30.000,  -113.137,   113.137,   -20.000,   -99.088,   189.995,   -30.000,    14.049,   143.132,   -30.000,   113.137,  -113.137,   -30.000,   -99.088,  -130.005,   -30.000,  -212.225,   -83.142,   -30.000,  -113.137,   113.137,   -30.000,   -99.088,   189.995,   -30.000,    14.049,   143.132,   -30.000,    74.099,    -0.279,    30.000,     1.000,     0.000,     0.000,     0.000,kLegHierarchyChange,0,1
0001110011000111110011000111,   113.137,  -113.137,   -20.000,   -99.088,  -130.005,   -30.000,  -212.225,   -83.142,   -30.000,  -113.137,   113.137,   -20.000,   -99.088,   189.995,   -30.000,    14.049,   143.132,   -30.000,   113.137,  -113.137,   -30.000,   -99.088,  -130.005,   -30.000,  -212.225,   -83.142,   -30.000,  -113.137,   113.137,   -30.000,   -99.088,   189.995,   -30.000,    14.049,   143.132,   -30.000,    74.099,    -0.279,    30.000,     1.000,     0.000,     0.000,     0.000,kLegUpDown,0,1
0001010011001111010011001111,   203.901,   -18.721,   -31.116,   -99.088,  -130.005,   -30.000,  -212.225,   -83.142,   -20.000,   -32.099,   199.279,   -31.116,   -99.088,   189.995,   -30.000,    14.049,   143.132,   -20.000,   203.901,   -18.721,   -31.116,   -99.088,  -130.005,   -30.000,  -113.137,  -113.137,   -30.000,   -32.099,   199.279,   -31.116,   -99.088,   189.995,   -30.000,   113.137,   113.137,   -30.000,    74.099,    -0.279,    30.000,     1.000,     0.000,     0.000,     0.000,kComUpDown,0,1
0001010011001111010011001111,   203.901,   -18.721,   -39.107,   -99.088,  -130.005,   -37.991,  -212.225,   -83.142,   -20.000,   -32.099,   199.279,   -39.107,   -99.088,   189.995,   -37.991,    14.049,   143.132,   -20.000,   203.901,   -18.721,   -39.107,   -99.088,  -130.005,   -37.991,  -113.137,  -113.137,   -37.991,   -32.099,   199.279,   -39.107,   -99.088,   189.995,   -37.991,   113.137,   113.137,   -37.991,    74.099,    -0.279,    37.991,     1.000,     0.000,     0.000,     0.000,kComMove,0,1
0010010011001100010011001100,   179.092,   -46.912,   -39.107,  -123.896,  -158.196,   -37.991,  -212.225,   -83.142,   -20.000,   -56.908,   171.088,   -39.107,  -123.896,   161.804,   -37.991,    14.049,   143.132,   -20.000,   179.092,   -46.912,   -39.107,  -123.896,  -158.196,   -37.991,  -113.137,  -113.137,   -37.991,   -56.908,   171.088,   -39.107,  -123.896,   161.804,   -37.991,   113.137,   113.137,   -37.991,    98.908,    27.912,    37.991,     1.000,     0.000,     0.000,     0.000,kLegHierarchyChange,0,1
0010011111001100010111001100,   179.092,   -46.912,   -39.107,  -123.896,  -158.196,   -37.991,  -212.225,   -83.142,   -20.000,   -56.908,   171.088,   -39.107,  -123.896,   161.804,   -37.991,    14.049,   143.132,   -20.000,   179.092,   -46.912,   -39.107,  -123.896,  -158.196,   -37.991,  -113.137,  -113.137,   -37.991,   -56.908,   171.088,   -39.107,  -123.896,   161.804,   -37.991,   113.137,   113.137,   -37.991,    98.908,    27.912,    37.991,     1.000,     0.000,     0.000,     0.000,kLegUpDown,0,1
0010111101001100110101000100,   179.092,   -46.912,   -20.000,  -123.896,  -158.196,   -20.000,   -16.908,  -146.912,   -39.107,   -56.908,   171.088,   -39.107,  -123.896,   161.804,   -20.000,   219.092,    31.088,   -28.389,   113.137,  -113.137,   -39.107,    -0.000,  -160.000,   -37.991,   -16.908,  -146.912,   -39.107,   -56.908,   171.088,   -39.107,    -0.000,   160.000,   -37.991,   219.092,    31.088,   -28.389,    98.908,    27.912,    37.991,     1.000,     0.000,     0.000,     0.000,kComUpDown,0,1
0010111101001100110101000100,   179.092,   -46.912,   -20.000,  -123.896,  -158.196,   -20.000,   -16.908,  -146.912,   -62.470,   -56.908,   171.088,   -62.470,  -123.896,   161.804,   -20.000,   219.092,    31.088,   -51.752,   113.137,  -113.137,   -62.470,    -0.000,  -160.000,   -61.354,   -16.908,  -146.912,   -62.470,   -56.908,   171.088,   -62.470,    -0.000,   160.000,   -61.354,   219.092,    31.088,   -51.752,    98.908,    27.912,    61.354,     1.000,     0.000,     0.000,     0.000,kComMove,0,1
0111110001001100110001000100,   179.092,   -46.912,   -20.000,  -123.896,  -158.196,   -20.000,   -98.628,  -144.208,   -62.470,  -138.628,   173.792,   -62.470,  -123.896,   161.804,   -20.000,   137.372,    33.792,   -51.752,   113.137,  -113.137,   -62.470,    -0.000,  -160.000,   -61.354,   -98.628,  -144.208,   -62.470,  -138.628,   173.792,   -62.470,    -0.000,   160.000,   -61.354,   137.372,    33.792,   -51.752,   180.628,    25.208,    61.354,     1.000,     0.000,     0.000,     0.000,kLegHierarchyChange,0,1
0111110001111100110001000111,   179.092,   -46.912,   -20.000,  -123.896,  -158.196,   -20.000,   -98.628,  -144.208,   -62.470,  -138.628,   173.792,   -62.470,  -123.896,   161.804,   -20.000,   137.372,    33.792,   -51.752,   113.137,  -113.137,   -62.470,    -0.000,  -160.000,   -61.354,   -98.628,  -144.208,   -62.470,  -138.628,   173.792,   -62.470,    -0.000,   160.000,   -61.354,   137.372,    33.792,   -51.752,   180.628,    25.208,    61.354,     1.000,     0.000,     0.000,     0.000,kLegUpDown,0,1
0111010011110100110011001111,   237.372,   -24.208,   -24.957,    -0.628,  -161.808,   -62.470,   -98.628,  -144.208,   -62.470,  -138.628,   173.792,   -20.000,   119.372,   151.392,   -62.470,   137.372,    33.792,   -20.000,   237.372,   -24.208,   -24.957,    -0.628,  -161.808,   -62.470,   -98.628,  -144.208,   -62.470,  -113.137,   113.137,   -62.470,   119.372,   151.392,   -62.470,   113.137,   113.137,   -51.752,   180.628,    25.208,    61.354,     1.000,     0.000,     0.000,     0.000,kComUpDown,0,1
0111010011110100110011001111,   237.372,   -24.208,   -33.418,    -0.628,  -161.808,   -70.931,   -98.628,  -144.208,   -70.931,  -138.628,   173.792,   -20.000,   119.372,   151.392,   -70.931,   137.372,    33.792,   -20.000,   237.372,   -24.208,   -33.418,    -0.628,  -161.808,   -70.931,   -98.628,  -144.208,   -70.931,  -113.137,   113.137,   -70.931,   119.372,   151.392,   -70.931,   113.137,   113.137,   -60.213,   180.628,    25.208,    69.815,     1.000,     0.000,     0.000,     0.000,kComMove,0,1
0111010011000100110011001100,   156.472,   -28.221,   -33.418,   -81.528,  -165.821,   -70.931,  -179.528,  -148.221,   -70.931,  -138.628,   173.792,   -20.000,    38.472,   147.379,   -70.931,   137.372,    33.792,   -20.000,   156.472,   -28.221,   -33.418,   -81.528,  -165.821,   -70.931,  -179.528,  -148.221,   -70.931,  -113.137,   113.137,   -70.931,    38.472,   147.379,   -70.931,   113.137,   113.137,   -60.213,   261.528,    29.221,    69.815,     1.000,     0.000,     0.000,     0.000,kLegHierarchyChange,0,1
0111011111000100110011001100,   156.472,   -28.221,   -33.418,   -81.528,  -165.821,   -70.931,  -179.528,  -148.221,   -70.931,  -138.628,   173.792,   -20.000,    38.472,   147.379,   -70.931,   137.372,    33.792,   -20.000,   156.472,   -28.221,   -33.418,   -81.528,  -165.821,   -70.931,  -179.528,  -148.221,   -70.931,  -113.137,   113.137,   -70.931,    38.472,   147.379,   -70.931,   113.137,   113.137,   -60.213,   261.528,    29.221,    69.815,     1.000,     0.000,     0.000,     0.000,kLegUpDown,0,1
0111111111001100010011000100,   156.472,   -28.221,   -20.000,   -81.528,  -165.821,   -70.931,  -179.528,  -148.221,   -20.000,  -119.528,   109.779,   -70.931,    38.472,   147.379,   -70.931,   196.472,    29.779,   -22.700,   113.137,  -113.137,   -33.418,   -81.528,  -165.821,   -70.931,  -113.137,  -113.137,   -70.931,  -119.528,   109.779,   -70.931,    38.472,   147.379,   -70.931,   196.472,    29.779,   -22.700,   261.528,    29.221,    69.815,     1.000,     0.000,     0.000,     0.000,kComUpDown,0,1
0111111111001100010011000100,   156.472,   -28.221,   -20.000,   -81.528,  -165.821,  -105.380,  -179.528,  -148.221,   -20.000,  -119.528,   109.779,  -105.380,    38.472,   147.379,  -105.380,   196.472,    29.779,   -57.149,   113.137,  -113.137,   -67.867,   -81.528,  -165.821,  -105.380,  -113.137,  -113.137,  -105.380,  -119.528,   109.779,  -105.380,    38.472,   147.379,  -105.380,   196.472,    29.779,   -57.149,   261.528,    29.221,   104.264,     1.000,     0.000,     0.000,     0.000,kComMove,0,1
0111110011001100010011000100,   156.472,   -28.221,   -20.000,  -135.329,  -165.205,  -105.380,  -179.528,  -148.221,   -20.000,  -173.329,   110.395,  -105.380,   -15.329,   147.995,  -105.380,   142.671,    30.395,   -57.149,   113.137,  -113.137,   -67.867,  -135.329,  -165.205,  -105.380,  -113.137,  -113.137,  -105.380,  -173.329,   110.395,  -105.380,   -15.329,   147.995,  -105.380,   142.671,    30.395,   -57.149,   315.329,    28.605,   104.264,     1.000,     0.000,     0.000,     0.000,kLegHierarchyChange,0,1
0111110011001100010111000111,   156.472,   -28.221,   -20.000,  -135.329,  -165.205,  -105.380,  -179.528,  -148.221,   -20.000,  -173.329,   110.395,  -105.380,   -15.329,   147.995,  -105.380,   142.671,    30.395,   -57.149,   113.137,  -113.137,   -67.867,  -135.329,  -165.205,  -105.380,  -113.137,  -113.137,  -105.380,  -173.329,   110.395,  -105.380,   -15.329,   147.995,  -105.380,   142.671,    30.395,   -57.149,   315.329,    28.605,   104.264,     1.000,     0.000,     0.000,     0.000,kLegUpDown,0,1
0111010011000100110101001111,   222.671,   -27.605,   -35.714,  -135.329,  -165.205,   -20.000,   -13.329,  -147.605,  -105.380,  -173.329,   110.395,   -20.000,   -15.329,   147.995,  -105.380,   142.671,    30.395,   -20.000,   222.671,   -27.605,   -35.714,    -0.000,  -160.000,  -105.380,   -13.329,  -147.605,  -105.380,  -113.137,   113.137,  -105.380,   -15.329,   147.995,  -105.380,   113.137,   113.137,   -57.149,   315.329,    28.605,   104.264,     1.000,     0.000,     0.000,     0.000,kComUpDown,0,1
0111010011000100110101001111,   222.671,   -27.605,   -51.270,  -135.329,  -165.205,   -20.000,   -13.329,  -147.605,  -120.937,  -173.329,   110.395,   -20.000,   -15.329,   147.995,  -120.937,   142.671,    30.395,   -20.000,   222.671,   -27.605,   -51.270,    -0.000,  -160.000,  -120.937,   -13.329,  -147.605,  -120.937,  -113.137,   113.137,  -120.937,   -15.329,   147.995,  -120.937,   113.137,   113.137,   -72.706,   315.329,    28.605,   119.821,     1.000,     0.000,     0.000,     0.000,kComMove,0,1
0111010011000100110001001100,   136.705,   -20.767,   -51.270,  -135.329,  -165.205,   -20.000,   -99.295,  -140.767,  -120.937,  -173.329,   110.395,   -20.000,  -101.295,   154.833,  -120.937,   142.671,    30.395,   -20.000,   136.705,   -20.767,   -51.270,    -0.000,  -160.000,  -120.937,   -99.295,  -140.767,  -120.937,  -113.137,   113.137,  -120.937,  -101.295,   154.833,  -120.937,   113.137,   113.137,   -72.706,   401.295,    21.767,   119.821,     1.000,     0.000,     0.000,     0.000,kLegHierarchyChange,0,1
0111010011000101110001001100,   136.705,   -20.767,   -51.270,  -135.329,  -165.205,   -20.000,   -99.295,  -140.767,  -120.937,  -173.329,   110.395,   -20.000,  -101.295,   154.833,  -120.937,   142.671,    30.395,   -20.000,   136.705,   -20.767,   -51.270,    -0.000,  -160.000,  -120.937,   -99.295,  -140.767,  -120.937,  -113.137,   113.137,  -120.937,  -101.295,   154.833,  -120.937,   113.137,   113.137,   -72.706,   401.295,    21.767,   119.821,     1.000,     0.000,     0.000,     0.000,kLegUpDown,0,1
0111110001001101010011000100,   136.705,   -20.767,   -20.000,    -1.295,  -158.367,  -120.937,   -99.295,  -140.767,   -20.000,   -19.295,   157.233,  -120.937,  -101.295,   154.833,   -20.000,   116.705,   117.233,   -56.629,   113.137,  -113.137,   -51.270,    -1.295,  -158.367,  -120.937,  -113.137,  -113.137,  -120.937,   -19.295,   157.233,  -120.937,    -0.000,   160.000,  -120.937,   116.705,   117.233,   -56.629,   401.295,    21.767,   119.821,     1.000,     0.000,     0.000,     0.000,kComUpDown,0,1
0111110001001101010011000100,   136.705,   -20.767,   -20.000,    -1.295,  -158.367,  -120.937,   -99.295,  -140.767,   -20.000,   -19.295,   157.233,  -120.937,  -101.295,   154.833,   -20.000,   116.705,   117.233,   -56.629,   113.137,  -113.137,   -51.270,    -1.295,  -158.367,  -120.937,  -113.137,  -113.137,  -120.937,   -19.295,   157.233,  -120.937,    -0.000,   160.000,  -120.937,   116.705,   117.233,   -56.629,   401.295,    21.767,   119.821,     1.000,     0.000,     0.000,     0.000,kComMove,0,1
0111110001001100010011000100,   136.705,   -20.767,   -20.000,   -17.023,  -174.081,  -120.937,   -99.295,  -140.767,   -20.000,   -35.023,   141.519,  -120.937,  -101.295,   154.833,   -20.000,   100.977,   101.519,   -56.629,   113.137,  -113.137,   -51.270,   -17.023,  -174.081,  -120.937,  -113.137,  -113.137,  -120.937,   -35.023,   141.519,  -120.937,    -0.000,   160.000,  -120.937,   100.977,   101.519,   -56.629,   417.023,    37.481,   119.821,     1.000,     0.000,     0.000,     0.000,kLegHierarchyChange,0,1
0111110000101100010111000100,   136.705,   -20.767,   -20.000,   -17.023,  -174.081,  -120.937,   -99.295,  -140.767,   -20.000,   -35.023,   141.519,  -120.937,  -101.295,   154.833,   -20.000,   100.977,   101.519,   -56.629,   113.137,  -113.137,   -51.270,   -17.023,  -174.081,  -120.937,  -113.137,  -113.137,  -120.937,   -35.023,   141.519,  -120.937,    -0.000,   160.000,  -120.937,   100.977,   101.519,   -56.629,   417.023,    37.481,   119.821,     1.000,     0.000,     0.000,     0.000,kLegUpDown,0,1
0111010010100100110101001100,   120.977,  -116.481,   -51.270,   -17.023,  -174.081,   -20.000,   -15.023,  -156.481,  -120.937,   -35.023,   141.519,   -20.000,   -17.023,   159.119,  -120.937,   100.977,   101.519,   -20.000,   120.977,  -116.481,   -51.270,    -0.000,  -160.000,  -120.937,   -15.023,  -156.481,  -120.937,  -113.137,   113.137,  -120.937,   -17.023,   159.119,  -120.937,   113.137,   113.137,   -56.629,   417.023,    37.481,   119.821,     1.000,     0.000,     0.000,     0.000,kComUpDown,0,1
0111010010100100110101001100,   120.977,  -116.481,   -62.341,   -17.023,  -174.081,   -20.000,   -15.023,  -156.481,  -132.008,   -35.023,   141.519,   -20.000,   -17.023,   159.119,  -132.008,   100.977,   101.519,   -20.000,   120.977,  -116.481,   -62.341,    -0.000,  -160.000,  -132.008,   -15.023,  -156.481,  -132.008,  -113.137,   113.137,  -132.008,   -17.023,   159.119,  -132.008,   113.137,   113.137,   -67.700,   417.023,    37.481,   130.892,     1.000,     0.000,     0.000,     0.000,kComMove,0,1
0110010011000100110001001100,    60.849,  -129.474,   -62.341,   -17.023,  -174.081,   -20.000,   -75.151,  -169.474,  -132.008,   -35.023,   141.519,   -20.000,   -77.151,   146.126,  -132.008,   100.977,   101.519,   -20.000,    60.849,  -129.474,   -62.341,    -0.000,  -160.000,  -132.008,   -75.151,  -169.474,  -132.008,  -113.137,   113.137,  -132.008,   -77.151,   146.126,  -132.008,   113.137,   113.137,   -67.700,   477.151,    50.474,   130.892,     1.000,     0.000,     0.000,     0.000,kLegHierarchyChange,0,1
0110011111000101110001001100,    60.849,  -129.474,   -62.341,   -17.023,  -174.081,   -20.000,   -75.151,  -169.474,  -132.008,   -35.023,   141.519,   -20.000,   -77.151,   146.126,  -132.008,   100.977,   101.519,   -20.000,    60.849,  -129.474,   -62.341,    -0.000,  -160.000,  -132.008,   -75.151,  -169.474,  -132.008,  -113.137,   113.137,  -132.008,   -77.151,   146.126,  -132.008,   113.137,   113.137,   -67.700,   477.151,    50.474,   130.892,     1.000,     0.000,     0.000,     0.000,kLegUpDown,0,1
0110111101001101010011000100,    60.849,  -129.474,   -20.000,     2.849,  -167.074,  -110.572,   -75.151,  -169.474,   -20.000,   -15.151,   148.526,  -132.008,   -77.151,   146.126,   -20.000,   200.849,    28.526,   -24.828,   113.137,  -113.137,   -62.341,     2.849,  -167.074,  -110.572,  -113.137,  -113.137,  -132.008,   -15.151,   148.526,  -132.008,    -0.000,   160.000,  -132.008,   200.849,    28.526,   -24.828,   477.151,    50.474,   130.892,     1.000,     0.000,     0.000,     0.000,kComUpDown,0,1
0110111101001101010011000100,    60.849,  -129.474,   -20.000,     2.849,  -167.074,  -127.900,   -75.151,  -169.474,   -20.000,   -15.151,   148.526,  -149.336,   -77.151,   146.126,   -20.000,   200.849,    28.526,   -42.157,   113.137,  -113.137,   -79.669,     2.849,  -167.074,  -127.900,  -113.137,  -113.137,  -149.336,   -15.151,   148.526,  -149.336,    -0.000,   160.000,  -149.336,   200.849,    28.526,   -42.157,   477.151,    50.474,   148.220,     1.000,     0.000,     0.000,     0.000,kComMove,0,1
0110110001001100010011000100,    60.849,  -129.474,   -20.000,   -45.876,  -182.134,  -127.900,   -75.151,  -169.474,   -20.000,   -63.876,   133.466,  -149.336,   -77.151,   146.126,   -20.000,   152.124,    13.466,   -42.157,   113.137,  -113.137,   -79.669,   -45.876,  -182.134,  -127.900,  -113.137,  -113.137,  -149.336,   -63.876,   133.466,  -149.336,    -0.000,   160.000,  -149.336,   152.124,    13.466,   -42.157,   525.876,    65.534,   148.220,     1.000,     0.000,     0.000,     0.000,kLegHierarchyChange,0,1
0110110000011100011111000111,    60.849,  -129.474,   -20.000,   -45.876,  -182.134,  -127.900,   -75.151,  -169.474,   -20.000,   -63.876,   133.466,  -149.336,   -77.151,   146.126,   -20.000,   152.124,    13.466,   -42.157,   113.137,  -113.137,   -79.669,   -45.876,  -182.134,  -127.900,  -113.137,  -113.137,  -149.336,   -63.876,   133.466,  -149.336,    -0.000,   160.000,  -149.336,   152.124,    13.466,   -42.157,   525.876,    65.534,   148.220,     1.000,     0.000,     0.000,     0.000,kLegUpDown,0,1
0110110010010100111111000111,    60.849,  -129.474,   -20.000,   -45.876,  -182.134,  -127.900,   -23.876,  -164.534,  -149.336,   -63.876,   133.466,   -20.000,   -85.876,   111.066,  -138.618,   152.124,    13.466,   -42.157,   113.137,  -113.137,   -79.669,   -45.876,  -182.134,  -127.900,   -23.876,  -164.534,  -149.336,  -113.137,   113.137,  -149.336,   -85.876,   111.066,  -138.618,   152.124,    13.466,   -42.157,   525.876,    65.534,   148.220,     1.000,     0.000,     0.000,     0.000,kComUpDown,0,1
0110110010010100111111000111,    60.849,  -129.474,   -20.000,   -45.876,  -182.134,  -127.900,   -23.876,  -164.534,  -149.336,   -63.876,   133.466,   -20.000,   -85.876,   111.066,  -138.618,   152.124,    13.466,   -42.157,   113.137,  -113.137,   -79.669,   -45.876,  -182.134,  -127.900,   -23.876,  -164.534,  -149.336,  -113.137,   113.137,  -149.336,   -85.876,   111.066,  -138.618,   152.124,    13.466,   -42.157,   525.876,    65.534,   148.220,     1.000,     0.000,     0.000,     0.000,kComMove,0,1
0111110011000100110011000100,    60.849,  -129.474,   -20.000,   -71.843,  -140.895,  -127.900,   -49.843,  -123.295,  -149.336,   -63.876,   133.466,   -20.000,  -111.843,   152.305,  -138.618,   126.157,    54.705,   -42.157,   113.137,  -113.137,   -79.669,   -71.843,  -140.895,  -127.900,   -49.843,  -123.295,  -149.336,  -113.137,   113.137,  -149.336,  -111.843,   152.305,  -138.618,   126.157,    54.705,   -42.157,   551.843,    24.295,   148.220,     1.000,     0.000,     0.000,     0.000,kLegHierarchyChange,0,1
0111110011000100110011000111,    60.849,  -129.474,   -20.000,   -71.843,  -140.895,  -127.900,   -49.843,  -123.295,  -149.336,   -63.876,   133.466,   -20.000,  -111.843,   152.305,  -138.618,   126.157,    54.705,   -42.157,   113.137,  -113.137,   -79.669,   -71.843,  -140.895,  -127.900,   -49.843,  -123.295,  -149.336,  -113.137,   113.137,  -149.336,  -111.843,   152.305,  -138.618,   126.157,    54.705,   -42.157,   551.843,    24.295,   148.220,     1.000,     0.000,     0.000,     0.000,kLegUpDown,0,1
0111010001001100010011001111,   206.157,   -23.295,   -20.721,   -71.843,  -140.895,  -127.900,   -49.843,  -123.295,   -20.000,  -109.843,   114.705,  -149.336,  -111.843,   152.305,   -20.000,   126.157,    54.705,   -20.000,   206.157,   -23.295,   -20.721,   -71.843,  -140.895,  -127.900,  -113.137,  -113.137,  -149.336,  -109.843,   114.705,  -149.336,    -0.000,   160.000,  -138.618,   113.137,   113.137,   -42.157,   551.843,    24.295,   148.220,     1.000,     0.000,     0.000,     0.000,kComUpDown,0,1
0111010001001100010011001111,   206.157,   -23.295,   -20.721,   -71.843,  -140.895,  -127.900,   -49.843,  -123.295,   -20.000,  -109.843,   114.705,  -149.336,  -111.843,   152.305,   -20.000,   126.157,    54.705,   -20.000,   206.157,   -23.295,   -20.721,   -71.843,  -140.895,  -127.900,  -113.137,  -113.137,  -149.336,  -109.843,   114.705,  -149.336,    -0.000,   160.000,  -138.618,   113.137,   113.137,   -42.157,   551.843,    24.295,   148.220,     1.000,     0.000,     0.000,     0.000,kComMove,0,1
0111010001001100010011001100,   180.399,   -44.160,   -20.721,   -97.601,  -161.760,  -127.900,   -49.843,  -123.295,   -20.000,  -135.601,    93.840,  -149.336,  -111.843,   152.305,   -20.000,   126.157,    54.705,   -20.000,   180.399,   -44.160,   -20.721,   -97.601,  -161.760,  -127.900,  -113.137,  -113.137,  -149.336,  -135.601,    93.840,  -149.336,    -0.000,   160.000,  -138.618,   113.137,   113.137,   -42.157,   577.601,    45.160,   148.220,     1.000,     0.000,     0.000,     0.000,kLegHierarchyChange,0,1
0111011101001100010111001100,   180.399,   -44.160,   -20.721,   -97.601,  -161.760,  -127.900,   -49.843,  -123.295,   -20.000,  -135.601,    93.840,  -149.336,  -111.843,   152.305,   -20.000,   126.157,    54.705,   -20.000,   180.399,   -44.160,   -20.721,   -97.601,  -161.760,  -127.900,  -113.137,  -113.137,  -149.336,  -135.601,    93.840,  -149.336,    -0.000,   160.000,  -138.618,   113.137,   113.137,   -42.157,   577.601,    45.160,   148.220,     1.000,     0.000,     0.000,     0.000,kLegUpDown,0,1
0111111111000100110101000100,   180.399,   -44.160,   -20.000,   -97.601,  -161.760,   -20.000,   -15.601,  -144.160,  -138.618,  -135.601,    93.840,   -20.000,     2.399,   151.440,  -101.105,   180.399,    33.840,   -20.721,   113.137,  -113.137,   -20.721,    -0.000,  -160.000,  -127.900,   -15.601,  -144.160,  -138.618,  -113.137,   113.137,  -149.336,     2.399,   151.440,  -101.105,   180.399,    33.840,   -20.721,   577.601,    45.160,   148.220,     1.000,     0.000,     0.000,     0.000,kComUpDown,0,1
0111111111000100110101000100,   180.399,   -44.160,   -20.000,   -97.601,  -161.760,   -20.000,   -15.601,  -144.160,  -166.963,  -135.601,    93.840,   -20.000,     2.399,   151.440,  -129.450,   180.399,    33.840,   -49.066,   113.137,  -113.137,   -49.066,    -0.000,  -160.000,  -156.245,   -15.601,  -144.160,  -166.963,  -113.137,   113.137,  -177.681,     2.399,   151.440,  -129.450,   180.399,    33.840,   -49.066,   577.601,    45.160,   176.565,     1.000,     0.000,     0.000,     0.000,kComMove,0,1
0111111111000100110101000100,   180.399,   -44.160,   -20.000,   -97.601,  -161.760,   -20.000,   -15.601,  -144.160,  -166.963,  -135.601,    93.840,   -20.000,     2.399,   151.440,  -129.450,   180.399,    33.840,   -49.066,   113.137,  -113.137,   -49.066,    -0.000,  -160.000,  -156.245,   -15.601,  -144.160,  -166.963,  -113.137,   113.137,  -177.681,     2.399,   151.440,  -129.450,   180.399,    33.840,   -49.066,   577.601,    45.160,   176.565,     1.000,     0.000,     0.000,     0.000,kLegHierarchyChange,0,1
0111111111000101110101000111,   180.399,   -44.160,   -20.000,   -97.601,  -161.760,   -20.000,   -15.601,  -144.160,  -166.963,  -135.601,    93.840,   -20.000,     2.399,   151.440,  -129.450,   180.399,    33.840,   -49.066,   113.137,  -113.137,   -49.066,    -0.000,  -160.000,  -156.245,   -15.601,  -144.160,  -166.963,  -113.137,   113.137,  -177.681,     2.399,   151.440,  -129.450,   180.399,    33.840,   -49.066,   577.601,    45.160,   176.565,     1.000,     0.000,     0.000,     0.000,kLegUpDown,0,1
0111011111000101110111001111,   220.399,   -24.160,   -38.348,     2.399,  -161.760,  -129.450,   -15.601,  -144.160,  -166.963,  -135.601,    93.840,   -20.000,     2.399,   151.440,  -129.450,   180.399,    33.840,   -20.000,   220.399,   -24.160,   -38.348,     2.399,  -161.760,  -129.450,   -15.601,  -144.160,  -166.963,  -113.137,   113.137,  -177.681,     2.399,   151.440,  -129.450,   113.137,   113.137,   -49.066,   577.601,    45.160,   176.565,     1.000,     0.000,     0.000,     0.000,kComUpDown,0,1
0111011111000101110111001111,   220.399,   -24.160,   -32.781,     2.399,  -161.760,  -123.883,   -15.601,  -144.160,  -161.396,  -135.601,    93.840,   -20.000,     2.399,   151.440,  -123.883,   180.399,    33.840,   -20.000,   220.399,   -24.160,   -32.781,     2.399,  -161.760,  -123.883,   -15.601,  -144.160,  -161.396,  -113.137,   113.137,  -172.114,     2.399,   151.440,  -123.883,   113.137,   113.137,   -43.498,   577.601,    45.160,   170.998,     1.000,     0.000,     0.000,     0.000,kComMove,0,1
0111010011000100110011001100,   173.479,   -26.836,   -32.781,   -44.521,  -164.436,  -123.883,   -62.521,  -146.836,  -161.396,  -135.601,    93.840,   -20.000,   -44.521,   148.764,  -123.883,   180.399,    33.840,   -20.000,   173.479,   -26.836,   -32.781,   -44.521,  -164.436,  -123.883,   -62.521,  -146.836,  -161.396,  -113.137,   113.137,  -172.114,   -44.521,   148.764,  -123.883,   113.137,   113.137,   -43.498,   624.521,    47.836,   170.998,     1.000,     0.000,     0.000,     0.000,kLegHierarchyChange,0,1
0111011111000111110011001100,   173.479,   -26.836,   -32.781,   -44.521,  -164.436,  -123.883,   -62.521,  -146.836,  -161.396,  -135.601,    93.840,   -20.000,   -44.521,   148.764,  -123.883,   180.399,    33.840,   -20.000,   173.479,   -26.836,   -32.781,   -44.521,  -164.436,  -123.883,   -62.521,  -146.836,  -161.396,  -113.137,   113.137,  -172.114,   -44.521,   148.764,  -123.883,   113.137,   113.137,   -43.498,   624.521,    47.836,   170.998,     1.000,     0.000,     0.000,     0.000,kLegUpDown,0,1
0111111111000111010011000100,   173.479,   -26.836,   -20.000,   -44.521,  -164.436,  -123.883,   -62.521,  -146.836,   -20.000,  -135.601,    93.840,   -20.000,   -44.521,   148.764,  -123.883,   213.479,    31.164,   -22.063,   113.137,  -113.137,   -32.781,   -44.521,  -164.436,  -123.883,  -113.137,  -113.137,  -161.396,  -113.137,   113.137,  -172.114,   -44.521,   148.764,  -123.883,   213.479,    31.164,   -22.063,   624.521,    47.836,   170.998,     1.000,     0.000,     0.000,     0.000,kComUpDown,0,1
0111111111000111010011000100,   173.479,   -26.836,   -20.000,   -44.521,  -164.436,  -137.988,   -62.521,  -146.836,   -20.000,  -135.601,    93.840,   -20.000,   -44.521,   148.764,  -137.988,   213.479,    31.164,   -36.167,   113.137,  -113.137,   -46.885,   -44.521,  -164.436,  -137.988,  -113.137,  -113.137,  -175.501,  -113.137,   113.137,  -186.219,   -44.521,   148.764,  -137.988,   213.479,    31.164,   -36.167,   624.521,    47.836,   185.103,     1.000,     0.000,     0.000,     0.000,kComMove,0,1
0111110011000100010011000100,   173.479,   -26.836,   -20.000,   -92.751,  -150.417,  -137.988,   -62.521,  -146.836,   -20.000,  -135.601,    93.840,   -20.000,   -92.751,   162.783,  -137.988,   165.249,    45.183,   -36.167,   113.137,  -113.137,   -46.885,   -92.751,  -150.417,  -137.988,  -113.137,  -113.137,  -175.501,  -113.137,   113.137,  -186.219,   -92.751,   162.783,  -137.988,   165.249,    45.183,   -36.167,   672.751,    33.817,   185.103,     1.000,     0.000,     0.000,     0.000,kLegHierarchyChange,0,1
0111110011000111011111000100,   173.479,   -26.836,   -20.000,   -92.751,  -150.417,  -137.988,   -62.521,  -146.836,   -20.000,  -135.601,    93.840,   -20.000,   -92.751,   162.783,  -137.988,   165.249,    45.183,   -36.167,   113.137,  -113.137,   -46.885,   -92.751,  -150.417,  -137.988,  -113.137,  -113.137,  -175.501,  -113.137,   113.137,  -186.219,   -92.751,   162.783,  -137.988,   165.249,    45.183,   -36.167,   672.751,    33.817,   185.103,     1.000,     0.000,     0.000,     0.000,kLegUpDown,0,1
0111110001001111111101001100,   105.249,  -112.817,   -52.244,   -92.751,  -150.417,   -20.000,   -50.751,  -152.817,  -159.424,   -30.751,   165.183,  -154.065,   -92.751,   162.783,   -20.000,   165.249,    45.183,   -36.167,   105.249,  -112.817,   -52.244,    -0.000,  -160.000,  -137.988,   -50.751,  -152.817,  -159.424,   -30.751,   165.183,  -154.065,    -0.000,   160.000,  -137.988,   165.249,    45.183,   -36.167,   672.751,    33.817,   185.103,     1.000,     0.000,     0.000,     0.000,kComUpDown,0,1
0111110001001111111101001100,   105.249,  -112.817,   -41.579,   -92.751,  -150.417,   -20.000,   -50.751,  -152.817,  -148.759,   -30.751,   165.183,  -143.400,   -92.751,   162.783,   -20.000,   165.249,    45.183,   -25.502,   105.249,  -112.817,   -41.579,    -0.000,  -160.000,  -127.323,   -50.751,  -152.817,  -148.759,   -30.751,   165.183,  -143.400,    -0.000,   160.000,  -127.323,   165.249,    45.183,   -25.502,   672.751,    33.817,   174.438,     1.000,     0.000,     0.000,     0.000,kComMove,0,1
0111110001001100110001001100,    69.398,  -115.247,   -41.579,   -92.751,  -150.417,   -20.000,   -86.602,  -155.247,  -148.759,   -66.602,   162.753,  -143.400,   -92.751,   162.783,   -20.000,   129.398,    42.753,   -25.502,    69.398,  -115.247,   -41.579,    -0.000,  -160.000,  -127.323,   -86.602,  -155.247,  -148.759,   -66.602,   162.753,  -143.400,    -0.000,   160.000,  -127.323,   129.398,    42.753,   -25.502,   708.602,    36.247,   174.438,     1.000,     0.000,     0.000,     0.000,kLegHierarchyChange,0,1
0111110001001100110000011100,    69.398,  -115.247,   -41.579,   -92.751,  -150.417,   -20.000,   -86.602,  -155.247,  -148.759,   -66.602,   162.753,  -143.400,   -92.751,   162.783,   -20.000,   129.398,    42.753,   -25.502,    69.398,  -115.247,   -41.579,    -0.000,  -160.000,  -127.323,   -86.602,  -155.247,  -148.759,   -66.602,   162.753,  -143.400,    -0.000,   160.000,  -127.323,   129.398,    42.753,   -25.502,   708.602,    36.247,   174.438,     1.000,     0.000,     0.000,     0.000,kLegUpDown,0,1
0111110011000100010010010100,    69.398,  -115.247,   -20.000,   -88.602,  -112.847,  -116.605,   -86.602,  -155.247,   -20.000,   -66.602,   162.753,   -20.000,    -8.602,   160.353,   -95.169,   129.398,    42.753,   -25.502,   113.137,  -113.137,   -41.579,   -88.602,  -112.847,  -116.605,  -113.137,  -113.137,  -148.759,  -113.137,   113.137,  -143.400,    -8.602,   160.353,   -95.169,   129.398,    42.753,   -25.502,   708.602,    36.247,   174.438,     1.000,     0.000,     0.000,     0.000,kComUpDown,0,1
0111110011000100010010010100,    69.398,  -115.247,   -20.000,   -88.602,  -112.847,  -116.605,   -86.602,  -155.247,   -20.000,   -66.602,   162.753,   -20.000,    -8.602,   160.353,   -95.169,   129.398,    42.753,   -25.502,   113.137,  -113.137,   -41.579,   -88.602,  -112.847,  -116.605,  -113.137,  -113.137,  -148.759,  -113.137,   113.137,  -143.400,    -8.602,   160.353,   -95.169,   129.398,    42.753,   -25.502,   708.602,    36.247,   174.438,     1.000,     0.000,     0.000,     0.000,kComMove,0,1
0111110011000100010010010100,    69.398,  -115.247,   -20.000,   -88.602,  -112.847,  -116.605,   -86.602,  -155.247,   -20.000,   -66.602,   162.753,   -20.000,    -8.602,   160.353,   -95.169,   129.398,    42.753,   -25.502,   113.137,  -113.137,   -41.579,   -88.602,  -112.847,  -116.605,  -113.137,  -113.137,  -148.759,  -113.137,   113.137,  -143.400,    -8.602,   160.353,   -95.169,   129.398,    42.753,   -25.502,   708.602,    36.247,   174.438,     1.000,     0.000,     0.000,     0.000,kLegHierarchyChange,0,1
0111110011000001000110010101,    69.398,  -115.247,   -20.000,   -88.602,  -112.847,  -116.605,   -86.602,  -155.247,   -20.000,   -66.602,   162.753,   -20.000,    -8.602,   160.353,   -95.169,   129.398,    42.753,   -25.502,   113.137,  -113.137,   -41.579,   -88.602,  -112.847,  -116.605,  -113.137,  -113.137,  -148.759,  -113.137,   113.137,  -143.400,    -8.602,   160.353,   -95.169,   129.398,    42.753,   -25.502,   708.602,    36.247,   174.438,     1.000,     0.000,     0.000,     0.000,kLegUpDown,0,1
0111110001001001100100011101,   149.398,   -15.247,   -20.143,   -88.602,  -112.847,   -20.000,  -146.602,   -15.247,  -164.836,  -146.602,    22.753,  -164.836,    -8.602,   160.353,   -20.000,   129.398,    42.753,   -25.502,   149.398,   -15.247,   -20.143,    -0.000,  -160.000,  -116.605,  -146.602,   -15.247,  -164.836,  -146.602,    22.753,  -164.836,    -0.000,   160.000,   -95.169,   129.398,    42.753,   -25.502,   708.602,    36.247,   174.438,     1.000,     0.000,     0.000,     0.000,kComUpDown,0,1
0111110001001001100100011101,   149.398,   -15.247,   -24.356,   -88.602,  -112.847,   -20.000,  -146.602,   -15.247,  -169.048,  -146.602,    22.753,  -169.048,    -8.602,   160.353,   -20.000,   129.398,    42.753,   -29.715,   149.398,   -15.247,   -24.356,    -0.000,  -160.000,  -120.817,  -146.602,   -15.247,  -169.048,  -146.602,    22.753,  -169.048,    -0.000,   160.000,   -99.381,   129.398,    42.753,   -29.715,   708.602,    36.247,   178.650,     1.000,     0.000,     0.000,     0.000,kComMove,0,1
0111110001001001100100011101,   149.398,   -15.247,   -24.356,   -88.602,  -112.847,   -20.000,  -146.602,   -15.247,  -169.048,  -146.602,    22.753,  -169.048,    -8.602,   160.353,   -20.000,   129.398,    42.753,   -29.715,   149.398,   -15.247,   -24.356,    -0.000,  -160.000,  -120.817,  -146.602,   -15.247,  -169.048,  -146.602,    22.753,  -169.048,    -0.000,   160.000,   -99.381,   129.398,    42.753,   -29.715,   708.602,    36.247,   178.650,     1.000,     0.000,     0.000,     0.000,kLegHierarchyChange,0,1
0111110000011001100100011101,   149.398,   -15.247,   -24.356,   -88.602,  -112.847,   -20.000,  -146.602,   -15.247,  -169.048,  -146.602,    22.753,  -169.048,    -8.602,   160.353,   -20.000,   129.398,    42.753,   -29.715,   149.398,   -15.247,   -24.356,    -0.000,  -160.000,  -120.817,  -146.602,   -15.247,  -169.048,  -146.602,    22.753,  -169.048,    -0.000,   160.000,   -99.381,   129.398,    42.753,   -29.715,   708.602,    36.247,   178.650,     1.000,     0.000,     0.000,     0.000,kLegUpDown,0,1
0111010010010001000110011101,   149.398,   -15.247,   -24.356,   -88.602,  -112.847,  -120.817,  -146.602,   -15.247,   -20.000,  -146.602,    22.753,   -20.000,   -88.602,   120.353,  -120.817,   129.398,    42.753,   -20.000,   149.398,   -15.247,   -24.356,   -88.602,  -112.847,  -120.817,  -113.137,  -113.137,  -169.048,  -113.137,   113.137,  -169.048,   -88.602,   120.353,  -120.817,   113.137,   113.137,   -29.715,   708.602,    36.247,   178.650,     1.000,     0.000,     0.000,     0.000,kComUpDown,0,1
0111010010010001000110011101,   149.398,   -15.247,   -24.356,   -88.602,  -112.847,  -120.817,  -146.602,   -15.247,   -20.000,  -146.602,    22.753,   -20.000,   -88.602,   120.353,  -120.817,   129.398,    42.753,   -20.000,   149.398,   -15.247,   -24.356,   -88.602,  -112.847,  -120.817,  -113.137,  -113.137,  -169.048,  -113.137,   113.137,  -169.048,   -88.602,   120.353,  -120.817,   113.137,   113.137,   -29.715,   708.602,    36.247,   178.650,     1.000,     0.000,     0.000,     0.000,kComMove,0,1
0111010010010001000110011101,   149.398,   -15.247,   -24.356,   -88.602,  -112.847,  -120.817,  -146.602,   -15.247,   -20.000,  -146.602,    22.753,   -20.000,   -88.602,   120.353,  -120.817,   129.398,    42.753,   -20.000,   149.398,   -15.247,   -24.356,   -88.602,  -112.847,  -120.817,  -113.137,  -113.137,  -169.048,  -113.137,   113.137,  -169.048,   -88.602,   120.353,  -120.817,   113.137,   113.137,   -29.715,   708.602,    36.247,   178.650,     1.000,     0.000,     0.000,     0.000,kLegHierarchyChange,0,1
0111011110010101011110011101,   149.398,   -15.247,   -24.356,   -88.602,  -112.847,  -120.817,  -146.602,   -15.247,   -20.000,  -146.602,    22.753,   -20.000,   -88.602,   120.353,  -120.817,   129.398,    42.753,   -20.000,   149.398,   -15.247,   -24.356,   -88.602,  -112.847,  -120.817,  -113.137,  -113.137,  -169.048,  -113.137,   113.137,  -169.048,   -88.602,   120.353,  -120.817,   113.137,   113.137,   -29.715,   708.602,    36.247,   178.650,     1.000,     0.000,     0.000,     0.000,kLegUpDown,0,1
0111111100011101011110011101,   149.398,   -15.247,   -24.356,   -88.602,  -112.847,  -120.817,  -146.602,   -15.247,   -20.000,   -26.602,   142.753,  -136.894,   -88.602,   120.353,   -20.000,   149.398,    62.753,   -24.356,   149.398,   -15.247,   -24.356,   -88.602,  -112.847,  -120.817,  -113.137,  -113.137,  -169.048,   -26.602,   142.753,  -136.894,    -0.000,   160.000,  -120.817,   149.398,    62.753,   -24.356,   708.602,    36.247,   178.650,     1.000,     0.000,     0.000,     0.000,kComUpDown,0,1
0111111100011101011110011101,   149.398,   -15.247,   -54.859,   -88.602,  -112.847,  -151.321,  -146.602,   -15.247,   -20.000,   -26.602,   142.753,  -167.398,   -88.602,   120.353,   -20.000,   149.398,    62.753,   -54.859,   149.398,   -15.247,   -54.859,   -88.602,  -112.847,  -151.321,  -113.137,  -113.137,  -199.552,   -26.602,   142.753,  -167.398,    -0.000,   160.000,  -151.321,   149.398,    62.753,   -54.859,   708.602,    36.247,   209.154,     1.000,     0.000,     0.000,     0.000,kComMove,0,1
0010110001001100010011001100,   143.655,   -29.000,   -54.859,   -94.345,  -126.600,  -151.321,  -146.602,   -15.247,   -20.000,   -32.345,   129.000,  -167.398,   -88.602,   120.353,   -20.000,   143.655,    49.000,   -54.859,   143.655,   -29.000,   -54.859,   -94.345,  -126.600,  -151.321,  -113.137,  -113.137,  -199.552,   -32.345,   129.000,  -167.398,    -0.000,   160.000,  -151.321,   143.655,    49.000,   -54.859,   714.345,    50.000,   209.154,     1.000,     0.000,     0.000,     0.000,kLegHierarchyChange,0,1
0010110001111100010111001100,   143.655,   -29.000,   -54.859,   -94.345,  -126.600,  -151.321,  -146.602,   -15.247,   -20.000,   -32.345,   129.000,  -167.398,   -88.602,   120.353,   -20.000,   143.655,    49.000,   -54.859,   143.655,   -29.000,   -54.859,   -94.345,  -126.600,  -151.321,  -113.137,  -113.137,  -199.552,   -32.345,   129.000,  -167.398,    -0.000,   160.000,  -151.321,   143.655,    49.000,   -54.859,   714.345,    50.000,   209.154,     1.000,     0.000,     0.000,     0.000,kLegUpDown,0,1
0010110001111100010111000100,   143.655,   -29.000,   -20.000,   -94.345,  -126.600,  -151.321,  -146.602,   -15.247,   -20.000,   -32.345,   129.000,  -167.398,   -88.602,   120.353,   -20.000,   143.655,    49.000,   -54.859,   113.137,  -113.137,   -54.859,   -94.345,  -126.600,  -151.321,  -113.137,  -113.137,  -199.552,   -32.345,   129.000,  -167.398,    -0.000,   160.000,  -151.321,   143.655,    49.000,   -54.859,   714.345,    50.000,   209.154,     1.000,     0.000,     0.000,     0.000,kComUpDown,0,1
0010110001111100010111000100,   143.655,   -29.000,   -20.000,   -94.345,  -126.600,  -156.779,  -146.602,   -15.247,   -20.000,   -32.345,   129.000,  -172.856,   -88.602,   120.353,   -20.000,   143.655,    49.000,   -60.318,   113.137,  -113.137,   -60.318,   -94.345,  -126.600,  -156.779,  -113.137,  -113.137,  -205.010,   -32.345,   129.000,  -172.856,    -0.000,   160.000,  -156.779,   143.655,    49.000,   -60.318,   714.345,    50.000,   214.612,     1.000,     0.000,     0.000,     0.000,kComMove,0,1
0010110001001100010011000100,   143.655,   -29.000,   -20.000,   -95.478,  -117.519,  -156.779,  -146.602,   -15.247,   -20.000,   -33.478,   138.081,  -172.856,   -88.602,   120.353,   -20.000,   142.522,    58.081,   -60.318,   113.137,  -113.137,   -60.318,   -95.478,  -117.519,  -156.779,  -113.137,  -113.137,  -205.010,   -33.478,   138.081,  -172.856,    -0.000,   160.000,  -156.779,   142.522,    58.081,   -60.318,   715.478,    40.919,   214.612,     1.000,     0.000,     0.000,     0.000,kLegHierarchyChange,0,1
0010110001111100010111000111,   143.655,   -29.000,   -20.000,   -95.478,  -117.519,  -156.779,  -146.602,   -15.247,   -20.000,   -33.478,   138.081,  -172.856,   -88.602,   120.353,   -20.000,   142.522,    58.081,   -60.318,   113.137,  -113.137,   -60.318,   -95.478,  -117.519,  -156.779,  -113.137,  -113.137,  -205.010,   -33.478,   138.081,  -172.856,    -0.000,   160.000,  -156.779,   142.522,    58.081,   -60.318,   715.478,    40.919,   214.612,     1.000,     0.000,     0.000,     0.000,kLegUpDown,0,1
0010010011111100010111001111,   222.522,   -19.919,   -38.882,   -95.478,  -117.519,  -156.779,  -146.602,   -15.247,   -20.000,   -33.478,   138.081,  -172.856,   104.522,   135.681,  -103.190,   142.522,    58.081,   -20.000,   222.522,   -19.919,   -38.882,   -95.478,  -117.519,  -156.779,  -113.137,  -113.137,  -205.010,   -33.478,   138.081,  -172.856,   104.522,   135.681,  -103.190,   113.137,   113.137,   -60.318,   715.478,    40.919,   214.612,     1.000,     0.000,     0.000,     0.000,kComUpDown,0,1
0010010011111100010111001111,   222.522,   -19.919,   -38.882,   -95.478,  -117.519,  -156.779,  -146.602,   -15.247,   -20.000,   -33.478,   138.081,  -172.856,   104.522,   135.681,  -103.190,   142.522,    58.081,   -20.000,   222.522,   -19.919,   -38.882,   -95.478,  -117.519,  -156.779,  -113.137,  -113.137,  -205.010,   -33.478,   138.081,  -172.856,   104.522,   135.681,  -103.190,   113.137,   113.137,   -60.318,   715.478,    40.919,   214.612,     1.000,     0.000,     0.000,     0.000,kComMove,0,1
0010010011111100010111001111,   222.522,   -19.919,   -38.882,   -95.478,  -117.519,  -156.779,  -146.602,   -15.247,   -20.000,   -33.478,   138.081,  -172.856,   104.522,   135.681,  -103.190,   142.522,    58.081,   -20.000,   222.522,   -19.919,   -38.882,   -95.478,  -117.519,  -156.779,  -113.137,  -113.137,  -205.010,   -33.478,   138.081,  -172.856,   104.522,   135.681,  -103.190,   113.137,   113.137,   -60.318,   715.478,    40.919,   214.612,     1.000,     0.000,     0.000,     0.000,kLegHierarchyChange,0,1
0010011111111100010111001111,   222.522,   -19.919,   -38.882,   -95.478,  -117.519,  -156.779,  -146.602,   -15.247,   -20.000,   -33.478,   138.081,  -172.856,   104.522,   135.681,  -103.190,   142.522,    58.081,   -20.000,   222.522,   -19.919,   -38.882,   -95.478,  -117.519,  -156.779,  -113.137,  -113.137,  -205.010,   -33.478,   138.081,  -172.856,   104.522,   135.681,  -103.190,   113.137,   113.137,   -60.318,   715.478,    40.919,   214.612,     1.000,     0.000,     0.000,     0.000,kLegUpDown,0,1
0010111101111100010111000111,   222.522,   -19.919,   -20.000,   -95.478,  -117.519,  -156.779,  -146.602,   -15.247,   -20.000,   -33.478,   138.081,  -172.856,   104.522,   135.681,   -20.000,   202.522,    18.081,   -44.241,   113.137,  -113.137,   -38.882,   -95.478,  -117.519,  -156.779,  -113.137,  -113.137,  -205.010,   -33.478,   138.081,  -172.856,    -0.000,   160.000,  -103.190,   202.522,    18.081,   -44.241,   715.478,    40.919,   214.612,     1.000,     0.000,     0.000,     0.000,kComUpDown,0,1
0010111101111100010111000111,   222.522,   -19.919,   -20.000,   -95.478,  -117.519,  -156.779,  -146.602,   -15.247,   -20.000,   -33.478,   138.081,  -172.856,   104.522,   135.681,   -20.000,   202.522,    18.081,   -44.241,   113.137,  -113.137,   -38.882,   -95.478,  -117.519,  -156.779,  -113.137,  -113.137,  -205.010,   -33.478,   138.081,  -172.856,    -0.000,   160.000,  -103.190,   202.522,    18.081,   -44.241,   715.478,    40.919,   214.612,     1.000,     0.000,     0.000,     0.000,kComMove,0,1
0010111101111100010111000111,   222.522,   -19.919,   -20.000,   -95.478,  -117.519,  -156.779,  -146.602,   -15.247,   -20.000,   -33.478,   138.081,  -172.856,   104.522,   135.681,   -20.000,   202.522,    18.081,   -44.241,   113.137,  -113.137,   -38.882,   -95.478,  -117.519,  -156.779,  -113.137,  -113.137,  -205.010,   -33.478,   138.081,  -172.856,    -0.000,   160.000,  -103.190,   202.522,    18.081,   -44.241,   715.478,    40.919,   214.612,     1.000,     0.000,     0.000,     0.000,kLegHierarchyChange,0,1
0010111101001100010111000111,   222.522,   -19.919,   -20.000,   -95.478,  -117.519,  -156.779,  -146.602,   -15.247,   -20.000,   -33.478,   138.081,  -172.856,   104.522,   135.681,   -20.000,   202.522,    18.081,   -44.241,   113.137,  -113.137,   -38.882,   -95.478,  -117.519,  -156.779,  -113.137,  -113.137,  -205.010,   -33.478,   138.081,  -172.856,    -0.000,   160.000,  -103.190,   202.522,    18.081,   -44.241,   715.478,    40.919,   214.612,     1.000,     0.000,     0.000,     0.000,kLegUpDown,0,1
0010011111000100010111001111,   222.522,   -19.919,   -38.882,   -95.478,  -117.519,  -156.779,  -146.602,   -15.247,   -20.000,   -33.478,   138.081,   -20.000,     4.522,   155.681,  -129.984,   202.522,    18.081,   -20.000,   222.522,   -19.919,   -38.882,   -95.478,  -117.519,  -156.779,  -113.137,  -113.137,  -205.010,  -113.137,   113.137,  -172.856,     4.522,   155.681,  -129.984,   113.137,   113.137,   -44.241,   715.478,    40.919,   214.612,     1.000,     0.000,     0.000,     0.000,kComUpDown,0,1
0010011111000100010111001111,   222.522,   -19.919,   -38.882,   -95.478,  -117.519,  -156.779,  -146.602,   -15.247,   -20.000,   -33.478,   138.081,   -20.000,     4.522,   155.681,  -129.984,   202.522,    18.081,   -20.000,   222.522,   -19.919,   -38.882,   -95.478,  -117.519,  -156.779,  -113.137,  -113.137,  -205.010,  -113.137,   113.137,  -172.856,     4.522,   155.681,  -129.984,   113.137,   113.137,   -44.241,   715.478,    40.919,   214.612,     1.000,     0.000,     0.000,     0.000,kComMove,0,1
0111010011000100010011001100,   217.006,   -28.986,   -38.882,  -100.994,  -126.586,  -156.779,  -146.602,   -15.247,   -20.000,   -33.478,   138.081,   -20.000,    -0.994,   146.614,  -129.984,   202.522,    18.081,   -20.000,   217.006,   -28.986,   -38.882,  -100.994,  -126.586,  -156.779,  -113.137,  -113.137,  -205.010,  -113.137,   113.137,  -172.856,    -0.994,   146.614,  -129.984,   113.137,   113.137,   -44.241,   720.994,    49.986,   214.612,     1.000,     0.000,     0.000,     0.000,kLegHierarchyChange,0,1
0111010011000101010111001100,   217.006,   -28.986,   -38.882,  -100.994,  -126.586,  -156.779,  -146.602,   -15.247,   -20.000,   -33.478,   138.081,   -20.000,    -0.994,   146.614,  -129.984,   202.522,    18.081,   -20.000,   217.006,   -28.986,   -38.882,  -100.994,  -126.586,  -156.779,  -113.137,  -113.137,  -205.010,  -113.137,   113.137,  -172.856,    -0.994,   146.614,  -129.984,   113.137,   113.137,   -44.241,   720.994,    49.986,   214.612,     1.000,     0.000,     0.000,     0.000,kLegUpDown,0,1
0111010011000101010111001100,   217.006,   -28.986,   -38.882,  -100.994,  -126.586,  -156.779,  -146.602,   -15.247,   -20.000,   -33.478,   138.081,   -20.000,    -0.994,   146.614,  -129.984,   202.522,    18.081,   -20.000,   217.006,   -28.986,   -38.882,  -100.994,  -126.586,  -156.779,  -113.137,  -113.137,  -205.010,  -113.137,   113.137,  -172.856,    -0.994,   146.614,  -129.984,   113.137,   113.137,   -44.241,   720.994,    49.986,   214.612,     1.000,     0.000,     0.000,     0.000,kComUpDown,0,1
0111010011000101010111001100,   217.006,   -28.986,   -34.214,  -100.994,  -126.586,  -152.112,  -146.602,   -15.247,   -20.000,   -33.478,   138.081,   -20.000,    -0.994,   146.614,  -125.317,   202.522,    18.081,   -20.000,   217.006,   -28.986,   -34.214,  -100.994,  -126.586,  -152.112,  -113.137,  -113.137,  -200.342,  -113.137,   113.137,  -168.189,    -0.994,   146.614,  -125.317,   113.137,   113.137,   -39.573,   720.994,    49.986,   209.944,     1.000,     0.000,     0.000,     0.000,kComMove,0,1
0111010011000101010111001100,   217.006,   -28.986,   -34.214,  -100.994,  -126.586,  -152.112,  -146.602,   -15.247,   -20.000,   -33.478,   138.081,   -20.000,    -0.994,   146.614,  -125.317,   202.522,    18.081,   -20.000,   217.006,   -28.986,   -34.214,  -100.994,  -126.586,  -152.112,  -113.137,  -113.137,  -200.342,  -113.137,   113.137,  -168.189,    -0.994,   146.614,  -125.317,   113.137,   113.137,   -39.573,   720.994,    49.986,   209.944,     1.000,     0.000,     0.000,     0.000,kLegHierarchyChange,0,1
0111010011000101010111001100,   217.006,   -28.986,   -34.214,  -100.994,  -126.586,  -152.112,  -146.602,   -15.247,   -20.000,   -33.478,   138.081,   -20.000,    -0.994,   146.614,  -125.317,   202.522,    18.081,   -20.000,   217.006,   -28.986,   -34.214,  -100.994,  -126.586,  -152.112,  -113.137,  -113.137,  -200.342,  -113.137,   113.137,  -168.189,    -0.994,   146.614,  -125.317,   113.137,   113.137,   -39.573,   720.994,    49.986,   209.944,     1.000,     0.000,     0.000,     0.000,kLegUpDown,0,1
0111110001001101110101001100,   217.006,   -28.986,   -34.214,  -100.994,  -126.586,   -20.000,   -58.994,  -128.986,  -173.548,   -18.994,   149.014,  -162.830,    -0.994,   146.614,   -20.000,   117.006,   109.014,   -61.009,   217.006,   -28.986,   -34.214,    -0.000,  -160.000,  -152.112,   -58.994,  -128.986,  -173.548,   -18.994,   149.014,  -162.830,    -0.000,   160.000,  -125.317,   117.006,   109.014,   -61.009,   720.994,    49.986,   209.944,     1.000,     0.000,     0.000,     0.000,kComUpDown,0,1
0111110001001101110101001100,   217.006,   -28.986,   -22.487,  -100.994,  -126.586,   -20.000,   -58.994,  -128.986,  -161.820,   -18.994,   149.014,  -151.102,    -0.994,   146.614,   -20.000,   117.006,   109.014,   -49.282,   217.006,   -28.986,   -22.487,    -0.000,  -160.000,  -140.385,   -58.994,  -128.986,  -161.820,   -18.994,   149.014,  -151.102,    -0.000,   160.000,  -113.590,   117.006,   109.014,   -49.282,   720.994,    49.986,   198.217,     1.000,     0.000,     0.000,     0.000,kComMove,0,1
0010110001001100110001001100,   174.972,   -16.357,   -22.487,  -100.994,  -126.586,   -20.000,  -101.028,  -116.357,  -161.820,   -61.028,   161.643,  -151.102,    -0.994,   146.614,   -20.000,    74.972,   121.643,   -49.282,   174.972,   -16.357,   -22.487,    -0.000,  -160.000,  -140.385,  -101.028,  -116.357,  -161.820,   -61.028,   161.643,  -151.102,    -0.000,   160.000,  -113.590,    74.972,   121.643,   -49.282,   763.028,    37.357,   198.217,     1.000,     0.000,     0.000,     0.000,kLegHierarchyChange,0,1
0010110001001100110000011100,   174.972,   -16.357,   -22.487,  -100.994,  -126.586,   -20.000,  -101.028,  -116.357,  -161.820,   -61.028,   161.643,  -151.102,    -0.994,   146.614,   -20.000,    74.972,   121.643,   -49.282,   174.972,   -16.357,   -22.487,    -0.000,  -160.000,  -140.385,  -101.028,  -116.357,  -161.820,   -61.028,   161.643,  -151.102,    -0.000,   160.000,  -113.590,    74.972,   121.643,   -49.282,   763.028,    37.357,   198.217,     1.000,     0.000,     0.000,     0.000,kLegUpDown,0,1
0010010011000100010010011100,   174.972,   -16.357,   -22.487,   -83.028,  -113.957,  -124.308,  -101.028,  -116.357,   -20.000,   -61.028,   161.643,   -20.000,    -3.028,   159.243,  -102.872,    74.972,   121.643,   -20.000,   174.972,   -16.357,   -22.487,   -83.028,  -113.957,  -124.308,  -113.137,  -113.137,  -161.820,  -113.137,   113.137,  -151.102,    -3.028,   159.243,  -102.872,   113.137,   113.137,   -49.282,   763.028,    37.357,   198.217,     1.000,     0.000,     0.000,     0.000,kComUpDown,0,1
0010010011000100010010011100,   174.972,   -16.357,   -38.565,   -83.028,  -113.957,  -140.386,  -101.028,  -116.357,   -20.000,   -61.028,   161.643,   -20.000,    -3.028,   159.243,  -118.950,    74.972,   121.643,   -20.000,   174.972,   -16.357,   -38.565,   -83.028,  -113.957,  -140.386,  -113.137,  -113.137,  -177.899,  -113.137,   113.137,  -167.181,    -3.028,   159.243,  -118.950,   113.137,   113.137,   -65.360,   763.028,    37.357,   214.296,     1.000,     0.000,     0.000,     0.000,kComMove,0,1
0010010011000100010011001100,   143.095,   -41.454,   -38.565,  -114.905,  -139.054,  -140.386,  -101.028,  -116.357,   -20.000,   -61.028,   161.643,   -20.000,   -34.905,   134.146,  -118.950,    74.972,   121.643,   -20.000,   143.095,   -41.454,   -38.565,  -114.905,  -139.054,  -140.386,  -113.137,  -113.137,  -177.899,  -113.137,   113.137,  -167.181,   -34.905,   134.146,  -118.950,   113.137,   113.137,   -65.360,   794.905,    62.454,   214.296,     1.000,     0.000,     0.000,     0.000,kLegHierarchyChange,0,1
0010011111000111010111001100,   143.095,   -41.454,   -38.565,  -114.905,  -139.054,  -140.386,  -101.028,  -116.357,   -20.000,   -61.028,   161.643,   -20.000,   -34.905,   134.146,  -118.950,    74.972,   121.643,   -20.000,   143.095,   -41.454,   -38.565,  -114.905,  -139.054,  -140.386,  -113.137,  -113.137,  -177.899,  -113.137,   113.137,  -167.181,   -34.905,   134.146,  -118.950,   113.137,   113.137,   -65.360,   794.905,    62.454,   214.296,     1.000,     0.000,     0.000,     0.000,kLegUpDown,0,1
0010111111000111110101000100,   143.095,   -41.454,   -20.000,  -114.905,  -139.054,   -20.000,   -32.905,  -141.454,  -151.104,   -61.028,   161.643,   -20.000,   -34.905,   134.146,  -118.950,   183.095,    16.546,   -27.847,   113.137,  -113.137,   -38.565,    -0.000,  -160.000,  -140.386,   -32.905,  -141.454,  -151.104,  -113.137,   113.137,  -167.181,   -34.905,   134.146,  -118.950,   183.095,    16.546,   -27.847,   794.905,    62.454,   214.296,     1.000,     0.000,     0.000,     0.000,kComUpDown,0,1
0010111111000111110101000100,   143.095,   -41.454,   -20.000,  -114.905,  -139.054,   -20.000,   -32.905,  -141.454,  -167.388,   -61.028,   161.643,   -20.000,   -34.905,   134.146,  -135.234,   183.095,    16.546,   -44.131,   113.137,  -113.137,   -54.849,    -0.000,  -160.000,  -156.670,   -32.905,  -141.454,  -167.388,  -113.137,   113.137,  -183.465,   -34.905,   134.146,  -135.234,   183.095,    16.546,   -44.131,   794.905,    62.454,   230.579,     1.000,     0.000,     0.000,     0.000,kComMove,0,1
0111110011000100110001000100,   143.095,   -41.454,   -20.000,  -114.905,  -139.054,   -20.000,   -80.774,  -120.225,  -167.388,   -61.028,   161.643,   -20.000,   -82.774,   155.375,  -135.234,   135.226,    37.775,   -44.131,   113.137,  -113.137,   -54.849,    -0.000,  -160.000,  -156.670,   -80.774,  -120.225,  -167.388,  -113.137,   113.137,  -183.465,   -82.774,   155.375,  -135.234,   135.226,    37.775,   -44.131,   842.774,    41.225,   230.579,     1.000,     0.000,     0.000,     0.000,kLegHierarchyChange,0,1
0111110011000111110000010101,   143.095,   -41.454,   -20.000,  -114.905,  -139.054,   -20.000,   -80.774,  -120.225,  -167.388,   -61.028,   161.643,   -20.000,   -82.774,   155.375,  -135.234,   135.226,    37.775,   -44.131,   113.137,  -113.137,   -54.849,    -0.000,  -160.000,  -156.670,   -80.774,  -120.225,  -167.388,  -113.137,   113.137,  -183.465,   -82.774,   155.375,  -135.234,   135.226,    37.775,   -44.131,   842.774,    41.225,   230.579,     1.000,     0.000,     0.000,     0.000,kLegUpDown,0,1
0111010001001111010010011101,   155.226,   -20.225,   -38.772,   -82.774,  -117.825,  -135.234,   -80.774,  -120.225,   -20.000,   -40.774,   157.775,  -156.670,   -82.774,   155.375,   -20.000,   135.226,    37.775,   -20.000,   155.226,   -20.225,   -38.772,   -82.774,  -117.825,  -135.234,  -113.137,  -113.137,  -167.388,   -40.774,   157.775,  -156.670,    -0.000,   160.000,  -135.234,   113.137,   113.137,   -44.131,   842.774,    41.225,   230.579,     1.000,     0.000,     0.000,     0.000,kComUpDown,0,1
0111010001001111010010011101,   155.226,   -20.225,   -40.272,   -82.774,  -117.825,  -136.733,   -80.774,  -120.225,   -20.000,   -40.774,   157.775,  -158.169,   -82.774,   155.375,   -20.000,   135.226,    37.775,   -20.000,   155.226,   -20.225,   -40.272,   -82.774,  -117.825,  -136.733,  -113.137,  -113.137,  -168.887,   -40.774,   157.775,  -158.169,    -0.000,   160.000,  -136.733,   113.137,   113.137,   -45.631,   842.774,    41.225,   232.079,     1.000,     0.000,     0.000,     0.000,kComMove,0,1
0111010001001100010011001100,   132.456,   -48.249,   -40.272,  -105.544,  -145.849,  -136.733,   -80.774,  -120.225,   -20.000,   -63.544,   129.751,  -158.169,   -82.774,   155.375,   -20.000,   135.226,    37.775,   -20.000,   132.456,   -48.249,   -40.272,  -105.544,  -145.849,  -136.733,  -113.137,  -113.137,  -168.887,   -63.544,   129.751,  -158.169,    -0.000,   160.000,  -136.733,   113.137,   113.137,   -45.631,   865.544,    69.249,   232.079,     1.000,     0.000,     0.000,     0.000,kLegHierarchyChange,0,1
0111011101111100010111001100,   132.456,   -48.249,   -40.272,  -105.544,  -145.849,  -136.733,   -80.774,  -120.225,   -20.000,   -63.544,   129.751,  -158.169,   -82.774,   155.375,   -20.000,   135.226,    37.775,   -20.000,   132.456,   -48.249,   -40.272,  -105.544,  -145.849,  -136.733,  -113.137,  -113.137,  -168.887,   -63.544,   129.751,  -158.169,    -0.000,   160.000,  -136.733,   113.137,   113.137,   -45.631,   865.544,    69.249,   232.079,     1.000,     0.000,     0.000,     0.000,kLegUpDown,0,1
0111111111110100110101000100,   132.456,   -48.249,   -20.000,  -105.544,  -145.849,   -20.000,   -23.544,  -148.249,  -147.451,   -63.544,   129.751,   -20.000,   114.456,   147.351,   -77.784,   192.456,    29.751,   -24.195,   113.137,  -113.137,   -40.272,    -0.000,  -160.000,  -136.733,   -23.544,  -148.249,  -147.451,  -113.137,   113.137,  -158.169,   114.456,   147.351,   -77.784,   192.456,    29.751,   -24.195,   865.544,    69.249,   232.079,     1.000,     0.000,     0.000,     0.000,kComUpDown,0,1
0111111111110100110101000100,   132.456,   -48.249,   -20.000,  -105.544,  -145.849,   -20.000,   -23.544,  -148.249,  -164.933,   -63.544,   129.751,   -20.000,   114.456,   147.351,   -95.266,   192.456,    29.751,   -41.677,   113.137,  -113.137,   -57.754,    -0.000,  -160.000,  -154.215,   -23.544,  -148.249,  -164.933,  -113.137,   113.137,  -175.651,   114.456,   147.351,   -95.266,   192.456,    29.751,   -41.677,   865.544,    69.249,   249.561,     1.000,     0.000,     0.000,     0.000,kComMove,0,1
0111110011000100110001000100,   132.456,   -48.249,   -20.000,  -105.544,  -145.849,   -20.000,   -97.819,  -113.975,  -164.933,   -63.544,   129.751,   -20.000,    40.181,   181.625,   -95.266,   118.181,    64.025,   -41.677,   113.137,  -113.137,   -57.754,    -0.000,  -160.000,  -154.215,   -97.819,  -113.975,  -164.933,  -113.137,   113.137,  -175.651,    40.181,   181.625,   -95.266,   118.181,    64.025,   -41.677,   939.819,    34.975,   249.561,     1.000,     0.000,     0.000,     0.000,kLegHierarchyChange,0,1
0111110011000101110001110111,   132.456,   -48.249,   -20.000,  -105.544,  -145.849,   -20.000,   -97.819,  -113.975,  -164.933,   -63.544,   129.751,   -20.000,    40.181,   181.625,   -95.266,   118.181,    64.025,   -41.677,   113.137,  -113.137,   -57.754,    -0.000,  -160.000,  -154.215,   -97.819,  -113.975,  -164.933,  -113.137,   113.137,  -175.651,    40.181,   181.625,   -95.266,   118.181,    64.025,   -41.677,   939.819,    34.975,   249.561,     1.000,     0.000,     0.000,     0.000,kLegUpDown,0,1
0111010001001101110001111111,   198.181,   -33.975,   -20.241,  -105.544,  -145.849,   -20.000,   -97.819,  -113.975,  -164.933,   -17.819,   144.025,  -143.497,    40.181,   181.625,   -20.000,   118.181,    64.025,   -20.000,   198.181,   -33.975,   -20.241,    -0.000,  -160.000,  -154.215,   -97.819,  -113.975,  -164.933,   -17.819,   144.025,  -143.497,    -0.000,   160.000,   -95.266,   113.137,   113.137,   -41.677,   939.819,    34.975,   249.561,     1.000,     0.000,     0.000,     0.000,kComUpDown,0,1
0111010001001101110001111111,   198.181,   -33.975,   -20.241,  -105.544,  -145.849,   -20.000,   -97.819,  -113.975,  -164.933,   -17.819,   144.025,  -143.497,    40.181,   181.625,   -20.000,   118.181,    64.025,   -20.000,   198.181,   -33.975,   -20.241,    -0.000,  -160.000,  -154.215,   -97.819,  -113.975,  -164.933,   -17.819,   144.025,  -143.497,    -0.000,   160.000,   -95.266,   113.137,   113.137,   -41.677,   939.819,    34.975,   249.561,     1.000,     0.000,     0.000,     0.000,kComMove,0,1
0111010001001100110001001100,   187.281,   -21.432,   -20.241,  -105.544,  -145.849,   -20.000,  -108.719,  -101.432,  -164.933,   -28.719,   156.568,  -143.497,    40.181,   181.625,   -20.000,   118.181,    64.025,   -20.000,   187.281,   -21.432,   -20.241,    -0.000,  -160.000,  -154.215,  -108.719,  -101.432,  -164.933,   -28.719,   156.568,  -143.497,    -0.000,   160.000,   -95.266,   113.137,   113.137,   -41.677,   950.719,    22.432,   249.561,     1.000,     0.000,     0.000,     0.000,kLegHierarchyChange,0,1
0111011101111100110001001100,   187.281,   -21.432,   -20.241,  -105.544,  -145.849,   -20.000,  -108.719,  -101.432,  -164.933,   -28.719,   156.568,  -143.497,    40.181,   181.625,   -20.000,   118.181,    64.025,   -20.000,   187.281,   -21.432,   -20.241,    -0.000,  -160.000,  -154.215,  -108.719,  -101.432,  -164.933,   -28.719,   156.568,  -143.497,    -0.000,   160.000,   -95.266,   113.137,   113.137,   -41.677,   950.719,    22.432,   249.561,     1.000,     0.000,     0.000,     0.000,kLegUpDown,0,1
0111111111111100010011001100,   187.281,   -21.432,   -20.241,     9.281,  -159.032,  -100.625,  -108.719,  -101.432,   -20.000,   -28.719,   156.568,  -143.497,   109.281,   134.168,   -73.830,   187.281,    16.568,   -20.241,   187.281,   -21.432,   -20.241,     9.281,  -159.032,  -100.625,  -113.137,  -113.137,  -164.933,   -28.719,   156.568,  -143.497,   109.281,   134.168,   -73.830,   187.281,    16.568,   -20.241,   950.719,    22.432,   249.561,     1.000,     0.000,     0.000,     0.000,kComUpDown,0,1
0111111111111100010011001100,   187.281,   -21.432,   -24.090,     9.281,  -159.032,  -104.475,  -108.719,  -101.432,   -20.000,   -28.719,   156.568,  -147.347,   109.281,   134.168,   -77.680,   187.281,    16.568,   -24.090,   187.281,   -21.432,   -24.090,     9.281,  -159.032,  -104.475,  -113.137,  -113.137,  -168.783,   -28.719,   156.568,  -147.347,   109.281,   134.168,   -77.680,   187.281,    16.568,   -24.090,   950.719,    22.432,   253.410,     1.000,     0.000,     0.000,     0.000,kComMove,0,1
0100110011001100010011001100,   143.141,   -18.217,   -24.090,   -34.859,  -155.817,  -104.475,  -108.719,  -101.432,   -20.000,   -72.859,   159.783,  -147.347,    65.141,   137.383,   -77.680,   143.141,    19.783,   -24.090,   143.141,   -18.217,   -24.090,   -34.859,  -155.817,  -104.475,  -113.137,  -113.137,  -168.783,   -72.859,   159.783,  -147.347,    65.141,   137.383,   -77.680,   143.141,    19.783,   -24.090,   994.859,    19.217,   253.410,     1.000,     0.000,     0.000,     0.000,kLegHierarchyChange,0,1
0100110011001100010111001100,   143.141,   -18.217,   -24.090,   -34.859,  -155.817,  -104.475,  -108.719,  -101.432,   -20.000,   -72.859,   159.783,  -147.347,    65.141,   137.383,   -77.680,   143.141,    19.783,   -24.090,   143.141,   -18.217,   -24.090,   -34.859,  -155.817,  -104.475,  -113.137,  -113.137,  -168.783,   -72.859,   159.783,  -147.347,    65.141,   137.383,   -77.680,   143.141,    19.783,   -24.090,   994.859,    19.217,   253.410,     1.000,     0.000,     0.000,     0.000,kLegUpDown,0,1
0100010011000100110111000100,   143.141,   -18.217,   -20.000,   -34.859,  -155.817,  -104.475,   -32.859,  -138.217,  -136.629,   -72.859,   159.783,   -20.000,    65.141,   137.383,   -77.680,   143.141,    19.783,   -20.000,   113.137,  -113.137,   -24.090,   -34.859,  -155.817,  -104.475,   -32.859,  -138.217,  -136.629,  -113.137,   113.137,  -147.347,    65.141,   137.383,   -77.680,   113.137,   113.137,   -24.090,   994.859,    19.217,   253.410,     1.000,     0.000,     0.000,     0.000,kComUpDown,0,1
0100010011000100110111000100,   143.141,   -18.217,   -20.000,   -34.859,  -155.817,  -136.739,   -32.859,  -138.217,  -168.893,   -72.859,   159.783,   -20.000,    65.141,   137.383,  -109.944,   143.141,    19.783,   -20.000,   113.137,  -113.137,   -56.354,   -34.859,  -155.817,  -136.739,   -32.859,  -138.217,  -168.893,  -113.137,   113.137,  -179.611,    65.141,   137.383,  -109.944,   113.137,   113.137,   -56.354,   994.859,    19.217,   285.675,     1.000,     0.000,     0.000,     0.000,kComMove,0,1
0100010011000100110111000100,   143.141,   -18.217,   -20.000,   -34.859,  -155.817,  -136.739,   -32.859,  -138.217,  -168.893,   -72.859,   159.783,   -20.000,    65.141,   137.383,  -109.944,   143.141,    19.783,   -20.000,   113.137,  -113.137,   -56.354,   -34.859,  -155.817,  -136.739,   -32.859,  -138.217,  -168.893,  -113.137,   113.137,  -179.611,    65.141,   137.383,  -109.944,   113.137,   113.137,   -56.354,   994.859,    19.217,   285.675,     1.000,     0.000,     0.000,     0.000,kLegHierarchyChange,0,1
0100011111000101110111000111,   143.141,   -18.217,   -20.000,   -34.859,  -155.817,  -136.739,   -32.859,  -138.217,  -168.893,   -72.859,   159.783,   -20.000,    65.141,   137.383,  -109.944,   143.141,    19.783,   -20.000,   113.137,  -113.137,   -56.354,   -34.859,  -155.817,  -136.739,   -32.859,  -138.217,  -168.893,  -113.137,   113.137,  -179.611,    65.141,   137.383,  -109.944,   113.137,   113.137,   -56.354,   994.859,    19.217,   285.675,     1.000,     0.000,     0.000,     0.000,kLegUpDown,0,1
0100111101001101010111000111,   143.141,   -18.217,   -20.000,   -34.859,  -155.817,  -136.739,   -32.859,  -138.217,   -20.000,   -12.859,   139.783,  -163.534,    65.141,   137.383,   -20.000,   223.141,    19.783,   -34.919,   113.137,  -113.137,   -56.354,   -34.859,  -155.817,  -136.739,  -113.137,  -113.137,  -168.893,   -12.859,   139.783,  -163.534,    -0.000,   160.000,  -109.944,   223.141,    19.783,   -34.919,   994.859,    19.217,   285.675,     1.000,     0.000,     0.000,     0.000,kComUpDown,0,1
0100111101001101010111000111,   143.141,   -18.217,   -20.000,   -34.859,  -155.817,  -136.739,   -32.859,  -138.217,   -20.000,   -12.859,   139.783,  -163.534,    65.141,   137.383,   -20.000,   223.141,    19.783,   -34.919,   113.137,  -113.137,   -56.354,   -34.859,  -155.817,  -136.739,  -113.137,  -113.137,  -168.893,   -12.859,   139.783,  -163.534,    -0.000,   160.000,  -109.944,   223.141,    19.783,   -34.919,   994.859,    19.217,   285.675,     1.000,     0.000,     0.000,     0.000,kComMove,0,1
0111110001001100010011000100,   143.141,   -18.217,   -20.000,  -100.618,  -159.160,  -136.739,   -32.859,  -138.217,   -20.000,   -78.618,   136.440,  -163.534,    65.141,   137.383,   -20.000,   157.382,    16.440,   -34.919,   113.137,  -113.137,   -56.354,  -100.618,  -159.160,  -136.739,  -113.137,  -113.137,  -168.893,   -78.618,   136.440,  -163.534,    -0.000,   160.000,  -109.944,   157.382,    16.440,   -34.919,  1060.618,    22.560,   285.675,     1.000,     0.000,     0.000,     0.000,kLegHierarchyChange,0,1
0111110001111100010111000100,   143.141,   -18.217,   -20.000,  -100.618,  -159.160,  -136.739,   -32.859,  -138.217,   -20.000,   -78.618,   136.440,  -163.534,    65.141,   137.383,   -20.000,   157.382,    16.440,   -34.919,   113.137,  -113.137,   -56.354,  -100.618,  -159.160,  -136.739,  -113.137,  -113.137,  -168.893,   -78.618,   136.440,  -163.534,    -0.000,   160.000,  -109.944,   157.382,    16.440,   -34.919,  1060.618,    22.560,   285.675,     1.000,     0.000,     0.000,     0.000,kLegUpDown,0,1
0111110011110100110101001100,   117.382,  -121.560,   -45.637,  -100.618,  -159.160,   -20.000,   -18.618,  -141.560,  -147.457,   -78.618,   136.440,   -20.000,   119.382,   154.040,   -77.790,   157.382,    16.440,   -34.919,   117.382,  -121.560,   -45.637,    -0.000,  -160.000,  -136.739,   -18.618,  -141.560,  -147.457,  -113.137,   113.137,  -163.534,   119.382,   154.040,   -77.790,   157.382,    16.440,   -34.919,  1060.618,    22.560,   285.675,     1.000,     0.000,     0.000,     0.000,kComUpDown,0,1
0111110011110100110101001100,   117.382,  -121.560,   -61.591,  -100.618,  -159.160,   -20.000,   -18.618,  -141.560,  -163.412,   -78.618,   136.440,   -20.000,   119.382,   154.040,   -93.745,   157.382,    16.440,   -50.873,   117.382,  -121.560,   -61.591,    -0.000,  -160.000,  -152.694,   -18.618,  -141.560,  -163.412,  -113.137,   113.137,  -179.489,   119.382,   154.040,   -93.745,   157.382,    16.440,   -50.873,  1060.618,    22.560,   301.629,     1.000,     0.000,     0.000,     0.000,kComMove,0,1
0111110011000100110001001100,    85.057,  -102.062,   -61.591,  -100.618,  -159.160,   -20.000,   -50.943,  -122.062,  -163.412,   -78.618,   136.440,   -20.000,    87.057,   173.538,   -93.745,   125.057,    35.938,   -50.873,    85.057,  -102.062,   -61.591,    -0.000,  -160.000,  -152.694,   -50.943,  -122.062,  -163.412,  -113.137,   113.137,  -179.489,    87.057,   173.538,   -93.745,   125.057,    35.938,   -50.873,  1092.943,     3.062,   301.629,     1.000,     0.000,     0.000,     0.000,kLegHierarchyChange,0,1
0111110011000111110001111100,    85.057,  -102.062,   -61.591,  -100.618,  -159.160,   -20.000,   -50.943,  -122.062,  -163.412,   -78.618,   136.440,   -20.000,    87.057,   173.538,   -93.745,   125.057,    35.938,   -50.873,    85.057,  -102.062,   -61.591,    -0.000,  -160.000,  -152.694,   -50.943,  -122.062,  -163.412,  -113.137,   113.137,  -179.489,    87.057,   173.538,   -93.745,   125.057,    35.938,   -50.873,  1092.943,     3.062,   301.629,     1.000,     0.000,     0.000,     0.000,kLegUpDown,0,1
0111010011000111110001111100,    85.057,  -102.062,   -61.591,  -100.618,  -159.160,   -20.000,   -50.943,  -122.062,  -163.412,   -78.618,   136.440,   -20.000,    87.057,   173.538,   -93.745,   125.057,    35.938,   -20.000,    85.057,  -102.062,   -61.591,    -0.000,  -160.000,  -152.694,   -50.943,  -122.062,  -163.412,  -113.137,   113.137,  -179.489,    87.057,   173.538,   -93.745,   113.137,   113.137,   -50.873,  1092.943,     3.062,   301.629,     1.000,     0.000,     0.000,     0.000,kComUpDown,0,1
0111010011000111110001111100,    85.057,  -102.062,   -61.591,  -100.618,  -159.160,   -20.000,   -50.943,  -122.062,  -163.412,   -78.618,   136.440,   -20.000,    87.057,   173.538,   -93.745,   125.057,    35.938,   -20.000,    85.057,  -102.062,   -61.591,    -0.000,  -160.000,  -152.694,   -50.943,  -122.062,  -163.412,  -113.137,   113.137,  -179.489,    87.057,   173.538,   -93.745,   113.137,   113.137,   -50.873,  1092.943,     3.062,   301.629,     1.000,     0.000,     0.000,     0.000,kComMove,0,1
0110010011000100110001001100,    71.327,  -124.033,   -61.591,  -100.618,  -159.160,   -20.000,   -64.673,  -144.033,  -163.412,   -78.618,   136.440,   -20.000,    73.327,   151.567,   -93.745,   125.057,    35.938,   -20.000,    71.327,  -124.033,   -61.591,    -0.000,  -160.000,  -152.694,   -64.673,  -144.033,  -163.412,  -113.137,   113.137,  -179.489,    73.327,   151.567,   -93.745,   113.137,   113.137,   -50.873,  1106.673,    25.033,   301.629,     1.000,     0.000,     0.000,     0.000,kLegHierarchyChange,0,1
0110010011000111110001001100,    71.327,  -124.033,   -61.591,  -100.618,  -159.160,   -20.000,   -64.673,  -144.033,  -163.412,   -78.618,   136.440,   -20.000,    73.327,   151.567,   -93.745,   125.057,    35.938,   -20.000,    71.327,  -124.033,   -61.591,    -0.000,  -160.000,  -152.694,   -64.673,  -144.033,  -163.412,  -113.137,   113.137,  -179.489,    73.327,   151.567,   -93.745,   113.137,   113.137,   -50.873,  1106.673,    25.033,   301.629,     1.000,     0.000,     0.000,     0.000,kLegUpDown,0,1
0110110011000111110011000100,    71.327,  -124.033,   -20.000,    -6.673,  -161.633,  -115.181,   -64.673,  -144.033,  -163.412,   -78.618,   136.440,   -20.000,    73.327,   151.567,   -93.745,   111.327,   113.967,   -50.873,   113.137,  -113.137,   -61.591,    -6.673,  -161.633,  -115.181,   -64.673,  -144.033,  -163.412,  -113.137,   113.137,  -179.489,    73.327,   151.567,   -93.745,   111.327,   113.967,   -50.873,  1106.673,    25.033,   301.629,     1.000,     0.000,     0.000,     0.000,kComUpDown,0,1
0110110011000111110011000100,    71.327,  -124.033,   -20.000,    -6.673,  -161.633,  -110.306,   -64.673,  -144.033,  -158.537,   -78.618,   136.440,   -20.000,    73.327,   151.567,   -88.870,   111.327,   113.967,   -45.998,   113.137,  -113.137,   -56.716,    -6.673,  -161.633,  -110.306,   -64.673,  -144.033,  -158.537,  -113.137,   113.137,  -174.614,    73.327,   151.567,   -88.870,   111.327,   113.967,   -45.998,  1106.673,    25.033,   296.754,     1.000,     0.000,     0.000,     0.000,kComMove,0,1
0001110011000100110011000100,    71.327,  -124.033,   -20.000,   -47.817,  -140.039,  -110.306,  -105.817,  -122.439,  -158.537,   -78.618,   136.440,   -20.000,    32.183,   173.161,   -88.870,    70.183,   135.561,   -45.998,   113.137,  -113.137,   -56.716,   -47.817,  -140.039,  -110.306,  -105.817,  -122.439,  -158.537,  -113.137,   113.137,  -174.614,    32.183,   173.161,   -88.870,    70.183,   135.561,   -45.998,  1147.817,     3.439,   296.754,     1.000,     0.000,     0.000,     0.000,kLegHierarchyChange,0,1
0001110011000101110011000111,    71.327,  -124.033,   -20.000,   -47.817,  -140.039,  -110.306,  -105.817,  -122.439,  -158.537,   -78.618,   136.440,   -20.000,    32.183,   173.161,   -88.870,    70.183,   135.561,   -45.998,   113.137,  -113.137,   -56.716,   -47.817,  -140.039,  -110.306,  -105.817,  -122.439,  -158.537,  -113.137,   113.137,  -174.614,    32.183,   173.161,   -88.870,    70.183,   135.561,   -45.998,  1147.817,     3.439,   296.754,     1.000,     0.000,     0.000,     0.000,kLegUpDown,0,1
0001010011001101010011001111,   150.183,   -62.439,   -24.562,   -47.817,  -140.039,  -110.306,  -105.817,  -122.439,   -20.000,   -25.817,   155.561,  -137.101,    32.183,   173.161,   -88.870,    70.183,   135.561,   -20.000,   150.183,   -62.439,   -24.562,   -47.817,  -140.039,  -110.306,  -113.137,  -113.137,  -158.537,   -25.817,   155.561,  -137.101,    32.183,   173.161,   -88.870,   113.137,   113.137,   -45.998,  1147.817,     3.439,   296.754,     1.000,     0.000,     0.000,     0.000,kComUpDown,0,1
0001010011001101010011001111,   150.183,   -62.439,   -48.240,   -47.817,  -140.039,  -133.984,  -105.817,  -122.439,   -20.000,   -25.817,   155.561,  -160.779,    32.183,   173.161,  -112.548,    70.183,   135.561,   -20.000,   150.183,   -62.439,   -48.240,   -47.817,  -140.039,  -133.984,  -113.137,  -113.137,  -182.215,   -25.817,   155.561,  -160.779,    32.183,   173.161,  -112.548,   113.137,   113.137,   -69.676,  1147.817,     3.439,   320.432,     1.000,     0.000,     0.000,     0.000,kComMove,0,1
0010010011001100010011001100,   106.830,   -79.860,   -48.240,   -91.170,  -157.460,  -133.984,  -105.817,  -122.439,   -20.000,   -69.170,   138.140,  -160.779,   -11.170,   155.740,  -112.548,    70.183,   135.561,   -20.000,   106.830,   -79.860,   -48.240,   -91.170,  -157.460,  -133.984,  -113.137,  -113.137,  -182.215,   -69.170,   138.140,  -160.779,   -11.170,   155.740,  -112.548,   113.137,   113.137,   -69.676,  1191.170,    20.860,   320.432,     1.000,     0.000,     0.000,     0.000,kLegHierarchyChange,0,1
0010011111001100010111001100,   106.830,   -79.860,   -48.240,   -91.170,  -157.460,  -133.984,  -105.817,  -122.439,   -20.000,   -69.170,   138.140,  -160.779,   -11.170,   155.740,  -112.548,    70.183,   135.561,   -20.000,   106.830,   -79.860,   -48.240,   -91.170,  -157.460,  -133.984,  -113.137,  -113.137,  -182.215,   -69.170,   138.140,  -160.779,   -11.170,   155.740,  -112.548,   113.137,   113.137,   -69.676,  1191.170,    20.860,   320.432,     1.000,     0.000,     0.000,     0.000,kLegUpDown,0,1
0010111111000100010111000100,   106.830,   -79.860,   -20.000,   -91.170,  -157.460,  -133.984,  -105.817,  -122.439,   -20.000,   -69.170,   138.140,   -20.000,   -11.170,   155.740,  -112.548,   206.830,    18.140,   -21.445,   113.137,  -113.137,   -48.240,   -91.170,  -157.460,  -133.984,  -113.137,  -113.137,  -182.215,  -113.137,   113.137,  -160.779,   -11.170,   155.740,  -112.548,   206.830,    18.140,   -21.445,  1191.170,    20.860,   320.432,     1.000,     0.000,     0.000,     0.000,kComUpDown,0,1
0010111111000100010111000100,   106.830,   -79.860,   -20.000,   -91.170,  -157.460,  -133.984,  -105.817,  -122.439,   -20.000,   -69.170,   138.140,   -20.000,   -11.170,   155.740,  -112.548,   206.830,    18.140,   -21.445,   113.137,  -113.137,   -48.240,   -91.170,  -157.460,  -133.984,  -113.137,  -113.137,  -182.215,  -113.137,   113.137,  -160.779,   -11.170,   155.740,  -112.548,   206.830,    18.140,   -21.445,  1191.170,    20.860,   320.432,     1.000,     0.000,     0.000,     0.000,kComMove,0,1
0111110011000100010011000100,   106.830,   -79.860,   -20.000,  -104.322,  -141.625,  -133.984,  -105.817,  -122.439,   -20.000,   -69.170,   138.140,   -20.000,   -24.322,   171.575,  -112.548,   193.678,    33.975,   -21.445,   113.137,  -113.137,   -48.240,  -104.322,  -141.625,  -133.984,  -113.137,  -113.137,  -182.215,  -113.137,   113.137,  -160.779,   -24.322,   171.575,  -112.548,   193.678,    33.975,   -21.445,  1204.322,     5.025,   320.432,     1.000,     0.000,     0.000,     0.000,kLegHierarchyChange,0,1
