1000110011001100110011001100,   113.137,  -113.137,  -160.000,    -0.000,  -160.000,  -160.000,  -113.137,  -113.137,  -160.000,  -113.137,   113.137,  -160.000,    -0.000,   160.000,  -160.000,   113.137,   113.137,  -160.000,   113.137,  -113.137,  -160.000,    -0.000,  -160.000,  -160.000,  -113.137,  -113.137,  -160.000,  -113.137,   113.137,  -160.000,    -0.000,   160.000,  -160.000,   113.137,   113.137,  -160.000,   -23.288,    26.960,   160.000,     1.000,     0.000,     0.000,     0.000,kLegHierarchyChange,-1,0
1000110011001100110011001100,   113.137,  -113.137,  -160.000,    -0.000,  -160.000,  -160.000,  -113.137,  -113.137,  -160.000,  -113.137,   113.137,  -160.000,    -0.000,   160.000,  -160.000,   113.137,   113.137,  -160.000,   113.137,  -113.137,  -160.000,    -0.000,  -160.000,  -160.000,  -113.137,  -113.137,  -160.000,  -113.137,   113.137,  -160.000,    -0.000,   160.000,  -160.000,   113.137,   113.137,  -160.000,   -23.288,    26.960,   160.000,     1.000,     0.000,     0.000,     0.000,kLegUpDown,0,1
1000110011000100110011000100,   113.137,  -113.137,   -20.000,    -0.000,  -160.000,  -160.000,  -113.137,  -113.137,  -160.000,  -113.137,   113.137,   -20.000,    -0.000,   160.000,  -160.000,   113.137,   113.137,  -160.000,   113.137,  -113.137,  -160.000,    -0.000,  -160.000,  -160.000,  -113.137,  -113.137,  -160.000,  -113.137,   113.137,  -160.000,    -0.000,   160.000,  -160.000,   113.137,   113.137,  -160.000,   -23.288,    26.960,   160.000,     1.000,     0.000,     0.000,     0.000,kComUpDown,0,1
1000110011000100110011000100,   113.137,  -113.137,   -20.000,    -0.000,  -160.000,   -51.667,  -113.137,  -113.137,   -51.667,  -113.137,   113.137,   -20.000,    -0.000,   160.000,   -51.667,   113.137,   113.137,   -51.667,   113.137,  -113.137,   -51.667,    -0.000,  -160.000,   -51.667,  -113.137,  -113.137,   -51.667,  -113.137,   113.137,   -51.667,    -0.000,   160.000,   -51.667,   113.137,   113.137,   -51.667,   -23.288,    26.960,    51.667,     1.000,     0.000,     0.000,     0.000,kComMove,0,1
0001110011000100110011000100,   113.137,  -113.137,   -20.000,   -99.088,  -130.005,   -51.667,  -212.225,   -83.142,   -51.667,  -113.137,   113.137,   -20.000,   -99.088,   189.995,   -51.667,    14.049,   143.132,   -51.667,   113.137,  -113.137,   -51.667,   -99.088,  -130.005,   -51.667,  -212.225,   -83.142,   -51.667,  -113.137,   113.137,   -51.667,   -99.088,   189.995,   -51.667,    14.049,   143.132,   -51.667,    75.800,    -3.035,    51.667,     1.000,     0.000,     0.000,     0.000,kLegHierarchyChange,0,1
0001110011000001110011000111,   113.137,  -113.137,   -20.000,   -99.088,  -130.005,   -51.667,  -212.225,   -83.142,   -51.667,  -113.137,   113.137,   -20.000,   -99.088,   189.995,   -51.667,    14.049,   143.132,   -51.667,   113.137,  -113.137,   -51.667,   -99.088,  -130.005,   -51.667,  -212.225,   -83.142,   -51.667,  -113.137,   113.137,   -51.667,   -99.088,   189.995,   -51.667,    14.049,   143.132,   -51.667,    75.800,    -3.035,    51.667,     1.000,     0.000,     0.000,     0.000,kLegUpDown,0,1
0001010011000001110001001111,   182.200,   -15.965,   -52.783,   -99.088,  -130.005,   -20.000,  -212.225,   -83.142,   -51.667,  -113.137,   113.137,   -20.000,   -99.088,   189.995,   -51.667,    14.049,   143.132,   -20.000,   182.200,   -15.965,   -52.783,    -0.000,  -160.000,   -51.667,  -212.225,   -83.142,   -51.667,  -113.137,   113.137,   -51.667,   -99.088,   189.995,   -51.667,   113.137,   113.137,   -51.667,    75.800,    -3.035,    51.667,     1.000,     0.000,     0.000,     0.000,kComUpDown,0,1
0001010011000001110001001111,   182.200,   -15.965,   -49.915,   -99.088,  -130.005,   -20.000,  -212.225,   -83.142,   -48.799,  -113.137,   113.137,   -20.000,   -99.088,   189.995,   -48.799,    14.049,   143.132,   -20.000,   182.200,   -15.965,   -49.915,    -0.000,  -160.000,   -48.799,  -212.225,   -83.142,   -48.799,  -113.137,   113.137,   -48.799,   -99.088,   189.995,   -48.799,   113.137,   113.137,   -48.799,    75.800,    -3.035,    48.799,     1.000,     0.000,     0.000,     0.000,kComMove,0,1
0010010011000100110001001100,   177.717,   -35.870,   -49.915,   -99.088,  -130.005,   -20.000,  -216.707,  -103.047,   -48.799,  -113.137,   113.137,   -20.000,  -103.570,   170.090,   -48.799,    14.049,   143.132,   -20.000,   177.717,   -35.870,   -49.915,    -0.000,  -160.000,   -48.799,  -216.707,  -103.047,   -48.799,  -113.137,   113.137,   -48.799,  -103.570,   170.090,   -48.799,   113.137,   113.137,   -48.799,    80.283,    16.870,    48.799,     1.000,     0.000,     0.000,     0.000,kLegHierarchyChange,0,1
0010011111000101110001111100,   177.717,   -35.870,   -49.915,   -99.088,  -130.005,   -20.000,  -216.707,  -103.047,   -48.799,  -113.137,   113.137,   -20.000,  -103.570,   170.090,   -48.799,    14.049,   143.132,   -20.000,   177.717,   -35.870,   -49.915,    -0.000,  -160.000,   -48.799,  -216.707,  -103.047,   -48.799,  -113.137,   113.137,   -48.799,  -103.570,   170.090,   -48.799,   113.137,   113.137,   -48.799,    80.283,    16.870,    48.799,     1.000,     0.000,     0.000,     0.000,kLegUpDown,0,1
0010111101001101010011110100,   177.717,   -35.870,   -20.000,   119.717,  -153.470,   -49.915,  -216.707,  -103.047,   -20.000,   -18.283,   142.130,   -49.915,  -103.570,   170.090,   -20.000,   197.717,    22.130,   -49.915,   113.137,  -113.137,   -49.915,   119.717,  -153.470,   -49.915,  -113.137,  -113.137,   -48.799,   -18.283,   142.130,   -49.915,    -0.000,   160.000,   -48.799,   197.717,    22.130,   -49.915,    80.283,    16.870,    48.799,     1.000,     0.000,     0.000,     0.000,kComUpDown,0,1
0010111101001101010011110100,   177.717,   -35.870,   -20.000,   119.717,  -153.470,   -49.915,  -216.707,  -103.047,   -20.000,   -18.283,   142.130,   -49.915,  -103.570,   170.090,   -20.000,   197.717,    22.130,   -49.915,   113.137,  -113.137,   -49.915,   119.717,  -153.470,   -49.915,  -113.137,  -113.137,   -48.799,   -18.283,   142.130,   -49.915,    -0.000,   160.000,   -48.799,   197.717,    22.130,   -49.915,    80.283,    16.870,    48.799,     1.000,     0.000,     0.000,     0.000,kComMove,0,1
0111110001001100010011000100,   177.717,   -35.870,   -20.000,    75.056,  -158.922,   -49.915,  -216.707,  -103.047,   -20.000,   -62.944,   136.678,   -49.915,  -103.570,   170.090,   -20.000,   153.056,    16.678,   -49.915,   113.137,  -113.137,   -49.915,    75.056,  -158.922,   -49.915,  -113.137,  -113.137,   -48.799,   -62.944,   136.678,   -49.915,    -0.000,   160.000,   -48.799,   153.056,    16.678,   -49.915,   124.944,    22.322,    48.799,     1.000,     0.000,     0.000,     0.000,kLegHierarchyChange,0,1
0111110001001100000111000100,   177.717,   -35.870,   -20.000,    75.056,  -158.922,   -49.915,  -216.707,  -103.047,   -20.000,   -62.944,   136.678,   -49.915,  -103.570,   170.090,   -20.000,   153.056,    16.678,   -49.915,   113.137,  -113.137,   -49.915,    75.056,  -158.922,   -49.915,  -113.137,  -113.137,   -48.799,   -62.944,   136.678,   -49.915,    -0.000,   160.000,   -48.799,   153.056,    16.678,   -49.915,   124.944,    22.322,    48.799,     1.000,     0.000,     0.000,     0.000,kLegUpDown,0,1
0111010011000100100101001100,   113.056,  -121.322,   -49.915,    75.056,  -158.922,   -20.000,  -142.944,   -21.322,   -49.915,   -62.944,   136.678,   -20.000,    -4.944,   154.278,   -49.915,   153.056,    16.678,   -20.000,   113.056,  -121.322,   -49.915,    -0.000,  -160.000,   -49.915,  -142.944,   -21.322,   -49.915,  -113.137,   113.137,   -49.915,    -4.944,   154.278,   -49.915,   113.137,   113.137,   -49.915,   124.944,    22.322,    48.799,     1.000,     0.000,     0.000,     0.000,kComUpDown,0,1
0111010011000100100101001100,   113.056,  -121.322,  -116.742,    75.056,  -158.922,   -20.000,  -142.944,   -21.322,  -116.742,   -62.944,   136.678,   -20.000,    -4.944,   154.278,  -116.742,   153.056,    16.678,   -20.000,   113.056,  -121.322,  -116.742,    -0.000,  -160.000,  -116.742,  -142.944,   -21.322,  -116.742,  -113.137,   113.137,  -116.742,    -4.944,   154.278,  -116.742,   113.137,   113.137,  -116.742,   124.944,    22.322,   115.626,     1.000,     0.000,     0.000,     0.000,kComMove,0,1
0110010011000100110001001100,    68.957,  -141.508,  -116.742,    75.056,  -158.922,   -20.000,  -187.043,   -41.508,  -116.742,   -62.944,   136.678,   -20.000,   -49.043,   134.092,  -116.742,   153.056,    16.678,   -20.000,    68.957,  -141.508,  -116.742,    -0.000,  -160.000,  -116.742,  -187.043,   -41.508,  -116.742,  -113.137,   113.137,  -116.742,   -49.043,   134.092,  -116.742,   113.137,   113.137,  -116.742,   169.043,    42.508,   115.626,     1.000,     0.000,     0.000,     0.000,kLegHierarchyChange,0,1
0110010011000111110001001100,    68.957,  -141.508,  -116.742,    75.056,  -158.922,   -20.000,  -187.043,   -41.508,  -116.742,   -62.944,   136.678,   -20.000,   -49.043,   134.092,  -116.742,   153.056,    16.678,   -20.000,    68.957,  -141.508,  -116.742,    -0.000,  -160.000,  -116.742,  -187.043,   -41.508,  -116.742,  -113.137,   113.137,  -116.742,   -49.043,   134.092,  -116.742,   113.137,   113.137,  -116.742,   169.043,    42.508,   115.626,     1.000,     0.000,     0.000,     0.000,kLegUpDown,0,1
0110110011000111010011000100,    68.957,  -141.508,   -20.000,    -9.043,  -159.108,  -116.742,  -187.043,   -41.508,   -20.000,   -62.944,   136.678,   -20.000,   -49.043,   134.092,  -116.742,   108.957,   116.492,  -116.742,   113.137,  -113.137,  -116.742,    -9.043,  -159.108,  -116.742,  -113.137,  -113.137,  -116.742,  -113.137,   113.137,  -116.742,   -49.043,   134.092,  -116.742,   108.957,   116.492,  -116.742,   169.043,    42.508,   115.626,     1.000,     0.000,     0.000,     0.000,kComUpDown,0,1
0110110011000111010011000100,    68.957,  -141.508,   -20.000,    -9.043,  -159.108,  -161.116,  -187.043,   -41.508,   -20.000,   -62.944,   136.678,   -20.000,   -49.043,   134.092,  -161.116,   108.957,   116.492,  -161.116,   113.137,  -113.137,  -161.116,    -9.043,  -159.108,  -161.116,  -113.137,  -113.137,  -161.116,  -113.137,   113.137,  -161.116,   -49.043,   134.092,  -161.116,   108.957,   116.492,  -161.116,   169.043,    42.508,   160.000,     1.000,     0.000,     0.000,     0.000,kComMove,0,1
0001110011000100010011000100,    68.957,  -141.508,   -20.000,   -32.002,  -152.956,  -161.116,  -187.043,   -41.508,   -20.000,   -62.944,   136.678,   -20.000,   -72.002,   140.244,  -161.116,    85.998,   122.644,  -161.116,   113.137,  -113.137,  -161.116,   -32.002,  -152.956,  -161.116,  -113.137,  -113.137,  -161.116,  -113.137,   113.137,  -161.116,   -72.002,   140.244,  -161.116,    85.998,   122.644,  -161.116,   192.002,    36.356,   160.000,     1.000,     0.000,     0.000,     0.000,kLegHierarchyChange,0,1
0001110011000001011111000100,    68.957,  -141.508,   -20.000,   -32.002,  -152.956,  -161.116,  -187.043,   -41.508,   -20.000,   -62.944,   136.678,   -20.000,   -72.002,   140.244,  -161.116,    85.998,   122.644,  -161.116,   113.137,  -113.137,  -161.116,   -32.002,  -152.956,  -161.116,  -113.137,  -113.137,  -161.116,  -113.137,   113.137,  -161.116,   -72.002,   140.244,  -161.116,    85.998,   122.644,  -161.116,   192.002,    36.356,   160.000,     1.000,     0.000,     0.000,     0.000,kLegUpDown,0,1
0001110001001001011111000100,    68.957,  -141.508,   -20.000,   -32.002,  -152.956,  -161.116,  -187.043,   -41.508,   -20.000,  -150.002,    22.644,  -161.116,   -72.002,   140.244,   -20.000,    85.998,   122.644,  -161.116,   113.137,  -113.137,  -161.116,   -32.002,  -152.956,  -161.116,  -113.137,  -113.137,  -161.116,  -150.002,    22.644,  -161.116,    -0.000,   160.000,  -161.116,    85.998,   122.644,  -161.116,   192.002,    36.356,   160.000,     1.000,     0.000,     0.000,     0.000,kComUpDown,0,1
0001110001001001011111000100,    68.957,  -141.508,   -20.000,   -32.002,  -152.956,  -161.116,  -187.043,   -41.508,   -20.000,  -150.002,    22.644,  -161.116,   -72.002,   140.244,   -20.000,    85.998,   122.644,  -161.116,   113.137,  -113.137,  -161.116,   -32.002,  -152.956,  -161.116,  -113.137,  -113.137,  -161.116,  -150.002,    22.644,  -161.116,    -0.000,   160.000,  -161.116,    85.998,   122.644,  -161.116,   192.002,    36.356,   160.000,     1.000,     0.000,     0.000,     0.000,kComMove,0,1
0001110001001100010011000100,    68.957,  -141.508,   -20.000,   -34.848,  -156.679,  -161.116,  -187.043,   -41.508,   -20.000,  -152.848,    18.921,  -161.116,   -72.002,   140.244,   -20.000,    83.152,   118.921,  -161.116,   113.137,  -113.137,  -161.116,   -34.848,  -156.679,  -161.116,  -113.137,  -113.137,  -161.116,  -152.848,    18.921,  -161.116,    -0.000,   160.000,  -161.116,    83.152,   118.921,  -161.116,   194.848,    40.079,   160.000,     1.000,     0.000,     0.000,     0.000,kLegHierarchyChange,0,1
0001110000111100010111000111,    68.957,  -141.508,   -20.000,   -34.848,  -156.679,  -161.116,  -187.043,   -41.508,   -20.000,  -152.848,    18.921,  -161.116,   -72.002,   140.244,   -20.000,    83.152,   118.921,  -161.116,   113.137,  -113.137,  -161.116,   -34.848,  -156.679,  -161.116,  -113.137,  -113.137,  -161.116,  -152.848,    18.921,  -161.116,    -0.000,   160.000,  -161.116,    83.152,   118.921,  -161.116,   194.848,    40.079,   160.000,     1.000,     0.000,     0.000,     0.000,kLegUpDown,0,1
0001010010110100110101001111,   203.152,   -19.079,   -31.116,   -34.848,  -156.679,   -20.000,   -32.848,  -139.079,  -161.116,  -152.848,    18.921,   -20.000,   -34.848,   156.521,  -161.116,    83.152,   118.921,   -20.000,   203.152,   -19.079,   -31.116,    -0.000,  -160.000,  -161.116,   -32.848,  -139.079,  -161.116,  -113.137,   113.137,  -161.116,   -34.848,   156.521,  -161.116,   113.137,   113.137,  -161.116,   194.848,    40.079,   160.000,     1.000,     0.000,     0.000,     0.000,kComUpDown,0,1
0001010010110100110101001111,   203.152,   -19.079,   -31.116,   -34.848,  -156.679,   -20.000,   -32.848,  -139.079,  -161.116,  -152.848,    18.921,   -20.000,   -34.848,   156.521,  -161.116,    83.152,   118.921,   -20.000,   203.152,   -19.079,   -31.116,    -0.000,  -160.000,  -161.116,   -32.848,  -139.079,  -161.116,  -113.137,   113.137,  -161.116,   -34.848,   156.521,  -161.116,   113.137,   113.137,  -161.116,   194.848,    40.079,   160.000,     1.000,     0.000,     0.000,     0.000,kComMove,0,1
0110010011000100110001001100,   188.000,   -32.534,   -31.116,   -34.848,  -156.679,   -20.000,   -48.000,  -152.534,  -161.116,  -152.848,    18.921,   -20.000,   -50.000,   143.066,  -161.116,    83.152,   118.921,   -20.000,   188.000,   -32.534,   -31.116,    -0.000,  -160.000,  -161.116,   -48.000,  -152.534,  -161.116,  -113.137,   113.137,  -161.116,   -50.000,   143.066,  -161.116,   113.137,   113.137,  -161.116,   210.000,    53.534,   160.000,     1.000,     0.000,     0.000,     0.000,kLegHierarchyChange,0,1
0110001111000101110001011100,   188.000,   -32.534,   -31.116,   -34.848,  -156.679,   -20.000,   -48.000,  -152.534,  -161.116,  -152.848,    18.921,   -20.000,   -50.000,   143.066,  -161.116,    83.152,   118.921,   -20.000,   188.000,   -32.534,   -31.116,    -0.000,  -160.000,  -161.116,   -48.000,  -152.534,  -161.116,  -113.137,   113.137,  -161.116,   -50.000,   143.066,  -161.116,   113.137,   113.137,  -161.116,   210.000,    53.534,   160.000,     1.000,     0.000,     0.000,     0.000,kLegUpDown,0,1
0110101101001101010011010100,   188.000,   -32.534,   -20.000,    90.000,  -110.134,  -161.116,   -48.000,  -152.534,   -20.000,   -28.000,   145.466,  -161.116,   -50.000,   143.066,   -20.000,    88.000,   205.466,   -31.116,   113.137,  -113.137,   -31.116,    90.000,  -110.134,  -161.116,  -113.137,  -113.137,  -161.116,   -28.000,   145.466,  -161.116,    -0.000,   160.000,  -161.116,    88.000,   205.466,   -31.116,   210.000,    53.534,   160.000,     1.000,     0.000,     0.000,     0.000,kComUpDown,0,1
0110101101001101010011010100,   188.000,   -32.534,   -20.000,    90.000,  -110.134,  -161.116,   -48.000,  -152.534,   -20.000,   -28.000,   145.466,  -161.116,   -50.000,   143.066,   -20.000,    88.000,   205.466,   -31.116,   113.137,  -113.137,   -31.116,    90.000,  -110.134,  -161.116,  -113.137,  -113.137,  -161.116,   -28.000,   145.466,  -161.116,    -0.000,   160.000,  -161.116,    88.000,   205.466,   -31.116,   210.000,    53.534,   160.000,     1.000,     0.000,     0.000,     0.000,kComMove,0,1
0010110001001100010011000100,   188.000,   -32.534,   -20.000,    33.548,  -137.154,  -161.116,   -48.000,  -152.534,   -20.000,   -84.452,   118.446,  -161.116,   -50.000,   143.066,   -20.000,    31.548,   178.446,   -31.116,   113.137,  -113.137,   -31.116,    33.548,  -137.154,  -161.116,  -113.137,  -113.137,  -161.116,   -84.452,   118.446,  -161.116,    -0.000,   160.000,  -161.116,    31.548,   178.446,   -31.116,   266.452,    80.554,   160.000,     1.000,     0.000,     0.000,     0.000,kLegHierarchyChange,0,1
0010110001011100000111000111,   188.000,   -32.534,   -20.000,    33.548,  -137.154,  -161.116,   -48.000,  -152.534,   -20.000,   -84.452,   118.446,  -161.116,   -50.000,   143.066,   -20.000,    31.548,   178.446,   -31.116,   113.137,  -113.137,   -31.116,    33.548,  -137.154,  -161.116,  -113.137,  -113.137,  -161.116,   -84.452,   118.446,  -161.116,    -0.000,   160.000,  -161.116,    31.548,   178.446,   -31.116,   266.452,    80.554,   160.000,     1.000,     0.000,     0.000,     0.000,kLegUpDown,0,1
0010110001011100000111000111,   188.000,   -32.534,   -20.000,    33.548,  -137.154,  -161.116,   -48.000,  -152.534,   -20.000,   -84.452,   118.446,  -161.116,   -50.000,   143.066,   -20.000,    31.548,   178.446,   -31.116,   113.137,  -113.137,   -31.116,    33.548,  -137.154,  -161.116,  -113.137,  -113.137,  -161.116,   -84.452,   118.446,  -161.116,    -0.000,   160.000,  -161.116,    31.548,   178.446,   -31.116,   266.452,    80.554,   160.000,     1.000,     0.000,     0.000,     0.000,kComUpDown,0,1
0010110001011100000111000111,   188.000,   -32.534,   -20.000,    33.548,  -137.154,  -161.116,   -48.000,  -152.534,   -20.000,   -84.452,   118.446,  -161.116,   -50.000,   143.066,   -20.000,    31.548,   178.446,   -31.116,   113.137,  -113.137,   -31.116,    33.548,  -137.154,  -161.116,  -113.137,  -113.137,  -161.116,   -84.452,   118.446,  -161.116,    -0.000,   160.000,  -161.116,    31.548,   178.446,   -31.116,   266.452,    80.554,   160.000,     1.000,     0.000,     0.000,     0.000,kComMove,0,1
0010110001001100010011000100,   188.000,   -32.534,   -20.000,    21.579,  -150.189,  -161.116,   -48.000,  -152.534,   -20.000,   -96.421,   105.411,  -161.116,   -50.000,   143.066,   -20.000,    19.579,   165.411,   -31.116,   113.137,  -113.137,   -31.116,    21.579,  -150.189,  -161.116,  -113.137,  -113.137,  -161.116,   -96.421,   105.411,  -161.116,    -0.000,   160.000,  -161.116,    19.579,   165.411,   -31.116,   278.421,    93.589,   160.000,     1.000,     0.000,     0.000,     0.000,kLegHierarchyChange,0,1
0010110001111100011111000111,   188.000,   -32.534,   -20.000,    21.579,  -150.189,  -161.116,   -48.000,  -152.534,   -20.000,   -96.421,   105.411,  -161.116,   -50.000,   143.066,   -20.000,    19.579,   165.411,   -31.116,   113.137,  -113.137,   -31.116,    21.579,  -150.189,  -161.116,  -113.137,  -113.137,  -161.116,   -96.421,   105.411,  -161.116,    -0.000,   160.000,  -161.116,    19.579,   165.411,   -31.116,   278.421,    93.589,   160.000,     1.000,     0.000,     0.000,     0.000,kLegUpDown,0,1
0010110001111100011111000111,   188.000,   -32.534,   -20.000,    21.579,  -150.189,  -161.116,   -48.000,  -152.534,   -20.000,   -96.421,   105.411,  -161.116,   -50.000,   143.066,   -20.000,    19.579,   165.411,   -31.116,   113.137,  -113.137,   -31.116,    21.579,  -150.189,  -161.116,  -113.137,  -113.137,  -161.116,   -96.421,   105.411,  -161.116,    -0.000,   160.000,  -161.116,    19.579,   165.411,   -31.116,   278.421,    93.589,   160.000,     1.000,     0.000,     0.000,     0.000,kComUpDown,0,1
0010110001111100011111000111,   188.000,   -32.534,   -20.000,    21.579,  -150.189,  -161.116,   -48.000,  -152.534,   -20.000,   -96.421,   105.411,  -161.116,   -50.000,   143.066,   -20.000,    19.579,   165.411,   -31.116,   113.137,  -113.137,   -31.116,    21.579,  -150.189,  -161.116,  -113.137,  -113.137,  -161.116,   -96.421,   105.411,  -161.116,    -0.000,   160.000,  -161.116,    19.579,   165.411,   -31.116,   278.421,    93.589,   160.000,     1.000,     0.000,     0.000,     0.000,kComMove,0,1
0010110001001100010011000100,   188.000,   -32.534,   -20.000,    16.141,  -156.914,  -161.116,   -48.000,  -152.534,   -20.000,  -101.859,    98.686,  -161.116,   -50.000,   143.066,   -20.000,    14.141,   158.686,   -31.116,   113.137,  -113.137,   -31.116,    16.141,  -156.914,  -161.116,  -113.137,  -113.137,  -161.116,  -101.859,    98.686,  -161.116,    -0.000,   160.000,  -161.116,    14.141,   158.686,   -31.116,   283.859,   100.314,   160.000,     1.000,     0.000,     0.000,     0.000,kLegHierarchyChange,0,1
0010110001011100010111000100,   188.000,   -32.534,   -20.000,    16.141,  -156.914,  -161.116,   -48.000,  -152.534,   -20.000,  -101.859,    98.686,  -161.116,   -50.000,   143.066,   -20.000,    14.141,   158.686,   -31.116,   113.137,  -113.137,   -31.116,    16.141,  -156.914,  -161.116,  -113.137,  -113.137,  -161.116,  -101.859,    98.686,  -161.116,    -0.000,   160.000,  -161.116,    14.141,   158.686,   -31.116,   283.859,   100.314,   160.000,     1.000,     0.000,     0.000,     0.000,kLegUpDown,0,1
0010010011011100110101001100,   114.141,  -119.314,   -31.116,    16.141,  -156.914,   -20.000,   -21.859,  -139.314,  -161.116,  -101.859,    98.686,  -161.116,    76.141,   136.286,  -161.116,    14.141,   158.686,   -20.000,   114.141,  -119.314,   -31.116,    -0.000,  -160.000,  -161.116,   -21.859,  -139.314,  -161.116,  -101.859,    98.686,  -161.116,    76.141,   136.286,  -161.116,   113.137,   113.137,   -31.116,   283.859,   100.314,   160.000,     1.000,     0.000,     0.000,     0.000,kComUpDown,0,1
0010010011011100110101001100,   114.141,  -119.314,   -31.116,    16.141,  -156.914,   -20.000,   -21.859,  -139.314,  -161.116,  -101.859,    98.686,  -161.116,    76.141,   136.286,  -161.116,    14.141,   158.686,   -20.000,   114.141,  -119.314,   -31.116,    -0.000,  -160.000,  -161.116,   -21.859,  -139.314,  -161.116,  -101.859,    98.686,  -161.116,    76.141,   136.286,  -161.116,   113.137,   113.137,   -31.116,   283.859,   100.314,   160.000,     1.000,     0.000,     0.000,     0.000,kComMove,0,1
1000010011001100110001001100,    88.864,  -124.747,   -31.116,    16.141,  -156.914,   -20.000,   -47.136,  -144.747,  -161.116,  -127.136,    93.253,  -161.116,    50.864,   130.853,  -161.116,    14.141,   158.686,   -20.000,    88.864,  -124.747,   -31.116,    -0.000,  -160.000,  -161.116,   -47.136,  -144.747,  -161.116,  -127.136,    93.253,  -161.116,    50.864,   130.853,  -161.116,   113.137,   113.137,   -31.116,   309.136,   105.747,   160.000,     1.000,     0.000,     0.000,     0.000,kLegHierarchyChange,0,1
1000011111001100110001011100,    88.864,  -124.747,   -31.116,    16.141,  -156.914,   -20.000,   -47.136,  -144.747,  -161.116,  -127.136,    93.253,  -161.116,    50.864,   130.853,  -161.116,    14.141,   158.686,   -20.000,    88.864,  -124.747,   -31.116,    -0.000,  -160.000,  -161.116,   -47.136,  -144.747,  -161.116,  -127.136,    93.253,  -161.116,    50.864,   130.853,  -161.116,   113.137,   113.137,   -31.116,   309.136,   105.747,   160.000,     1.000,     0.000,     0.000,     0.000,kLegUpDown,0,1
1000111101001100010011010100,    88.864,  -124.747,   -20.000,    90.864,  -122.347,  -161.116,   -47.136,  -144.747,   -20.000,  -127.136,    93.253,  -161.116,    50.864,   130.853,   -20.000,   228.864,    33.253,   -31.116,   113.137,  -113.137,   -31.116,    90.864,  -122.347,  -161.116,  -113.137,  -113.137,  -161.116,  -127.136,    93.253,  -161.116,    -0.000,   160.000,  -161.116,   228.864,    33.253,   -31.116,   309.136,   105.747,   160.000,     1.000,     0.000,     0.000,     0.000,kComUpDown,0,1
1000111101001100010011010100,    88.864,  -124.747,   -20.000,    90.864,  -122.347,  -161.116,   -47.136,  -144.747,   -20.000,  -127.136,    93.253,  -161.116,    50.864,   130.853,   -20.000,   228.864,    33.253,   -31.116,   113.137,  -113.137,   -31.116,    90.864,  -122.347,  -161.116,  -113.137,  -113.137,  -161.116,  -127.136,    93.253,  -161.116,    -0.000,   160.000,  -161.116,   228.864,    33.253,   -31.116,   309.136,   105.747,   160.000,     1.000,     0.000,     0.000,     0.000,kComMove,0,1
0101110001001100010011000100,    88.864,  -124.747,   -20.000,    82.118,  -129.831,  -161.116,   -47.136,  -144.747,   -20.000,  -135.882,    85.769,  -161.116,    50.864,   130.853,   -20.000,   220.118,    25.769,   -31.116,   113.137,  -113.137,   -31.116,    82.118,  -129.831,  -161.116,  -113.137,  -113.137,  -161.116,  -135.882,    85.769,  -161.116,    -0.000,   160.000,  -161.116,   220.118,    25.769,   -31.116,   317.882,   113.231,   160.000,     1.000,     0.000,     0.000,     0.000,kLegHierarchyChange,0,1
0101110001111100010111000111,    88.864,  -124.747,   -20.000,    82.118,  -129.831,  -161.116,   -47.136,  -144.747,   -20.000,  -135.882,    85.769,  -161.116,    50.864,   130.853,   -20.000,   220.118,    25.769,   -31.116,   113.137,  -113.137,   -31.116,    82.118,  -129.831,  -161.116,  -113.137,  -113.137,  -161.116,  -135.882,    85.769,  -161.116,    -0.000,   160.000,  -161.116,   220.118,    25.769,   -31.116,   317.882,   113.231,   160.000,     1.000,     0.000,     0.000,     0.000,kLegUpDown,0,1
0101010011110100110101001111,   220.118,   -32.231,   -31.116,    82.118,  -129.831,   -20.000,   -15.882,  -152.231,  -161.116,  -135.882,    85.769,   -20.000,   102.118,   123.369,   -31.116,   220.118,    25.769,   -20.000,   220.118,   -32.231,   -31.116,    -0.000,  -160.000,  -161.116,   -15.882,  -152.231,  -161.116,  -113.137,   113.137,  -161.116,   102.118,   123.369,   -31.116,   113.137,   113.137,   -31.116,   317.882,   113.231,   160.000,     1.000,     0.000,     0.000,     0.000,kComUpDown,0,1
0101010011110100110101001111,   220.118,   -32.231,   -31.116,    82.118,  -129.831,   -20.000,   -15.882,  -152.231,  -161.116,  -135.882,    85.769,   -20.000,   102.118,   123.369,   -31.116,   220.118,    25.769,   -20.000,   220.118,   -32.231,   -31.116,    -0.000,  -160.000,  -161.116,   -15.882,  -152.231,  -161.116,  -113.137,   113.137,  -161.116,   102.118,   123.369,   -31.116,   113.137,   113.137,   -31.116,   317.882,   113.231,   160.000,     1.000,     0.000,     0.000,     0.000,kComMove,0,1
0100010011000100110001001100,   173.737,   -22.587,   -31.116,    82.118,  -129.831,   -20.000,   -62.263,  -142.587,  -161.116,  -135.882,    85.769,   -20.000,    55.737,   133.013,   -31.116,   220.118,    25.769,   -20.000,   173.737,   -22.587,   -31.116,    -0.000,  -160.000,  -161.116,   -62.263,  -142.587,  -161.116,  -113.137,   113.137,  -161.116,    55.737,   133.013,   -31.116,   113.137,   113.137,   -31.116,   364.263,   103.587,   160.000,     1.000,     0.000,     0.000,     0.000,kLegHierarchyChange,0,1
0100010011000101110000011100,   173.737,   -22.587,   -31.116,    82.118,  -129.831,   -20.000,   -62.263,  -142.587,  -161.116,  -135.882,    85.769,   -20.000,    55.737,   133.013,   -31.116,   220.118,    25.769,   -20.000,   173.737,   -22.587,   -31.116,    -0.000,  -160.000,  -161.116,   -62.263,  -142.587,  -161.116,  -113.137,   113.137,  -161.116,    55.737,   133.013,   -31.116,   113.137,   113.137,   -31.116,   364.263,   103.587,   160.000,     1.000,     0.000,     0.000,     0.000,kLegUpDown,0,1
0100110001001101010010010100,   173.737,   -22.587,   -20.000,   -84.263,  -120.187,  -161.116,   -62.263,  -142.587,   -20.000,   -22.263,   155.413,  -161.116,    55.737,   133.013,   -20.000,   113.737,   115.413,   -31.116,   113.137,  -113.137,   -31.116,   -84.263,  -120.187,  -161.116,  -113.137,  -113.137,  -161.116,   -22.263,   155.413,  -161.116,    -0.000,   160.000,   -31.116,   113.737,   115.413,   -31.116,   364.263,   103.587,   160.000,     1.000,     0.000,     0.000,     0.000,kComUpDown,0,1
0100110001001101010010010100,   173.737,   -22.587,   -20.000,   -84.263,  -120.187,  -161.116,   -62.263,  -142.587,   -20.000,   -22.263,   155.413,  -161.116,    55.737,   133.013,   -20.000,   113.737,   115.413,   -31.116,   113.137,  -113.137,   -31.116,   -84.263,  -120.187,  -161.116,  -113.137,  -113.137,  -161.116,   -22.263,   155.413,  -161.116,    -0.000,   160.000,   -31.116,   113.737,   115.413,   -31.116,   364.263,   103.587,   160.000,     1.000,     0.000,     0.000,     0.000,kComMove,0,1
0111110001001100010011000100,   173.737,   -22.587,   -20.000,  -100.604,  -120.277,  -161.116,   -62.263,  -142.587,   -20.000,   -38.604,   155.323,  -161.116,    55.737,   133.013,   -20.000,    97.396,   115.323,   -31.116,   113.137,  -113.137,   -31.116,  -100.604,  -120.277,  -161.116,  -113.137,  -113.137,  -161.116,   -38.604,   155.323,  -161.116,    -0.000,   160.000,   -31.116,    97.396,   115.323,   -31.116,   380.604,   103.677,   160.000,     1.000,     0.000,     0.000,     0.000,kLegHierarchyChange,0,1
0111110001001100000111000101,   173.737,   -22.587,   -20.000,  -100.604,  -120.277,  -161.116,   -62.263,  -142.587,   -20.000,   -38.604,   155.323,  -161.116,    55.737,   133.013,   -20.000,    97.396,   115.323,   -31.116,   113.137,  -113.137,   -31.116,  -100.604,  -120.277,  -161.116,  -113.137,  -113.137,  -161.116,   -38.604,   155.323,  -161.116,    -0.000,   160.000,   -31.116,    97.396,   115.323,   -31.116,   380.604,   103.677,   160.000,     1.000,     0.000,     0.000,     0.000,kLegUpDown,0,1
0111010011000100100101001101,   157.396,   -22.677,   -31.116,  -100.604,  -120.277,   -20.000,  -138.604,   -22.677,  -161.116,   -38.604,   155.323,   -20.000,    -0.604,   152.923,  -161.116,    97.396,   115.323,   -20.000,   157.396,   -22.677,   -31.116,    -0.000,  -160.000,  -161.116,  -138.604,   -22.677,  -161.116,  -113.137,   113.137,  -161.116,    -0.604,   152.923,  -161.116,   113.137,   113.137,   -31.116,   380.604,   103.677,   160.000,     1.000,     0.000,     0.000,     0.000,kComUpDown,0,1
0111010011000100100101001101,   157.396,   -22.677,   -31.116,  -100.604,  -120.277,   -20.000,  -138.604,   -22.677,  -161.116,   -38.604,   155.323,   -20.000,    -0.604,   152.923,  -161.116,    97.396,   115.323,   -20.000,   157.396,   -22.677,   -31.116,    -0.000,  -160.000,  -161.116,  -138.604,   -22.677,  -161.116,  -113.137,   113.137,  -161.116,    -0.604,   152.923,  -161.116,   113.137,   113.137,   -31.116,   380.604,   103.677,   160.000,     1.000,     0.000,     0.000,     0.000,kComMove,0,1
0010010011000100110001001100,   140.123,   -20.502,   -31.116,  -100.604,  -120.277,   -20.000,  -155.877,   -20.502,  -161.116,   -38.604,   155.323,   -20.000,   -17.877,   155.098,  -161.116,    97.396,   115.323,   -20.000,   140.123,   -20.502,   -31.116,    -0.000,  -160.000,  -161.116,  -155.877,   -20.502,  -161.116,  -113.137,   113.137,  -161.116,   -17.877,   155.098,  -161.116,   113.137,   113.137,   -31.116,   397.877,   101.502,   160.000,     1.000,     0.000,     0.000,     0.000,kLegHierarchyChange,0,1
0010010011000101110001111100,   140.123,   -20.502,   -31.116,  -100.604,  -120.277,   -20.000,  -155.877,   -20.502,  -161.116,   -38.604,   155.323,   -20.000,   -17.877,   155.098,  -161.116,    97.396,   115.323,   -20.000,   140.123,   -20.502,   -31.116,    -0.000,  -160.000,  -161.116,  -155.877,   -20.502,  -161.116,  -113.137,   113.137,  -161.116,   -17.877,   155.098,  -161.116,   113.137,   113.137,   -31.116,   397.877,   101.502,   160.000,     1.000,     0.000,     0.000,     0.000,kLegUpDown,0,1
0010010011000101110001111100,   140.123,   -20.502,   -31.116,  -100.604,  -120.277,   -20.000,  -155.877,   -20.502,  -161.116,   -38.604,   155.323,   -20.000,   -17.877,   155.098,  -161.116,    97.396,   115.323,   -20.000,   140.123,   -20.502,   -31.116,    -0.000,  -160.000,  -161.116,  -155.877,   -20.502,  -161.116,  -113.137,   113.137,  -161.116,   -17.877,   155.098,  -161.116,   113.137,   113.137,   -31.116,   397.877,   101.502,   160.000,     1.000,     0.000,     0.000,     0.000,kComUpDown,0,1
0010010011000101110001111100,   140.123,   -20.502,   -31.116,  -100.604,  -120.277,   -20.000,  -155.877,   -20.502,  -161.116,   -38.604,   155.323,   -20.000,   -17.877,   155.098,  -161.116,    97.396,   115.323,   -20.000,   140.123,   -20.502,   -31.116,    -0.000,  -160.000,  -161.116,  -155.877,   -20.502,  -161.116,  -113.137,   113.137,  -161.116,   -17.877,   155.098,  -161.116,   113.137,   113.137,   -31.116,   397.877,   101.502,   160.000,     1.000,     0.000,     0.000,     0.000,kComMove,0,1
0010010011000100110001001100,   144.695,   -35.771,   -31.116,  -100.604,  -120.277,   -20.000,  -151.305,   -35.771,  -161.116,   -38.604,   155.323,   -20.000,   -13.305,   139.829,  -161.116,    97.396,   115.323,   -20.000,   144.695,   -35.771,   -31.116,    -0.000,  -160.000,  -161.116,  -151.305,   -35.771,  -161.116,  -113.137,   113.137,  -161.116,   -13.305,   139.829,  -161.116,   113.137,   113.137,   -31.116,   393.305,   116.771,   160.000,     1.000,     0.000,     0.000,     0.000,kLegHierarchyChange,0,1
0010000111000001110001111100,   144.695,   -35.771,   -31.116,  -100.604,  -120.277,   -20.000,  -151.305,   -35.771,  -161.116,   -38.604,   155.323,   -20.000,   -13.305,   139.829,  -161.116,    97.396,   115.323,   -20.000,   144.695,   -35.771,   -31.116,    -0.000,  -160.000,  -161.116,  -151.305,   -35.771,  -161.116,  -113.137,   113.137,  -161.116,   -13.305,   139.829,  -161.116,   113.137,   113.137,   -31.116,   393.305,   116.771,   160.000,     1.000,     0.000,     0.000,     0.000,kLegUpDown,0,1
0010100101001001010011110100,   144.695,   -35.771,   -20.000,   106.695,  -133.371,   -31.116,  -151.305,   -35.771,   -20.000,  -151.305,    22.229,  -161.116,   -13.305,   139.829,   -20.000,    24.695,   142.229,   -31.116,   113.137,  -113.137,   -31.116,   106.695,  -133.371,   -31.116,  -113.137,  -113.137,  -161.116,  -151.305,    22.229,  -161.116,    -0.000,   160.000,  -161.116,    24.695,   142.229,   -31.116,   393.305,   116.771,   160.000,     1.000,     0.000,     0.000,     0.000,kComUpDown,0,1
0010100101001001010011110100,   144.695,   -35.771,   -20.000,   106.695,  -133.371,   -31.116,  -151.305,   -35.771,   -20.000,  -151.305,    22.229,  -161.116,   -13.305,   139.829,   -20.000,    24.695,   142.229,   -31.116,   113.137,  -113.137,   -31.116,   106.695,  -133.371,   -31.116,  -113.137,  -113.137,  -161.116,  -151.305,    22.229,  -161.116,    -0.000,   160.000,  -161.116,    24.695,   142.229,   -31.116,   393.305,   116.771,   160.000,     1.000,     0.000,     0.000,     0.000,kComMove,0,1
1000110001001100010011000100,   144.695,   -35.771,   -20.000,    99.364,  -135.145,   -31.116,  -151.305,   -35.771,   -20.000,  -158.636,    20.455,  -161.116,   -13.305,   139.829,   -20.000,    17.364,   140.455,   -31.116,   113.137,  -113.137,   -31.116,    99.364,  -135.145,   -31.116,  -113.137,  -113.137,  -161.116,  -158.636,    20.455,  -161.116,    -0.000,   160.000,  -161.116,    17.364,   140.455,   -31.116,   400.636,   118.545,   160.000,     1.000,     0.000,     0.000,     0.000,kLegHierarchyChange,0,1
1000110001111100010111000111,   144.695,   -35.771,   -20.000,    99.364,  -135.145,   -31.116,  -151.305,   -35.771,   -20.000,  -158.636,    20.455,  -161.116,   -13.305,   139.829,   -20.000,    17.364,   140.455,   -31.116,   113.137,  -113.137,   -31.116,    99.364,  -135.145,   -31.116,  -113.137,  -113.137,  -161.116,  -158.636,    20.455,  -161.116,    -0.000,   160.000,  -161.116,    17.364,   140.455,   -31.116,   400.636,   118.545,   160.000,     1.000,     0.000,     0.000,     0.000,kLegUpDown,0,1
1000010011110100110111000111,   144.695,   -35.771,   -20.000,    99.364,  -135.145,   -31.116,   -18.636,  -157.545,  -161.116,  -158.636,    20.455,   -20.000,   119.364,   158.055,   -31.116,    17.364,   140.455,   -20.000,   113.137,  -113.137,   -31.116,    99.364,  -135.145,   -31.116,   -18.636,  -157.545,  -161.116,  -113.137,   113.137,  -161.116,   119.364,   158.055,   -31.116,   113.137,   113.137,   -31.116,   400.636,   118.545,   160.000,     1.000,     0.000,     0.000,     0.000,kComUpDown,0,1
1000010011110100110111000111,   144.695,   -35.771,   -20.000,    99.364,  -135.145,   -31.116,   -18.636,  -157.545,  -161.116,  -158.636,    20.455,   -20.000,   119.364,   158.055,   -31.116,    17.364,   140.455,   -20.000,   113.137,  -113.137,   -31.116,    99.364,  -135.145,   -31.116,   -18.636,  -157.545,  -161.116,  -113.137,   113.137,  -161.116,   119.364,   158.055,   -31.116,   113.137,   113.137,   -31.116,   400.636,   118.545,   160.000,     1.000,     0.000,     0.000,     0.000,kComMove,0,1
1000010011000100110011000100,   144.695,   -35.771,   -20.000,    77.281,  -132.442,   -31.116,   -40.719,  -154.842,  -161.116,  -158.636,    20.455,   -20.000,    97.281,   160.758,   -31.116,    17.364,   140.455,   -20.000,   113.137,  -113.137,   -31.116,    77.281,  -132.442,   -31.116,   -40.719,  -154.842,  -161.116,  -113.137,   113.137,  -161.116,    97.281,   160.758,   -31.116,   113.137,   113.137,   -31.116,   422.719,   115.842,   160.000,     1.000,     0.000,     0.000,     0.000,kLegHierarchyChange,0,1
1000011111000101110011000111,   144.695,   -35.771,   -20.000,    77.281,  -132.442,   -31.116,   -40.719,  -154.842,  -161.116,  -158.636,    20.455,   -20.000,    97.281,   160.758,   -31.116,    17.364,   140.455,   -20.000,   113.137,  -113.137,   -31.116,    77.281,  -132.442,   -31.116,   -40.719,  -154.842,  -161.116,  -113.137,   113.137,  -161.116,    97.281,   160.758,   -31.116,   113.137,   113.137,   -31.116,   422.719,   115.842,   160.000,     1.000,     0.000,     0.000,     0.000,kLegUpDown,0,1
1000011111001101010011000111,   144.695,   -35.771,   -20.000,    77.281,  -132.442,   -31.116,   -40.719,  -154.842,   -20.000,   -20.719,   143.158,  -161.116,    97.281,   160.758,   -31.116,    17.364,   140.455,   -20.000,   113.137,  -113.137,   -31.116,    77.281,  -132.442,   -31.116,  -113.137,  -113.137,  -161.116,   -20.719,   143.158,  -161.116,    97.281,   160.758,   -31.116,   113.137,   113.137,   -31.116,   422.719,   115.842,   160.000,     1.000,     0.000,     0.000,     0.000,kComUpDown,0,1
1000011111001101010011000111,   144.695,   -35.771,   -20.000,    77.281,  -132.442,   -31.116,   -40.719,  -154.842,   -20.000,   -20.719,   143.158,  -161.116,    97.281,   160.758,   -31.116,    17.364,   140.455,   -20.000,   113.137,  -113.137,   -31.116,    77.281,  -132.442,   -31.116,  -113.137,  -113.137,  -161.116,   -20.719,   143.158,  -161.116,    97.281,   160.758,   -31.116,   113.137,   113.137,   -31.116,   422.719,   115.842,   160.000,     1.000,     0.000,     0.000,     0.000,kComMove,0,1
0011010011001100010011000100,   144.695,   -35.771,   -20.000,    12.141,  -154.787,   -31.116,   -40.719,  -154.842,   -20.000,   -85.859,   120.813,  -161.116,    32.141,   138.413,   -31.116,    17.364,   140.455,   -20.000,   113.137,  -113.137,   -31.116,    12.141,  -154.787,   -31.116,  -113.137,  -113.137,  -161.116,   -85.859,   120.813,  -161.116,    32.141,   138.413,   -31.116,   113.137,   113.137,   -31.116,   487.859,   138.187,   160.000,     1.000,     0.000,     0.000,     0.000,kLegHierarchyChange,0,1
0011011111001100010011000111,   144.695,   -35.771,   -20.000,    12.141,  -154.787,   -31.116,   -40.719,  -154.842,   -20.000,   -85.859,   120.813,  -161.116,    32.141,   138.413,   -31.116,    17.364,   140.455,   -20.000,   113.137,  -113.137,   -31.116,    12.141,  -154.787,   -31.116,  -113.137,  -113.137,  -161.116,   -85.859,   120.813,  -161.116,    32.141,   138.413,   -31.116,   113.137,   113.137,   -31.116,   487.859,   138.187,   160.000,     1.000,     0.000,     0.000,     0.000,kLegUpDown,0,1
0011111101001100010011000111,   144.695,   -35.771,   -20.000,    12.141,  -154.787,   -31.116,   -40.719,  -154.842,   -20.000,   -85.859,   120.813,  -161.116,    32.141,   138.413,   -20.000,   230.141,    20.813,   -31.116,   113.137,  -113.137,   -31.116,    12.141,  -154.787,   -31.116,  -113.137,  -113.137,  -161.116,   -85.859,   120.813,  -161.116,    -0.000,   160.000,   -31.116,   230.141,    20.813,   -31.116,   487.859,   138.187,   160.000,     1.000,     0.000,     0.000,     0.000,kComUpDown,0,1
0011111101001100010011000111,   144.695,   -35.771,   -20.000,    12.141,  -154.787,   -31.116,   -40.719,  -154.842,   -20.000,   -85.859,   120.813,  -161.116,    32.141,   138.413,   -20.000,   230.141,    20.813,   -31.116,   113.137,  -113.137,   -31.116,    12.141,  -154.787,   -31.116,  -113.137,  -113.137,  -161.116,   -85.859,   120.813,  -161.116,    -0.000,   160.000,   -31.116,   230.141,    20.813,   -31.116,   487.859,   138.187,   160.000,     1.000,     0.000,     0.000,     0.000,kComMove,0,1
0100110001001100010011000100,   144.695,   -35.771,   -20.000,    11.116,  -144.677,   -31.116,   -40.719,  -154.842,   -20.000,   -86.884,   130.923,  -161.116,    32.141,   138.413,   -20.000,   229.116,    30.923,   -31.116,   113.137,  -113.137,   -31.116,    11.116,  -144.677,   -31.116,  -113.137,  -113.137,  -161.116,   -86.884,   130.923,  -161.116,    -0.000,   160.000,   -31.116,   229.116,    30.923,   -31.116,   488.884,   128.077,   160.000,     1.000,     0.000,     0.000,     0.000,kLegHierarchyChange,0,1
0100110000111100010111000111,   144.695,   -35.771,   -20.000,    11.116,  -144.677,   -31.116,   -40.719,  -154.842,   -20.000,   -86.884,   130.923,  -161.116,    32.141,   138.413,   -20.000,   229.116,    30.923,   -31.116,   113.137,  -113.137,   -31.116,    11.116,  -144.677,   -31.116,  -113.137,  -113.137,  -161.116,   -86.884,   130.923,  -161.116,    -0.000,   160.000,   -31.116,   229.116,    30.923,   -31.116,   488.884,   128.077,   160.000,     1.000,     0.000,     0.000,     0.000,kLegUpDown,0,1
0100110010110100110101000111,   144.695,   -35.771,   -20.000,    11.116,  -144.677,   -20.000,   -26.884,  -147.077,  -161.116,   -86.884,   130.923,   -20.000,   -68.884,   148.523,   -31.116,   229.116,    30.923,   -31.116,   113.137,  -113.137,   -31.116,    -0.000,  -160.000,   -31.116,   -26.884,  -147.077,  -161.116,  -113.137,   113.137,  -161.116,   -68.884,   148.523,   -31.116,   229.116,    30.923,   -31.116,   488.884,   128.077,   160.000,     1.000,     0.000,     0.000,     0.000,kComUpDown,0,1
0100110010110100110101000111,   144.695,   -35.771,   -20.000,    11.116,  -144.677,   -20.000,   -26.884,  -147.077,  -161.116,   -86.884,   130.923,   -20.000,   -68.884,   148.523,   -31.116,   229.116,    30.923,   -31.116,   113.137,  -113.137,   -31.116,    -0.000,  -160.000,   -31.116,   -26.884,  -147.077,  -161.116,  -113.137,   113.137,  -161.116,   -68.884,   148.523,   -31.116,   229.116,    30.923,   -31.116,   488.884,   128.077,   160.000,     1.000,     0.000,     0.000,     0.000,kComMove,0,1
0111110011000100110001000100,   144.695,   -35.771,   -20.000,    11.116,  -144.677,   -20.000,  -101.006,  -109.220,  -161.116,   -86.884,   130.923,   -20.000,  -143.006,   186.380,   -31.116,   154.994,    68.780,   -31.116,   113.137,  -113.137,   -31.116,    -0.000,  -160.000,   -31.116,  -101.006,  -109.220,  -161.116,  -113.137,   113.137,  -161.116,  -143.006,   186.380,   -31.116,   154.994,    68.780,   -31.116,   563.006,    90.220,   160.000,     1.000,     0.000,     0.000,     0.000,kLegHierarchyChange,0,1
0111110011000111110001000111,   144.695,   -35.771,   -20.000,    11.116,  -144.677,   -20.000,  -101.006,  -109.220,  -161.116,   -86.884,   130.923,   -20.000,  -143.006,   186.380,   -31.116,   154.994,    68.780,   -31.116,   113.137,  -113.137,   -31.116,    -0.000,  -160.000,   -31.116,  -101.006,  -109.220,  -161.116,  -113.137,   113.137,  -161.116,  -143.006,   186.380,   -31.116,   154.994,    68.780,   -31.116,   563.006,    90.220,   160.000,     1.000,     0.000,     0.000,     0.000,kLegUpDown,0,1
0111110001001111010011000111,   144.695,   -35.771,   -20.000,    -3.006,  -166.820,   -31.116,  -101.006,  -109.220,   -20.000,   -21.006,   168.780,   -31.116,  -143.006,   186.380,   -20.000,   154.994,    68.780,   -31.116,   113.137,  -113.137,   -31.116,    -3.006,  -166.820,   -31.116,  -113.137,  -113.137,  -161.116,   -21.006,   168.780,   -31.116,    -0.000,   160.000,   -31.116,   154.994,    68.780,   -31.116,   563.006,    90.220,   160.000,     1.000,     0.000,     0.000,     0.000,kComUpDown,0,1
0111110001001111010011000111,   144.695,   -35.771,   -20.000,    -3.006,  -166.820,   -31.116,  -101.006,  -109.220,   -20.000,   -21.006,   168.780,   -31.116,  -143.006,   186.380,   -20.000,   154.994,    68.780,   -31.116,   113.137,  -113.137,   -31.116,    -3.006,  -166.820,   -31.116,  -113.137,  -113.137,  -161.116,   -21.006,   168.780,   -31.116,    -0.000,   160.000,   -31.116,   154.994,    68.780,   -31.116,   563.006,    90.220,   160.000,     1.000,     0.000,     0.000,     0.000,kComMove,0,1
0010110001001100010011000100,   144.695,   -35.771,   -20.000,   -62.042,  -127.382,   -31.116,  -101.006,  -109.220,   -20.000,   -80.042,   208.218,   -31.116,  -143.006,   186.380,   -20.000,    95.958,   108.218,   -31.116,   113.137,  -113.137,   -31.116,   -62.042,  -127.382,   -31.116,  -113.137,  -113.137,  -161.116,   -80.042,   208.218,   -31.116,    -0.000,   160.000,   -31.116,    95.958,   108.218,   -31.116,   622.042,    50.782,   160.000,     1.000,     0.000,     0.000,     0.000,kLegHierarchyChange,0,1
0010110001001100010111000100,   144.695,   -35.771,   -20.000,   -62.042,  -127.382,   -31.116,  -101.006,  -109.220,   -20.000,   -80.042,   208.218,   -31.116,  -143.006,   186.380,   -20.000,    95.958,   108.218,   -31.116,   113.137,  -113.137,   -31.116,   -62.042,  -127.382,   -31.116,  -113.137,  -113.137,  -161.116,   -80.042,   208.218,   -31.116,    -0.000,   160.000,   -31.116,    95.958,   108.218,   -31.116,   622.042,    50.782,   160.000,     1.000,     0.000,     0.000,     0.000,kLegUpDown,0,1
0010010011000100110101001100,   115.958,  -109.782,   -31.116,   -62.042,  -127.382,   -20.000,   -20.042,  -149.782,   -31.116,   -80.042,   208.218,   -20.000,    -2.042,   165.818,   -31.116,    95.958,   108.218,   -20.000,   115.958,  -109.782,   -31.116,    -0.000,  -160.000,   -31.116,   -20.042,  -149.782,   -31.116,  -113.137,   113.137,   -31.116,    -2.042,   165.818,   -31.116,   113.137,   113.137,   -31.116,   622.042,    50.782,   160.000,     1.000,     0.000,     0.000,     0.000,kComUpDown,0,1
0010010011000100110101001100,   115.958,  -109.782,   -31.116,   -62.042,  -127.382,   -20.000,   -20.042,  -149.782,   -31.116,   -80.042,   208.218,   -20.000,    -2.042,   165.818,   -31.116,    95.958,   108.218,   -20.000,   115.958,  -109.782,   -31.116,    -0.000,  -160.000,   -31.116,   -20.042,  -149.782,   -31.116,  -113.137,   113.137,   -31.116,    -2.042,   165.818,   -31.116,   113.137,   113.137,   -31.116,   622.042,    50.782,   160.000,     1.000,     0.000,     0.000,     0.000,kComMove,0,1
0110010011000100110001001100,    30.286,  -158.281,   -31.116,   -62.042,  -127.382,   -20.000,  -105.714,  -198.281,   -31.116,   -80.042,   208.218,   -20.000,   -87.714,   117.319,   -31.116,    95.958,   108.218,   -20.000,    30.286,  -158.281,   -31.116,    -0.000,  -160.000,   -31.116,  -105.714,  -198.281,   -31.116,  -113.137,   113.137,   -31.116,   -87.714,   117.319,   -31.116,   113.137,   113.137,   -31.116,   707.714,    99.281,   160.000,     1.000,     0.000,     0.000,     0.000,kLegHierarchyChange,0,1
0110011111000011110001111100,    30.286,  -158.281,   -31.116,   -62.042,  -127.382,   -20.000,  -105.714,  -198.281,   -31.116,   -80.042,   208.218,   -20.000,   -87.714,   117.319,   -31.116,    95.958,   108.218,   -20.000,    30.286,  -158.281,   -31.116,    -0.000,  -160.000,   -31.116,  -105.714,  -198.281,   -31.116,  -113.137,   113.137,   -31.116,   -87.714,   117.319,   -31.116,   113.137,   113.137,   -31.116,   707.714,    99.281,   160.000,     1.000,     0.000,     0.000,     0.000,kLegUpDown,0,1
0110111101001011010011110100,    30.286,  -158.281,   -20.000,   112.286,  -155.881,   -31.116,  -105.714,  -198.281,   -20.000,  -165.714,    19.719,   -31.116,   -87.714,   117.319,   -20.000,   210.286,    19.719,   -31.116,   113.137,  -113.137,   -31.116,   112.286,  -155.881,   -31.116,  -113.137,  -113.137,   -31.116,  -165.714,    19.719,   -31.116,    -0.000,   160.000,   -31.116,   210.286,    19.719,   -31.116,   707.714,    99.281,   160.000,     1.000,     0.000,     0.000,     0.000,kComUpDown,0,1
0110111101001011010011110100,    30.286,  -158.281,   -20.000,   112.286,  -155.881,   -31.116,  -105.714,  -198.281,   -20.000,  -165.714,    19.719,   -31.116,   -87.714,   117.319,   -20.000,   210.286,    19.719,   -31.116,   113.137,  -113.137,   -31.116,   112.286,  -155.881,   -31.116,  -113.137,  -113.137,   -31.116,  -165.714,    19.719,   -31.116,    -0.000,   160.000,   -31.116,   210.286,    19.719,   -31.116,   707.714,    99.281,   160.000,     1.000,     0.000,     0.000,     0.000,kComMove,0,1
0110110001001100010011000100,    30.286,  -158.281,   -20.000,    79.555,  -131.450,   -31.116,  -105.714,  -198.281,   -20.000,  -198.445,    44.150,   -31.116,   -87.714,   117.319,   -20.000,   177.555,    44.150,   -31.116,   113.137,  -113.137,   -31.116,    79.555,  -131.450,   -31.116,  -113.137,  -113.137,   -31.116,  -198.445,    44.150,   -31.116,    -0.000,   160.000,   -31.116,   177.555,    44.150,   -31.116,   740.445,    74.850,   160.000,     1.000,     0.000,     0.000,     0.000,kLegHierarchyChange,0,1
0110110001111100010011000111,    30.286,  -158.281,   -20.000,    79.555,  -131.450,   -31.116,  -105.714,  -198.281,   -20.000,  -198.445,    44.150,   -31.116,   -87.714,   117.319,   -20.000,   177.555,    44.150,   -31.116,   113.137,  -113.137,   -31.116,    79.555,  -131.450,   -31.116,  -113.137,  -113.137,   -31.116,  -198.445,    44.150,   -31.116,    -0.000,   160.000,   -31.116,   177.555,    44.150,   -31.116,   740.445,    74.850,   160.000,     1.000,     0.000,     0.000,     0.000,kLegUpDown,0,1
0110010011110100110001001111,   237.555,   -33.850,   -31.116,    79.555,  -131.450,   -20.000,  -118.445,  -113.850,   -31.116,  -198.445,    44.150,   -20.000,   119.555,   161.750,   -31.116,   177.555,    44.150,   -20.000,   237.555,   -33.850,   -31.116,    -0.000,  -160.000,   -31.116,  -118.445,  -113.850,   -31.116,  -113.137,   113.137,   -31.116,   119.555,   161.750,   -31.116,   113.137,   113.137,   -31.116,   740.445,    74.850,   160.000,     1.000,     0.000,     0.000,     0.000,kComUpDown,0,1
0110010011110100110001001111,   237.555,   -33.850,   -31.116,    79.555,  -131.450,   -20.000,  -118.445,  -113.850,   -31.116,  -198.445,    44.150,   -20.000,   119.555,   161.750,   -31.116,   177.555,    44.150,   -20.000,   237.555,   -33.850,   -31.116,    -0.000,  -160.000,   -31.116,  -118.445,  -113.850,   -31.116,  -113.137,   113.137,   -31.116,   119.555,   161.750,   -31.116,   113.137,   113.137,   -31.116,   740.445,    74.850,   160.000,     1.000,     0.000,     0.000,     0.000,kComMove,0,1
0101010011000100110001001100,   148.606,   -45.917,   -31.116,    79.555,  -131.450,   -20.000,  -207.394,  -125.917,   -31.116,  -198.445,    44.150,   -20.000,    30.606,   149.683,   -31.116,   177.555,    44.150,   -20.000,   148.606,   -45.917,   -31.116,    -0.000,  -160.000,   -31.116,  -207.394,  -125.917,   -31.116,  -113.137,   113.137,   -31.116,    30.606,   149.683,   -31.116,   113.137,   113.137,   -31.116,   829.394,    86.917,   160.000,     1.000,     0.000,     0.000,     0.000,kLegHierarchyChange,0,1
0101011111000111110000011100,   148.606,   -45.917,   -31.116,    79.555,  -131.450,   -20.000,  -207.394,  -125.917,   -31.116,  -198.445,    44.150,   -20.000,    30.606,   149.683,   -31.116,   177.555,    44.150,   -20.000,   148.606,   -45.917,   -31.116,    -0.000,  -160.000,   -31.116,  -207.394,  -125.917,   -31.116,  -113.137,   113.137,   -31.116,    30.606,   149.683,   -31.116,   113.137,   113.137,   -31.116,   829.394,    86.917,   160.000,     1.000,     0.000,     0.000,     0.000,kLegUpDown,0,1
0101011101001111010010011100,   148.606,   -45.917,   -31.116,   -89.394,  -123.517,   -31.116,  -207.394,  -125.917,   -20.000,   -27.394,   212.083,   -31.116,    30.606,   149.683,   -20.000,   177.555,    44.150,   -20.000,   148.606,   -45.917,   -31.116,   -89.394,  -123.517,   -31.116,  -113.137,  -113.137,   -31.116,   -27.394,   212.083,   -31.116,    -0.000,   160.000,   -31.116,   113.137,   113.137,   -31.116,   829.394,    86.917,   160.000,     1.000,     0.000,     0.000,     0.000,kComUpDown,0,1
0101011101001111010010011100,   148.606,   -45.917,   -31.116,   -89.394,  -123.517,   -31.116,  -207.394,  -125.917,   -20.000,   -27.394,   212.083,   -31.116,    30.606,   149.683,   -20.000,   177.555,    44.150,   -20.000,   148.606,   -45.917,   -31.116,   -89.394,  -123.517,   -31.116,  -113.137,  -113.137,   -31.116,   -27.394,   212.083,   -31.116,    -0.000,   160.000,   -31.116,   113.137,   113.137,   -31.116,   829.394,    86.917,   160.000,     1.000,     0.000,     0.000,     0.000,kComMove,0,1
0111010001001100010011001100,    91.909,  -105.633,   -31.116,  -146.091,  -183.233,   -31.116,  -207.394,  -125.917,   -20.000,   -84.091,   152.367,   -31.116,    30.606,   149.683,   -20.000,   177.555,    44.150,   -20.000,    91.909,  -105.633,   -31.116,  -146.091,  -183.233,   -31.116,  -113.137,  -113.137,   -31.116,   -84.091,   152.367,   -31.116,    -0.000,   160.000,   -31.116,   113.137,   113.137,   -31.116,   886.091,   146.633,   160.000,     1.000,     0.000,     0.000,     0.000,kLegHierarchyChange,0,1
0111010000011100011111001100,    91.909,  -105.633,   -31.116,  -146.091,  -183.233,   -31.116,  -207.394,  -125.917,   -20.000,   -84.091,   152.367,   -31.116,    30.606,   149.683,   -20.000,   177.555,    44.150,   -20.000,    91.909,  -105.633,   -31.116,  -146.091,  -183.233,   -31.116,  -113.137,  -113.137,   -31.116,   -84.091,   152.367,   -31.116,    -0.000,   160.000,   -31.116,   113.137,   113.137,   -31.116,   886.091,   146.633,   160.000,     1.000,     0.000,     0.000,     0.000,kLegUpDown,0,1
0111110010010100111101000100,    91.909,  -105.633,   -20.000,  -146.091,  -183.233,   -20.000,   -24.091,  -165.633,   -31.116,   -84.091,   152.367,   -20.000,   -86.091,   129.967,   -31.116,   111.909,   112.367,   -31.116,   113.137,  -113.137,   -31.116,    -0.000,  -160.000,   -31.116,   -24.091,  -165.633,   -31.116,  -113.137,   113.137,   -31.116,   -86.091,   129.967,   -31.116,   111.909,   112.367,   -31.116,   886.091,   146.633,   160.000,     1.000,     0.000,     0.000,     0.000,kComUpDown,0,1
0111110010010100111101000100,    91.909,  -105.633,   -20.000,  -146.091,  -183.233,   -20.000,   -24.091,  -165.633,   -31.116,   -84.091,   152.367,   -20.000,   -86.091,   129.967,   -31.116,   111.909,   112.367,   -31.116,   113.137,  -113.137,   -31.116,    -0.000,  -160.000,   -31.116,   -24.091,  -165.633,   -31.116,  -113.137,   113.137,   -31.116,   -86.091,   129.967,   -31.116,   111.909,   112.367,   -31.116,   886.091,   146.633,   160.000,     1.000,     0.000,     0.000,     0.000,kComMove,0,1
0111110011000100110001000100,    91.909,  -105.633,   -20.000,  -146.091,  -183.233,   -20.000,   -56.138,  -148.467,   -31.116,   -84.091,   152.367,   -20.000,  -118.138,   147.133,   -31.116,    79.862,   129.533,   -31.116,   113.137,  -113.137,   -31.116,    -0.000,  -160.000,   -31.116,   -56.138,  -148.467,   -31.116,  -113.137,   113.137,   -31.116,  -118.138,   147.133,   -31.116,    79.862,   129.533,   -31.116,   918.138,   129.467,   160.000,     1.000,     0.000,     0.000,     0.000,kLegHierarchyChange,0,1
0111110011000111110001010111,    91.909,  -105.633,   -20.000,  -146.091,  -183.233,   -20.000,   -56.138,  -148.467,   -31.116,   -84.091,   152.367,   -20.000,  -118.138,   147.133,   -31.116,    79.862,   129.533,   -31.116,   113.137,  -113.137,   -31.116,    -0.000,  -160.000,   -31.116,   -56.138,  -148.467,   -31.116,  -113.137,   113.137,   -31.116,  -118.138,   147.133,   -31.116,    79.862,   129.533,   -31.116,   918.138,   129.467,   160.000,     1.000,     0.000,     0.000,     0.000,kLegUpDown,0,1
0111110001001111010011010111,    91.909,  -105.633,   -20.000,    81.862,  -126.067,   -31.116,   -56.138,  -148.467,   -20.000,   -56.138,   209.533,   -31.116,  -118.138,   147.133,   -20.000,    79.862,   129.533,   -31.116,   113.137,  -113.137,   -31.116,    81.862,  -126.067,   -31.116,  -113.137,  -113.137,   -31.116,   -56.138,   209.533,   -31.116,    -0.000,   160.000,   -31.116,    79.862,   129.533,   -31.116,   918.138,   129.467,   160.000,     1.000,     0.000,     0.000,     0.000,kComUpDown,0,1
0111110001001111010011010111,    91.909,  -105.633,   -20.000,    81.862,  -126.067,   -31.116,   -56.138,  -148.467,   -20.000,   -56.138,   209.533,   -31.116,  -118.138,   147.133,   -20.000,    79.862,   129.533,   -31.116,   113.137,  -113.137,   -31.116,    81.862,  -126.067,   -31.116,  -113.137,  -113.137,   -31.116,   -56.138,   209.533,   -31.116,    -0.000,   160.000,   -31.116,    79.862,   129.533,   -31.116,   918.138,   129.467,   160.000,     1.000,     0.000,     0.000,     0.000,kComMove,0,1
0111110001001100010011000100,    91.909,  -105.633,   -20.000,    88.540,  -138.395,   -31.116,   -56.138,  -148.467,   -20.000,   -49.460,   197.205,   -31.116,  -118.138,   147.133,   -20.000,    86.540,   117.205,   -31.116,   113.137,  -113.137,   -31.116,    88.540,  -138.395,   -31.116,  -113.137,  -113.137,   -31.116,   -49.460,   197.205,   -31.116,    -0.000,   160.000,   -31.116,    86.540,   117.205,   -31.116,   911.460,   141.795,   160.000,     1.000,     0.000,     0.000,     0.000,kLegHierarchyChange,0,1
0111110001001100000111000111,    91.909,  -105.633,   -20.000,    88.540,  -138.395,   -31.116,   -56.138,  -148.467,   -20.000,   -49.460,   197.205,   -31.116,  -118.138,   147.133,   -20.000,    86.540,   117.205,   -31.116,   113.137,  -113.137,   -31.116,    88.540,  -138.395,   -31.116,  -113.137,  -113.137,   -31.116,   -49.460,   197.205,   -31.116,    -0.000,   160.000,   -31.116,    86.540,   117.205,   -31.116,   911.460,   141.795,   160.000,     1.000,     0.000,     0.000,     0.000,kLegUpDown,0,1
0111010011000100100101001111,   226.540,   -20.795,   -31.116,    88.540,  -138.395,   -20.000,  -149.460,   -20.795,   -31.116,   -49.460,   197.205,   -20.000,     8.540,   154.805,   -31.116,    86.540,   117.205,   -20.000,   226.540,   -20.795,   -31.116,    -0.000,  -160.000,   -31.116,  -149.460,   -20.795,   -31.116,  -113.137,   113.137,   -31.116,     8.540,   154.805,   -31.116,   113.137,   113.137,   -31.116,   911.460,   141.795,   160.000,     1.000,     0.000,     0.000,     0.000,kComUpDown,0,1
0111010011000100100101001111,   226.540,   -20.795,   -31.116,    88.540,  -138.395,   -20.000,  -149.460,   -20.795,   -31.116,   -49.460,   197.205,   -20.000,     8.540,   154.805,   -31.116,    86.540,   117.205,   -20.000,   226.540,   -20.795,   -31.116,    -0.000,  -160.000,   -31.116,  -149.460,   -20.795,   -31.116,  -113.137,   113.137,   -31.116,     8.540,   154.805,   -31.116,   113.137,   113.137,   -31.116,   911.460,   141.795,   160.000,     1.000,     0.000,     0.000,     0.000,kComMove,0,1
0010010011000100110001001100,   137.584,   -30.836,   -31.116,    88.540,  -138.395,   -20.000,  -238.416,   -30.836,   -31.116,   -49.460,   197.205,   -20.000,   -80.416,   144.764,   -31.116,    86.540,   117.205,   -20.000,   137.584,   -30.836,   -31.116,    -0.000,  -160.000,   -31.116,  -238.416,   -30.836,   -31.116,  -113.137,   113.137,   -31.116,   -80.416,   144.764,   -31.116,   113.137,   113.137,   -31.116,  1000.416,   151.836,   160.000,     1.000,     0.000,     0.000,     0.000,kLegHierarchyChange,0,1
0010010011000001110001001100,   137.584,   -30.836,   -31.116,    88.540,  -138.395,   -20.000,  -238.416,   -30.836,   -31.116,   -49.460,   197.205,   -20.000,   -80.416,   144.764,   -31.116,    86.540,   117.205,   -20.000,   137.584,   -30.836,   -31.116,    -0.000,  -160.000,   -31.116,  -238.416,   -30.836,   -31.116,  -113.137,   113.137,   -31.116,   -80.416,   144.764,   -31.116,   113.137,   113.137,   -31.116,  1000.416,   151.836,   160.000,     1.000,     0.000,     0.000,     0.000,kLegUpDown,0,1
0010110001001001010011000100,   137.584,   -30.836,   -20.000,    -0.416,  -168.436,   -31.116,  -238.416,   -30.836,   -20.000,  -138.416,    27.164,   -31.116,   -80.416,   144.764,   -20.000,   117.584,   107.164,   -31.116,   113.137,  -113.137,   -31.116,    -0.416,  -168.436,   -31.116,  -113.137,  -113.137,   -31.116,  -138.416,    27.164,   -31.116,    -0.000,   160.000,   -31.116,   117.584,   107.164,   -31.116,  1000.416,   151.836,   160.000,     1.000,     0.000,     0.000,     0.000,kComUpDown,0,1
0010110001001001010011000100,   137.584,   -30.836,   -20.000,    -0.416,  -168.436,   -31.116,  -238.416,   -30.836,   -20.000,  -138.416,    27.164,   -31.116,   -80.416,   144.764,   -20.000,   117.584,   107.164,   -31.116,   113.137,  -113.137,   -31.116,    -0.416,  -168.436,   -31.116,  -113.137,  -113.137,   -31.116,  -138.416,    27.164,   -31.116,    -0.000,   160.000,   -31.116,   117.584,   107.164,   -31.116,  1000.416,   151.836,   160.000,     1.000,     0.000,     0.000,     0.000,kComMove,0,1
0010110001001100010011000100,   137.584,   -30.836,   -20.000,   -90.331,  -118.675,   -31.116,  -238.416,   -30.836,   -20.000,  -228.331,    76.925,   -31.116,   -80.416,   144.764,   -20.000,    27.669,   156.925,   -31.116,   113.137,  -113.137,   -31.116,   -90.331,  -118.675,   -31.116,  -113.137,  -113.137,   -31.116,  -228.331,    76.925,   -31.116,    -0.000,   160.000,   -31.116,    27.669,   156.925,   -31.116,  1090.331,   102.075,   160.000,     1.000,     0.000,     0.000,     0.000,kLegHierarchyChange,0,1
0010110001111100010111000100,   137.584,   -30.836,   -20.000,   -90.331,  -118.675,   -31.116,  -238.416,   -30.836,   -20.000,  -228.331,    76.925,   -31.116,   -80.416,   144.764,   -20.000,    27.669,   156.925,   -31.116,   113.137,  -113.137,   -31.116,   -90.331,  -118.675,   -31.116,  -113.137,  -113.137,   -31.116,  -228.331,    76.925,   -31.116,    -0.000,   160.000,   -31.116,    27.669,   156.925,   -31.116,  1090.331,   102.075,   160.000,     1.000,     0.000,     0.000,     0.000,kLegUpDown,0,1
0010010011110100110101001100,   107.669,  -121.075,   -31.116,   -90.331,  -118.675,   -20.000,   -28.331,  -141.075,   -31.116,  -228.331,    76.925,   -20.000,   109.669,   154.525,   -31.116,    27.669,   156.925,   -20.000,   107.669,  -121.075,   -31.116,    -0.000,  -160.000,   -31.116,   -28.331,  -141.075,   -31.116,  -113.137,   113.137,   -31.116,   109.669,   154.525,   -31.116,   113.137,   113.137,   -31.116,  1090.331,   102.075,   160.000,     1.000,     0.000,     0.000,     0.000,kComUpDown,0,1
0010010011110100110101001100,   107.669,  -121.075,   -31.116,   -90.331,  -118.675,   -20.000,   -28.331,  -141.075,   -31.116,  -228.331,    76.925,   -20.000,   109.669,   154.525,   -31.116,    27.669,   156.925,   -20.000,   107.669,  -121.075,   -31.116,    -0.000,  -160.000,   -31.116,   -28.331,  -141.075,   -31.116,  -113.137,   113.137,   -31.116,   109.669,   154.525,   -31.116,   113.137,   113.137,   -31.116,  1090.331,   102.075,   160.000,     1.000,     0.000,     0.000,     0.000,kComMove,0,1
0001010011000100110001001100,    80.463,  -138.678,   -31.116,   -90.331,  -118.675,   -20.000,   -55.537,  -158.678,   -31.116,  -228.331,    76.925,   -20.000,    82.463,   136.922,   -31.116,    27.669,   156.925,   -20.000,    80.463,  -138.678,   -31.116,    -0.000,  -160.000,   -31.116,   -55.537,  -158.678,   -31.116,  -113.137,   113.137,   -31.116,    82.463,   136.922,   -31.116,   113.137,   113.137,   -31.116,  1117.537,   119.678,   160.000,     1.000,     0.000,     0.000,     0.000,kLegHierarchyChange,0,1
0001011111000111110001001100,    80.463,  -138.678,   -31.116,   -90.331,  -118.675,   -20.000,   -55.537,  -158.678,   -31.116,  -228.331,    76.925,   -20.000,    82.463,   136.922,   -31.116,    27.669,   156.925,   -20.000,    80.463,  -138.678,   -31.116,    -0.000,  -160.000,   -31.116,   -55.537,  -158.678,   -31.116,  -113.137,   113.137,   -31.116,    82.463,   136.922,   -31.116,   113.137,   113.137,   -31.116,  1117.537,   119.678,   160.000,     1.000,     0.000,     0.000,     0.000,kLegUpDown,0,1
0001111101001111010011000100,    80.463,  -138.678,   -20.000,     2.463,  -156.278,   -31.116,   -55.537,  -158.678,   -20.000,   -15.537,   159.322,   -31.116,    82.463,   136.922,   -20.000,   220.463,    19.322,   -31.116,   113.137,  -113.137,   -31.116,     2.463,  -156.278,   -31.116,  -113.137,  -113.137,   -31.116,   -15.537,   159.322,   -31.116,    -0.000,   160.000,   -31.116,   220.463,    19.322,   -31.116,  1117.537,   119.678,   160.000,     1.000,     0.000,     0.000,     0.000,kComUpDown,0,1
0001111101001111010011000100,    80.463,  -138.678,   -20.000,     2.463,  -156.278,   -31.116,   -55.537,  -158.678,   -20.000,   -15.537,   159.322,   -31.116,    82.463,   136.922,   -20.000,   220.463,    19.322,   -31.116,   113.137,  -113.137,   -31.116,     2.463,  -156.278,   -31.116,  -113.137,  -113.137,   -31.116,   -15.537,   159.322,   -31.116,    -0.000,   160.000,   -31.116,   220.463,    19.322,   -31.116,  1117.537,   119.678,   160.000,     1.000,     0.000,     0.000,     0.000,kComMove,0,1
0110110001001100010011000100,    80.463,  -138.678,   -20.000,   -85.833,  -114.783,   -31.116,   -55.537,  -158.678,   -20.000,  -103.833,   200.817,   -31.116,    82.463,   136.922,   -20.000,   132.167,    60.817,   -31.116,   113.137,  -113.137,   -31.116,   -85.833,  -114.783,   -31.116,  -113.137,  -113.137,   -31.116,  -103.833,   200.817,   -31.116,    -0.000,   160.000,   -31.116,   132.167,    60.817,   -31.116,  1205.833,    78.183,   160.000,     1.000,     0.000,     0.000,     0.000,kLegHierarchyChange,0,1
